sample	file
A3_1	/g/steinmetz/STOCKS/User_Dropboxes/moonen/demultiplexing_done/20250411_AV233701_20250410_CL_PS-library3-1/Demultiplexed/Samples/Moonen/A3-1_gRNA/A3-1_gRNA_R1.fastq.gz
A3_1	/g/steinmetz/STOCKS/User_Dropboxes/moonen/demultiplexing_done/20250411_AV233701_20250410_CL_PS-library3-1/Demultiplexed/Samples/Moonen/A3-1_gRNA/A3-1_gRNA_R2.fastq.gz
A3_1	/g/steinmetz/STOCKS/User_Dropboxes/moonen/demultiplexing_done/20250411_AV233701_20250410_CL_PS-library3-1/Demultiplexed/Samples/Moonen/A3-1_WTX/A3-1_WTX_R1.fastq.gz
A3_1	/g/steinmetz/STOCKS/User_Dropboxes/moonen/demultiplexing_done/20250411_AV233701_20250410_CL_PS-library3-1/Demultiplexed/Samples/Moonen/A3-1_WTX/A3-1_WTX_R2.fastq.gz
A3_1	/g/steinmetz/STOCKS/User_Dropboxes/moonen/demultiplexing_done/20250415_AV233701_20250415_CL_PS-library3-2/Demultiplexed/Samples/Moonen/A3-1_gRNA/A3-1_gRNA_R1.fastq.gz
A3_1	/g/steinmetz/STOCKS/User_Dropboxes/moonen/demultiplexing_done/20250415_AV233701_20250415_CL_PS-library3-2/Demultiplexed/Samples/Moonen/A3-1_gRNA/A3-1_gRNA_R2.fastq.gz
A3_1	/g/steinmetz/STOCKS/User_Dropboxes/moonen/demultiplexing_done/20250415_AV233701_20250415_CL_PS-library3-2/Demultiplexed/Samples/Moonen/A3-1_WTX/A3-1_WTX_R1.fastq.gz
A3_1	/g/steinmetz/STOCKS/User_Dropboxes/moonen/demultiplexing_done/20250415_AV233701_20250415_CL_PS-library3-2/Demultiplexed/Samples/Moonen/A3-1_WTX/A3-1_WTX_R2.fastq.gz
A3_1	/g/steinmetz/STOCKS/User_Dropboxes/moonen/demultiplexing_done/20250415_AV233701_20250415_CL_PS-library3-3/Demultiplexed/Samples/Moonen/A3-1_gRNA/A3-1_gRNA_R1.fastq.gz
A3_1	/g/steinmetz/STOCKS/User_Dropboxes/moonen/demultiplexing_done/20250415_AV233701_20250415_CL_PS-library3-3/Demultiplexed/Samples/Moonen/A3-1_gRNA/A3-1_gRNA_R2.fastq.gz
A3_1	/g/steinmetz/STOCKS/User_Dropboxes/moonen/demultiplexing_done/20250415_AV233701_20250415_CL_PS-library3-3/Demultiplexed/Samples/Moonen/A3-1_WTX/A3-1_WTX_R1.fastq.gz
A3_1	/g/steinmetz/STOCKS/User_Dropboxes/moonen/demultiplexing_done/20250415_AV233701_20250415_CL_PS-library3-3/Demultiplexed/Samples/Moonen/A3-1_WTX/A3-1_WTX_R2.fastq.gz
A3_1	/g/steinmetz/STOCKS/User_Dropboxes/moonen/demultiplexing_done/20250424_AV233701_20250424_CL_PS-library3-4/Demultiplexed/Samples/Moonen/A3-1_gRNA/A3-1_gRNA_R1.fastq.gz
A3_1	/g/steinmetz/STOCKS/User_Dropboxes/moonen/demultiplexing_done/20250424_AV233701_20250424_CL_PS-library3-4/Demultiplexed/Samples/Moonen/A3-1_gRNA/A3-1_gRNA_R2.fastq.gz
A3_1	/g/steinmetz/STOCKS/User_Dropboxes/moonen/demultiplexing_done/20250424_AV233701_20250424_CL_PS-library3-4/Demultiplexed/Samples/Moonen/A3-1_WTX/A3-1_WTX_R1.fastq.gz
A3_1	/g/steinmetz/STOCKS/User_Dropboxes/moonen/demultiplexing_done/20250424_AV233701_20250424_CL_PS-library3-4/Demultiplexed/Samples/Moonen/A3-1_WTX/A3-1_WTX_R2.fastq.gz
A3_1	/g/steinmetz/STOCKS/User_Dropboxes/moonen/demultiplexing_done/20250424_AV233701_20250424_CL_PS-library3-5/Demultiplexed/Samples/Moonen/A3-1_gRNA/A3-1_gRNA_R1.fastq.gz
A3_1	/g/steinmetz/STOCKS/User_Dropboxes/moonen/demultiplexing_done/20250424_AV233701_20250424_CL_PS-library3-5/Demultiplexed/Samples/Moonen/A3-1_gRNA/A3-1_gRNA_R2.fastq.gz
A3_1	/g/steinmetz/STOCKS/User_Dropboxes/moonen/demultiplexing_done/20250424_AV233701_20250424_CL_PS-library3-5/Demultiplexed/Samples/Moonen/A3-1_WTX/A3-1_WTX_R1.fastq.gz
A3_1	/g/steinmetz/STOCKS/User_Dropboxes/moonen/demultiplexing_done/20250424_AV233701_20250424_CL_PS-library3-5/Demultiplexed/Samples/Moonen/A3-1_WTX/A3-1_WTX_R2.fastq.gz
A3_1	/g/steinmetz/STOCKS/User_Dropboxes/moonen/demultiplexing_done/20250430_AV233701_20250430_CL_PS-lib3-6/Demultiplexed/Samples/Moonen/A3-1_gRNA/A3-1_gRNA_R1.fastq.gz
A3_1	/g/steinmetz/STOCKS/User_Dropboxes/moonen/demultiplexing_done/20250430_AV233701_20250430_CL_PS-lib3-6/Demultiplexed/Samples/Moonen/A3-1_gRNA/A3-1_gRNA_R2.fastq.gz
A3_1	/g/steinmetz/STOCKS/User_Dropboxes/moonen/demultiplexing_done/20250430_AV233701_20250430_CL_PS-lib3-6/Demultiplexed/Samples/Moonen/A3-1_WTX/A3-1_WTX_R1.fastq.gz
A3_1	/g/steinmetz/STOCKS/User_Dropboxes/moonen/demultiplexing_done/20250430_AV233701_20250430_CL_PS-lib3-6/Demultiplexed/Samples/Moonen/A3-1_WTX/A3-1_WTX_R2.fastq.gz
A3_1	/g/steinmetz/STOCKS/User_Dropboxes/moonen/demultiplexing_done/20250430_AV233701_20250430_CL_PS-lib3-7/Demultiplexed/Samples/Moonen/A3-1_gRNA/A3-1_gRNA_R1.fastq.gz
A3_1	/g/steinmetz/STOCKS/User_Dropboxes/moonen/demultiplexing_done/20250430_AV233701_20250430_CL_PS-lib3-7/Demultiplexed/Samples/Moonen/A3-1_gRNA/A3-1_gRNA_R2.fastq.gz
A3_1	/g/steinmetz/STOCKS/User_Dropboxes/moonen/demultiplexing_done/20250430_AV233701_20250430_CL_PS-lib3-7/Demultiplexed/Samples/Moonen/A3-1_WTX/A3-1_WTX_R1.fastq.gz
A3_1	/g/steinmetz/STOCKS/User_Dropboxes/moonen/demultiplexing_done/20250430_AV233701_20250430_CL_PS-lib3-7/Demultiplexed/Samples/Moonen/A3-1_WTX/A3-1_WTX_R2.fastq.gz
A3_1	/g/steinmetz/STOCKS/User_Dropboxes/moonen/demultiplexing_done/20250502_AV233701_Dewi-PS-library3-8/Demultiplexed/Samples/Moonen/A3-1_gRNA/A3-1_gRNA_R1.fastq.gz
A3_1	/g/steinmetz/STOCKS/User_Dropboxes/moonen/demultiplexing_done/20250502_AV233701_Dewi-PS-library3-8/Demultiplexed/Samples/Moonen/A3-1_gRNA/A3-1_gRNA_R2.fastq.gz
A3_1	/g/steinmetz/STOCKS/User_Dropboxes/moonen/demultiplexing_done/20250502_AV233701_Dewi-PS-library3-8/Demultiplexed/Samples/Moonen/A3-1_WTX/A3-1_WTX_R1.fastq.gz
A3_1	/g/steinmetz/STOCKS/User_Dropboxes/moonen/demultiplexing_done/20250502_AV233701_Dewi-PS-library3-8/Demultiplexed/Samples/Moonen/A3-1_WTX/A3-1_WTX_R2.fastq.gz
A3_1	/g/steinmetz/STOCKS/User_Dropboxes/moonen/demultiplexing_done/20250502_AV233701_Dewi-PS-library3-9/Demultiplexed/Samples/Moonen/A3-1_gRNA/A3-1_gRNA_R1.fastq.gz
A3_1	/g/steinmetz/STOCKS/User_Dropboxes/moonen/demultiplexing_done/20250502_AV233701_Dewi-PS-library3-9/Demultiplexed/Samples/Moonen/A3-1_gRNA/A3-1_gRNA_R2.fastq.gz
A3_1	/g/steinmetz/STOCKS/User_Dropboxes/moonen/demultiplexing_done/20250502_AV233701_Dewi-PS-library3-9/Demultiplexed/Samples/Moonen/A3-1_WTX/A3-1_WTX_R1.fastq.gz
A3_1	/g/steinmetz/STOCKS/User_Dropboxes/moonen/demultiplexing_done/20250502_AV233701_Dewi-PS-library3-9/Demultiplexed/Samples/Moonen/A3-1_WTX/A3-1_WTX_R2.fastq.gz
A3_1	/g/steinmetz/STOCKS/User_Dropboxes/moonen/demultiplexing_done/20250505_AV233701_Dewi-PS-library3-10/Demultiplexed/Samples/Moonen/A3-1_gRNA/A3-1_gRNA_R1.fastq.gz
A3_1	/g/steinmetz/STOCKS/User_Dropboxes/moonen/demultiplexing_done/20250505_AV233701_Dewi-PS-library3-10/Demultiplexed/Samples/Moonen/A3-1_gRNA/A3-1_gRNA_R2.fastq.gz
A3_1	/g/steinmetz/STOCKS/User_Dropboxes/moonen/demultiplexing_done/20250505_AV233701_Dewi-PS-library3-10/Demultiplexed/Samples/Moonen/A3-1_WTX/A3-1_WTX_R1.fastq.gz
A3_1	/g/steinmetz/STOCKS/User_Dropboxes/moonen/demultiplexing_done/20250505_AV233701_Dewi-PS-library3-10/Demultiplexed/Samples/Moonen/A3-1_WTX/A3-1_WTX_R2.fastq.gz
A3_1	/g/steinmetz/STOCKS/User_Dropboxes/moonen/demultiplexing_done/20250505_AV233701_Dewi-PS-library3-11/Demultiplexed/Samples/Moonen/A3-1_gRNA/A3-1_gRNA_R1.fastq.gz
A3_1	/g/steinmetz/STOCKS/User_Dropboxes/moonen/demultiplexing_done/20250505_AV233701_Dewi-PS-library3-11/Demultiplexed/Samples/Moonen/A3-1_gRNA/A3-1_gRNA_R2.fastq.gz
A3_1	/g/steinmetz/STOCKS/User_Dropboxes/moonen/demultiplexing_done/20250505_AV233701_Dewi-PS-library3-11/Demultiplexed/Samples/Moonen/A3-1_WTX/A3-1_WTX_R1.fastq.gz
A3_1	/g/steinmetz/STOCKS/User_Dropboxes/moonen/demultiplexing_done/20250505_AV233701_Dewi-PS-library3-11/Demultiplexed/Samples/Moonen/A3-1_WTX/A3-1_WTX_R2.fastq.gz
A3_1	/g/steinmetz/STOCKS/User_Dropboxes/moonen/demultiplexing_done/20250506_AV233701_Dewi-PS-library3-12/Demultiplexed/Samples/Moonen/A3-1_gRNA/A3-1_gRNA_R1.fastq.gz
A3_1	/g/steinmetz/STOCKS/User_Dropboxes/moonen/demultiplexing_done/20250506_AV233701_Dewi-PS-library3-12/Demultiplexed/Samples/Moonen/A3-1_gRNA/A3-1_gRNA_R2.fastq.gz
A3_1	/g/steinmetz/STOCKS/User_Dropboxes/moonen/demultiplexing_done/20250506_AV233701_Dewi-PS-library3-12/Demultiplexed/Samples/Moonen/A3-1_WTX/A3-1_WTX_R1.fastq.gz
A3_1	/g/steinmetz/STOCKS/User_Dropboxes/moonen/demultiplexing_done/20250506_AV233701_Dewi-PS-library3-12/Demultiplexed/Samples/Moonen/A3-1_WTX/A3-1_WTX_R2.fastq.gz
A3_2	/g/steinmetz/STOCKS/User_Dropboxes/moonen/demultiplexing_done/20250411_AV233701_20250410_CL_PS-library3-1/Demultiplexed/Samples/Moonen/A3-2_gRNA/A3-2_gRNA_R1.fastq.gz
A3_2	/g/steinmetz/STOCKS/User_Dropboxes/moonen/demultiplexing_done/20250411_AV233701_20250410_CL_PS-library3-1/Demultiplexed/Samples/Moonen/A3-2_gRNA/A3-2_gRNA_R2.fastq.gz
A3_2	/g/steinmetz/STOCKS/User_Dropboxes/moonen/demultiplexing_done/20250411_AV233701_20250410_CL_PS-library3-1/Demultiplexed/Samples/Moonen/A3-2_WTX/A3-2_WTX_R1.fastq.gz
A3_2	/g/steinmetz/STOCKS/User_Dropboxes/moonen/demultiplexing_done/20250411_AV233701_20250410_CL_PS-library3-1/Demultiplexed/Samples/Moonen/A3-2_WTX/A3-2_WTX_R2.fastq.gz
A3_2	/g/steinmetz/STOCKS/User_Dropboxes/moonen/demultiplexing_done/20250415_AV233701_20250415_CL_PS-library3-2/Demultiplexed/Samples/Moonen/A3-2_gRNA/A3-2_gRNA_R1.fastq.gz
A3_2	/g/steinmetz/STOCKS/User_Dropboxes/moonen/demultiplexing_done/20250415_AV233701_20250415_CL_PS-library3-2/Demultiplexed/Samples/Moonen/A3-2_gRNA/A3-2_gRNA_R2.fastq.gz
A3_2	/g/steinmetz/STOCKS/User_Dropboxes/moonen/demultiplexing_done/20250415_AV233701_20250415_CL_PS-library3-2/Demultiplexed/Samples/Moonen/A3-2_WTX/A3-2_WTX_R1.fastq.gz
A3_2	/g/steinmetz/STOCKS/User_Dropboxes/moonen/demultiplexing_done/20250415_AV233701_20250415_CL_PS-library3-2/Demultiplexed/Samples/Moonen/A3-2_WTX/A3-2_WTX_R2.fastq.gz
A3_2	/g/steinmetz/STOCKS/User_Dropboxes/moonen/demultiplexing_done/20250415_AV233701_20250415_CL_PS-library3-3/Demultiplexed/Samples/Moonen/A3-2_gRNA/A3-2_gRNA_R1.fastq.gz
A3_2	/g/steinmetz/STOCKS/User_Dropboxes/moonen/demultiplexing_done/20250415_AV233701_20250415_CL_PS-library3-3/Demultiplexed/Samples/Moonen/A3-2_gRNA/A3-2_gRNA_R2.fastq.gz
A3_2	/g/steinmetz/STOCKS/User_Dropboxes/moonen/demultiplexing_done/20250415_AV233701_20250415_CL_PS-library3-3/Demultiplexed/Samples/Moonen/A3-2_WTX/A3-2_WTX_R1.fastq.gz
A3_2	/g/steinmetz/STOCKS/User_Dropboxes/moonen/demultiplexing_done/20250415_AV233701_20250415_CL_PS-library3-3/Demultiplexed/Samples/Moonen/A3-2_WTX/A3-2_WTX_R2.fastq.gz
A3_2	/g/steinmetz/STOCKS/User_Dropboxes/moonen/demultiplexing_done/20250424_AV233701_20250424_CL_PS-library3-4/Demultiplexed/Samples/Moonen/A3-2_gRNA/A3-2_gRNA_R1.fastq.gz
A3_2	/g/steinmetz/STOCKS/User_Dropboxes/moonen/demultiplexing_done/20250424_AV233701_20250424_CL_PS-library3-4/Demultiplexed/Samples/Moonen/A3-2_gRNA/A3-2_gRNA_R2.fastq.gz
A3_2	/g/steinmetz/STOCKS/User_Dropboxes/moonen/demultiplexing_done/20250424_AV233701_20250424_CL_PS-library3-4/Demultiplexed/Samples/Moonen/A3-2_WTX/A3-2_WTX_R1.fastq.gz
A3_2	/g/steinmetz/STOCKS/User_Dropboxes/moonen/demultiplexing_done/20250424_AV233701_20250424_CL_PS-library3-4/Demultiplexed/Samples/Moonen/A3-2_WTX/A3-2_WTX_R2.fastq.gz
A3_2	/g/steinmetz/STOCKS/User_Dropboxes/moonen/demultiplexing_done/20250424_AV233701_20250424_CL_PS-library3-5/Demultiplexed/Samples/Moonen/A3-2_gRNA/A3-2_gRNA_R1.fastq.gz
A3_2	/g/steinmetz/STOCKS/User_Dropboxes/moonen/demultiplexing_done/20250424_AV233701_20250424_CL_PS-library3-5/Demultiplexed/Samples/Moonen/A3-2_gRNA/A3-2_gRNA_R2.fastq.gz
A3_2	/g/steinmetz/STOCKS/User_Dropboxes/moonen/demultiplexing_done/20250424_AV233701_20250424_CL_PS-library3-5/Demultiplexed/Samples/Moonen/A3-2_WTX/A3-2_WTX_R1.fastq.gz
A3_2	/g/steinmetz/STOCKS/User_Dropboxes/moonen/demultiplexing_done/20250424_AV233701_20250424_CL_PS-library3-5/Demultiplexed/Samples/Moonen/A3-2_WTX/A3-2_WTX_R2.fastq.gz
A3_2	/g/steinmetz/STOCKS/User_Dropboxes/moonen/demultiplexing_done/20250430_AV233701_20250430_CL_PS-lib3-6/Demultiplexed/Samples/Moonen/A3-2_gRNA/A3-2_gRNA_R1.fastq.gz
A3_2	/g/steinmetz/STOCKS/User_Dropboxes/moonen/demultiplexing_done/20250430_AV233701_20250430_CL_PS-lib3-6/Demultiplexed/Samples/Moonen/A3-2_gRNA/A3-2_gRNA_R2.fastq.gz
A3_2	/g/steinmetz/STOCKS/User_Dropboxes/moonen/demultiplexing_done/20250430_AV233701_20250430_CL_PS-lib3-6/Demultiplexed/Samples/Moonen/A3-2_WTX/A3-2_WTX_R1.fastq.gz
A3_2	/g/steinmetz/STOCKS/User_Dropboxes/moonen/demultiplexing_done/20250430_AV233701_20250430_CL_PS-lib3-6/Demultiplexed/Samples/Moonen/A3-2_WTX/A3-2_WTX_R2.fastq.gz
A3_2	/g/steinmetz/STOCKS/User_Dropboxes/moonen/demultiplexing_done/20250430_AV233701_20250430_CL_PS-lib3-7/Demultiplexed/Samples/Moonen/A3-2_gRNA/A3-2_gRNA_R1.fastq.gz
A3_2	/g/steinmetz/STOCKS/User_Dropboxes/moonen/demultiplexing_done/20250430_AV233701_20250430_CL_PS-lib3-7/Demultiplexed/Samples/Moonen/A3-2_gRNA/A3-2_gRNA_R2.fastq.gz
A3_2	/g/steinmetz/STOCKS/User_Dropboxes/moonen/demultiplexing_done/20250430_AV233701_20250430_CL_PS-lib3-7/Demultiplexed/Samples/Moonen/A3-2_WTX/A3-2_WTX_R1.fastq.gz
A3_2	/g/steinmetz/STOCKS/User_Dropboxes/moonen/demultiplexing_done/20250430_AV233701_20250430_CL_PS-lib3-7/Demultiplexed/Samples/Moonen/A3-2_WTX/A3-2_WTX_R2.fastq.gz
A3_2	/g/steinmetz/STOCKS/User_Dropboxes/moonen/demultiplexing_done/20250502_AV233701_Dewi-PS-library3-8/Demultiplexed/Samples/Moonen/A3-2_gRNA/A3-2_gRNA_R1.fastq.gz
A3_2	/g/steinmetz/STOCKS/User_Dropboxes/moonen/demultiplexing_done/20250502_AV233701_Dewi-PS-library3-8/Demultiplexed/Samples/Moonen/A3-2_gRNA/A3-2_gRNA_R2.fastq.gz
A3_2	/g/steinmetz/STOCKS/User_Dropboxes/moonen/demultiplexing_done/20250502_AV233701_Dewi-PS-library3-8/Demultiplexed/Samples/Moonen/A3-2_WTX/A3-2_WTX_R1.fastq.gz
A3_2	/g/steinmetz/STOCKS/User_Dropboxes/moonen/demultiplexing_done/20250502_AV233701_Dewi-PS-library3-8/Demultiplexed/Samples/Moonen/A3-2_WTX/A3-2_WTX_R2.fastq.gz
A3_2	/g/steinmetz/STOCKS/User_Dropboxes/moonen/demultiplexing_done/20250502_AV233701_Dewi-PS-library3-9/Demultiplexed/Samples/Moonen/A3-2_gRNA/A3-2_gRNA_R1.fastq.gz
A3_2	/g/steinmetz/STOCKS/User_Dropboxes/moonen/demultiplexing_done/20250502_AV233701_Dewi-PS-library3-9/Demultiplexed/Samples/Moonen/A3-2_gRNA/A3-2_gRNA_R2.fastq.gz
A3_2	/g/steinmetz/STOCKS/User_Dropboxes/moonen/demultiplexing_done/20250502_AV233701_Dewi-PS-library3-9/Demultiplexed/Samples/Moonen/A3-2_WTX/A3-2_WTX_R1.fastq.gz
A3_2	/g/steinmetz/STOCKS/User_Dropboxes/moonen/demultiplexing_done/20250502_AV233701_Dewi-PS-library3-9/Demultiplexed/Samples/Moonen/A3-2_WTX/A3-2_WTX_R2.fastq.gz
A3_2	/g/steinmetz/STOCKS/User_Dropboxes/moonen/demultiplexing_done/20250505_AV233701_Dewi-PS-library3-10/Demultiplexed/Samples/Moonen/A3-2_gRNA/A3-2_gRNA_R1.fastq.gz
A3_2	/g/steinmetz/STOCKS/User_Dropboxes/moonen/demultiplexing_done/20250505_AV233701_Dewi-PS-library3-10/Demultiplexed/Samples/Moonen/A3-2_gRNA/A3-2_gRNA_R2.fastq.gz
A3_2	/g/steinmetz/STOCKS/User_Dropboxes/moonen/demultiplexing_done/20250505_AV233701_Dewi-PS-library3-10/Demultiplexed/Samples/Moonen/A3-2_WTX/A3-2_WTX_R1.fastq.gz
A3_2	/g/steinmetz/STOCKS/User_Dropboxes/moonen/demultiplexing_done/20250505_AV233701_Dewi-PS-library3-10/Demultiplexed/Samples/Moonen/A3-2_WTX/A3-2_WTX_R2.fastq.gz
A3_2	/g/steinmetz/STOCKS/User_Dropboxes/moonen/demultiplexing_done/20250505_AV233701_Dewi-PS-library3-11/Demultiplexed/Samples/Moonen/A3-2_gRNA/A3-2_gRNA_R1.fastq.gz
A3_2	/g/steinmetz/STOCKS/User_Dropboxes/moonen/demultiplexing_done/20250505_AV233701_Dewi-PS-library3-11/Demultiplexed/Samples/Moonen/A3-2_gRNA/A3-2_gRNA_R2.fastq.gz
A3_2	/g/steinmetz/STOCKS/User_Dropboxes/moonen/demultiplexing_done/20250505_AV233701_Dewi-PS-library3-11/Demultiplexed/Samples/Moonen/A3-2_WTX/A3-2_WTX_R1.fastq.gz
A3_2	/g/steinmetz/STOCKS/User_Dropboxes/moonen/demultiplexing_done/20250505_AV233701_Dewi-PS-library3-11/Demultiplexed/Samples/Moonen/A3-2_WTX/A3-2_WTX_R2.fastq.gz
A3_2	/g/steinmetz/STOCKS/User_Dropboxes/moonen/demultiplexing_done/20250506_AV233701_Dewi-PS-library3-12/Demultiplexed/Samples/Moonen/A3-2_gRNA/A3-2_gRNA_R1.fastq.gz
A3_2	/g/steinmetz/STOCKS/User_Dropboxes/moonen/demultiplexing_done/20250506_AV233701_Dewi-PS-library3-12/Demultiplexed/Samples/Moonen/A3-2_gRNA/A3-2_gRNA_R2.fastq.gz
A3_2	/g/steinmetz/STOCKS/User_Dropboxes/moonen/demultiplexing_done/20250506_AV233701_Dewi-PS-library3-12/Demultiplexed/Samples/Moonen/A3-2_WTX/A3-2_WTX_R1.fastq.gz
A3_2	/g/steinmetz/STOCKS/User_Dropboxes/moonen/demultiplexing_done/20250506_AV233701_Dewi-PS-library3-12/Demultiplexed/Samples/Moonen/A3-2_WTX/A3-2_WTX_R2.fastq.gz
A3_3	/g/steinmetz/STOCKS/User_Dropboxes/moonen/demultiplexing_done/20250411_AV233701_20250410_CL_PS-library3-1/Demultiplexed/Samples/Moonen/A3-3_gRNA/A3-3_gRNA_R1.fastq.gz
A3_3	/g/steinmetz/STOCKS/User_Dropboxes/moonen/demultiplexing_done/20250411_AV233701_20250410_CL_PS-library3-1/Demultiplexed/Samples/Moonen/A3-3_gRNA/A3-3_gRNA_R2.fastq.gz
A3_3	/g/steinmetz/STOCKS/User_Dropboxes/moonen/demultiplexing_done/20250411_AV233701_20250410_CL_PS-library3-1/Demultiplexed/Samples/Moonen/A3-3_WTX/A3-3_WTX_R1.fastq.gz
A3_3	/g/steinmetz/STOCKS/User_Dropboxes/moonen/demultiplexing_done/20250411_AV233701_20250410_CL_PS-library3-1/Demultiplexed/Samples/Moonen/A3-3_WTX/A3-3_WTX_R2.fastq.gz
A3_3	/g/steinmetz/STOCKS/User_Dropboxes/moonen/demultiplexing_done/20250415_AV233701_20250415_CL_PS-library3-2/Demultiplexed/Samples/Moonen/A3-3_gRNA/A3-3_gRNA_R1.fastq.gz
A3_3	/g/steinmetz/STOCKS/User_Dropboxes/moonen/demultiplexing_done/20250415_AV233701_20250415_CL_PS-library3-2/Demultiplexed/Samples/Moonen/A3-3_gRNA/A3-3_gRNA_R2.fastq.gz
A3_3	/g/steinmetz/STOCKS/User_Dropboxes/moonen/demultiplexing_done/20250415_AV233701_20250415_CL_PS-library3-2/Demultiplexed/Samples/Moonen/A3-3_WTX/A3-3_WTX_R1.fastq.gz
A3_3	/g/steinmetz/STOCKS/User_Dropboxes/moonen/demultiplexing_done/20250415_AV233701_20250415_CL_PS-library3-2/Demultiplexed/Samples/Moonen/A3-3_WTX/A3-3_WTX_R2.fastq.gz
A3_3	/g/steinmetz/STOCKS/User_Dropboxes/moonen/demultiplexing_done/20250415_AV233701_20250415_CL_PS-library3-3/Demultiplexed/Samples/Moonen/A3-3_gRNA/A3-3_gRNA_R1.fastq.gz
A3_3	/g/steinmetz/STOCKS/User_Dropboxes/moonen/demultiplexing_done/20250415_AV233701_20250415_CL_PS-library3-3/Demultiplexed/Samples/Moonen/A3-3_gRNA/A3-3_gRNA_R2.fastq.gz
A3_3	/g/steinmetz/STOCKS/User_Dropboxes/moonen/demultiplexing_done/20250415_AV233701_20250415_CL_PS-library3-3/Demultiplexed/Samples/Moonen/A3-3_WTX/A3-3_WTX_R1.fastq.gz
A3_3	/g/steinmetz/STOCKS/User_Dropboxes/moonen/demultiplexing_done/20250415_AV233701_20250415_CL_PS-library3-3/Demultiplexed/Samples/Moonen/A3-3_WTX/A3-3_WTX_R2.fastq.gz
A3_3	/g/steinmetz/STOCKS/User_Dropboxes/moonen/demultiplexing_done/20250424_AV233701_20250424_CL_PS-library3-4/Demultiplexed/Samples/Moonen/A3-3_gRNA/A3-3_gRNA_R1.fastq.gz
A3_3	/g/steinmetz/STOCKS/User_Dropboxes/moonen/demultiplexing_done/20250424_AV233701_20250424_CL_PS-library3-4/Demultiplexed/Samples/Moonen/A3-3_gRNA/A3-3_gRNA_R2.fastq.gz
A3_3	/g/steinmetz/STOCKS/User_Dropboxes/moonen/demultiplexing_done/20250424_AV233701_20250424_CL_PS-library3-4/Demultiplexed/Samples/Moonen/A3-3_WTX/A3-3_WTX_R1.fastq.gz
A3_3	/g/steinmetz/STOCKS/User_Dropboxes/moonen/demultiplexing_done/20250424_AV233701_20250424_CL_PS-library3-4/Demultiplexed/Samples/Moonen/A3-3_WTX/A3-3_WTX_R2.fastq.gz
A3_3	/g/steinmetz/STOCKS/User_Dropboxes/moonen/demultiplexing_done/20250424_AV233701_20250424_CL_PS-library3-5/Demultiplexed/Samples/Moonen/A3-3_gRNA/A3-3_gRNA_R1.fastq.gz
A3_3	/g/steinmetz/STOCKS/User_Dropboxes/moonen/demultiplexing_done/20250424_AV233701_20250424_CL_PS-library3-5/Demultiplexed/Samples/Moonen/A3-3_gRNA/A3-3_gRNA_R2.fastq.gz
A3_3	/g/steinmetz/STOCKS/User_Dropboxes/moonen/demultiplexing_done/20250424_AV233701_20250424_CL_PS-library3-5/Demultiplexed/Samples/Moonen/A3-3_WTX/A3-3_WTX_R1.fastq.gz
A3_3	/g/steinmetz/STOCKS/User_Dropboxes/moonen/demultiplexing_done/20250424_AV233701_20250424_CL_PS-library3-5/Demultiplexed/Samples/Moonen/A3-3_WTX/A3-3_WTX_R2.fastq.gz
A3_3	/g/steinmetz/STOCKS/User_Dropboxes/moonen/demultiplexing_done/20250430_AV233701_20250430_CL_PS-lib3-6/Demultiplexed/Samples/Moonen/A3-3_gRNA/A3-3_gRNA_R1.fastq.gz
A3_3	/g/steinmetz/STOCKS/User_Dropboxes/moonen/demultiplexing_done/20250430_AV233701_20250430_CL_PS-lib3-6/Demultiplexed/Samples/Moonen/A3-3_gRNA/A3-3_gRNA_R2.fastq.gz
A3_3	/g/steinmetz/STOCKS/User_Dropboxes/moonen/demultiplexing_done/20250430_AV233701_20250430_CL_PS-lib3-6/Demultiplexed/Samples/Moonen/A3-3_WTX/A3-3_WTX_R1.fastq.gz
A3_3	/g/steinmetz/STOCKS/User_Dropboxes/moonen/demultiplexing_done/20250430_AV233701_20250430_CL_PS-lib3-6/Demultiplexed/Samples/Moonen/A3-3_WTX/A3-3_WTX_R2.fastq.gz
A3_3	/g/steinmetz/STOCKS/User_Dropboxes/moonen/demultiplexing_done/20250430_AV233701_20250430_CL_PS-lib3-7/Demultiplexed/Samples/Moonen/A3-3_gRNA/A3-3_gRNA_R1.fastq.gz
A3_3	/g/steinmetz/STOCKS/User_Dropboxes/moonen/demultiplexing_done/20250430_AV233701_20250430_CL_PS-lib3-7/Demultiplexed/Samples/Moonen/A3-3_gRNA/A3-3_gRNA_R2.fastq.gz
A3_3	/g/steinmetz/STOCKS/User_Dropboxes/moonen/demultiplexing_done/20250430_AV233701_20250430_CL_PS-lib3-7/Demultiplexed/Samples/Moonen/A3-3_WTX/A3-3_WTX_R1.fastq.gz
A3_3	/g/steinmetz/STOCKS/User_Dropboxes/moonen/demultiplexing_done/20250430_AV233701_20250430_CL_PS-lib3-7/Demultiplexed/Samples/Moonen/A3-3_WTX/A3-3_WTX_R2.fastq.gz
A3_3	/g/steinmetz/STOCKS/User_Dropboxes/moonen/demultiplexing_done/20250502_AV233701_Dewi-PS-library3-8/Demultiplexed/Samples/Moonen/A3-3_gRNA/A3-3_gRNA_R1.fastq.gz
A3_3	/g/steinmetz/STOCKS/User_Dropboxes/moonen/demultiplexing_done/20250502_AV233701_Dewi-PS-library3-8/Demultiplexed/Samples/Moonen/A3-3_gRNA/A3-3_gRNA_R2.fastq.gz
A3_3	/g/steinmetz/STOCKS/User_Dropboxes/moonen/demultiplexing_done/20250502_AV233701_Dewi-PS-library3-8/Demultiplexed/Samples/Moonen/A3-3_WTX/A3-3_WTX_R1.fastq.gz
A3_3	/g/steinmetz/STOCKS/User_Dropboxes/moonen/demultiplexing_done/20250502_AV233701_Dewi-PS-library3-8/Demultiplexed/Samples/Moonen/A3-3_WTX/A3-3_WTX_R2.fastq.gz
A3_3	/g/steinmetz/STOCKS/User_Dropboxes/moonen/demultiplexing_done/20250502_AV233701_Dewi-PS-library3-9/Demultiplexed/Samples/Moonen/A3-3_gRNA/A3-3_gRNA_R1.fastq.gz
A3_3	/g/steinmetz/STOCKS/User_Dropboxes/moonen/demultiplexing_done/20250502_AV233701_Dewi-PS-library3-9/Demultiplexed/Samples/Moonen/A3-3_gRNA/A3-3_gRNA_R2.fastq.gz
A3_3	/g/steinmetz/STOCKS/User_Dropboxes/moonen/demultiplexing_done/20250502_AV233701_Dewi-PS-library3-9/Demultiplexed/Samples/Moonen/A3-3_WTX/A3-3_WTX_R1.fastq.gz
A3_3	/g/steinmetz/STOCKS/User_Dropboxes/moonen/demultiplexing_done/20250502_AV233701_Dewi-PS-library3-9/Demultiplexed/Samples/Moonen/A3-3_WTX/A3-3_WTX_R2.fastq.gz
A3_3	/g/steinmetz/STOCKS/User_Dropboxes/moonen/demultiplexing_done/20250505_AV233701_Dewi-PS-library3-10/Demultiplexed/Samples/Moonen/A3-3_gRNA/A3-3_gRNA_R1.fastq.gz
A3_3	/g/steinmetz/STOCKS/User_Dropboxes/moonen/demultiplexing_done/20250505_AV233701_Dewi-PS-library3-10/Demultiplexed/Samples/Moonen/A3-3_gRNA/A3-3_gRNA_R2.fastq.gz
A3_3	/g/steinmetz/STOCKS/User_Dropboxes/moonen/demultiplexing_done/20250505_AV233701_Dewi-PS-library3-10/Demultiplexed/Samples/Moonen/A3-3_WTX/A3-3_WTX_R1.fastq.gz
A3_3	/g/steinmetz/STOCKS/User_Dropboxes/moonen/demultiplexing_done/20250505_AV233701_Dewi-PS-library3-10/Demultiplexed/Samples/Moonen/A3-3_WTX/A3-3_WTX_R2.fastq.gz
A3_3	/g/steinmetz/STOCKS/User_Dropboxes/moonen/demultiplexing_done/20250505_AV233701_Dewi-PS-library3-11/Demultiplexed/Samples/Moonen/A3-3_gRNA/A3-3_gRNA_R1.fastq.gz
A3_3	/g/steinmetz/STOCKS/User_Dropboxes/moonen/demultiplexing_done/20250505_AV233701_Dewi-PS-library3-11/Demultiplexed/Samples/Moonen/A3-3_gRNA/A3-3_gRNA_R2.fastq.gz
A3_3	/g/steinmetz/STOCKS/User_Dropboxes/moonen/demultiplexing_done/20250505_AV233701_Dewi-PS-library3-11/Demultiplexed/Samples/Moonen/A3-3_WTX/A3-3_WTX_R1.fastq.gz
A3_3	/g/steinmetz/STOCKS/User_Dropboxes/moonen/demultiplexing_done/20250505_AV233701_Dewi-PS-library3-11/Demultiplexed/Samples/Moonen/A3-3_WTX/A3-3_WTX_R2.fastq.gz
A3_3	/g/steinmetz/STOCKS/User_Dropboxes/moonen/demultiplexing_done/20250506_AV233701_Dewi-PS-library3-12/Demultiplexed/Samples/Moonen/A3-3_gRNA/A3-3_gRNA_R1.fastq.gz
A3_3	/g/steinmetz/STOCKS/User_Dropboxes/moonen/demultiplexing_done/20250506_AV233701_Dewi-PS-library3-12/Demultiplexed/Samples/Moonen/A3-3_gRNA/A3-3_gRNA_R2.fastq.gz
A3_3	/g/steinmetz/STOCKS/User_Dropboxes/moonen/demultiplexing_done/20250506_AV233701_Dewi-PS-library3-12/Demultiplexed/Samples/Moonen/A3-3_WTX/A3-3_WTX_R1.fastq.gz
A3_3	/g/steinmetz/STOCKS/User_Dropboxes/moonen/demultiplexing_done/20250506_AV233701_Dewi-PS-library3-12/Demultiplexed/Samples/Moonen/A3-3_WTX/A3-3_WTX_R2.fastq.gz
A3_4	/g/steinmetz/STOCKS/User_Dropboxes/moonen/demultiplexing_done/20250411_AV233701_20250410_CL_PS-library3-1/Demultiplexed/Samples/Moonen/A3-4_gRNA/A3-4_gRNA_R1.fastq.gz
A3_4	/g/steinmetz/STOCKS/User_Dropboxes/moonen/demultiplexing_done/20250411_AV233701_20250410_CL_PS-library3-1/Demultiplexed/Samples/Moonen/A3-4_gRNA/A3-4_gRNA_R2.fastq.gz
A3_4	/g/steinmetz/STOCKS/User_Dropboxes/moonen/demultiplexing_done/20250411_AV233701_20250410_CL_PS-library3-1/Demultiplexed/Samples/Moonen/A3-4_WTX/A3-4_WTX_R1.fastq.gz
A3_4	/g/steinmetz/STOCKS/User_Dropboxes/moonen/demultiplexing_done/20250411_AV233701_20250410_CL_PS-library3-1/Demultiplexed/Samples/Moonen/A3-4_WTX/A3-4_WTX_R2.fastq.gz
A3_4	/g/steinmetz/STOCKS/User_Dropboxes/moonen/demultiplexing_done/20250415_AV233701_20250415_CL_PS-library3-2/Demultiplexed/Samples/Moonen/A3-4_gRNA/A3-4_gRNA_R1.fastq.gz
A3_4	/g/steinmetz/STOCKS/User_Dropboxes/moonen/demultiplexing_done/20250415_AV233701_20250415_CL_PS-library3-2/Demultiplexed/Samples/Moonen/A3-4_gRNA/A3-4_gRNA_R2.fastq.gz
A3_4	/g/steinmetz/STOCKS/User_Dropboxes/moonen/demultiplexing_done/20250415_AV233701_20250415_CL_PS-library3-2/Demultiplexed/Samples/Moonen/A3-4_WTX/A3-4_WTX_R1.fastq.gz
A3_4	/g/steinmetz/STOCKS/User_Dropboxes/moonen/demultiplexing_done/20250415_AV233701_20250415_CL_PS-library3-2/Demultiplexed/Samples/Moonen/A3-4_WTX/A3-4_WTX_R2.fastq.gz
A3_4	/g/steinmetz/STOCKS/User_Dropboxes/moonen/demultiplexing_done/20250415_AV233701_20250415_CL_PS-library3-3/Demultiplexed/Samples/Moonen/A3-4_gRNA/A3-4_gRNA_R1.fastq.gz
A3_4	/g/steinmetz/STOCKS/User_Dropboxes/moonen/demultiplexing_done/20250415_AV233701_20250415_CL_PS-library3-3/Demultiplexed/Samples/Moonen/A3-4_gRNA/A3-4_gRNA_R2.fastq.gz
A3_4	/g/steinmetz/STOCKS/User_Dropboxes/moonen/demultiplexing_done/20250415_AV233701_20250415_CL_PS-library3-3/Demultiplexed/Samples/Moonen/A3-4_WTX/A3-4_WTX_R1.fastq.gz
A3_4	/g/steinmetz/STOCKS/User_Dropboxes/moonen/demultiplexing_done/20250415_AV233701_20250415_CL_PS-library3-3/Demultiplexed/Samples/Moonen/A3-4_WTX/A3-4_WTX_R2.fastq.gz
A3_4	/g/steinmetz/STOCKS/User_Dropboxes/moonen/demultiplexing_done/20250424_AV233701_20250424_CL_PS-library3-4/Demultiplexed/Samples/Moonen/A3-4_gRNA/A3-4_gRNA_R1.fastq.gz
A3_4	/g/steinmetz/STOCKS/User_Dropboxes/moonen/demultiplexing_done/20250424_AV233701_20250424_CL_PS-library3-4/Demultiplexed/Samples/Moonen/A3-4_gRNA/A3-4_gRNA_R2.fastq.gz
A3_4	/g/steinmetz/STOCKS/User_Dropboxes/moonen/demultiplexing_done/20250424_AV233701_20250424_CL_PS-library3-4/Demultiplexed/Samples/Moonen/A3-4_WTX/A3-4_WTX_R1.fastq.gz
A3_4	/g/steinmetz/STOCKS/User_Dropboxes/moonen/demultiplexing_done/20250424_AV233701_20250424_CL_PS-library3-4/Demultiplexed/Samples/Moonen/A3-4_WTX/A3-4_WTX_R2.fastq.gz
A3_4	/g/steinmetz/STOCKS/User_Dropboxes/moonen/demultiplexing_done/20250424_AV233701_20250424_CL_PS-library3-5/Demultiplexed/Samples/Moonen/A3-4_gRNA/A3-4_gRNA_R1.fastq.gz
A3_4	/g/steinmetz/STOCKS/User_Dropboxes/moonen/demultiplexing_done/20250424_AV233701_20250424_CL_PS-library3-5/Demultiplexed/Samples/Moonen/A3-4_gRNA/A3-4_gRNA_R2.fastq.gz
A3_4	/g/steinmetz/STOCKS/User_Dropboxes/moonen/demultiplexing_done/20250424_AV233701_20250424_CL_PS-library3-5/Demultiplexed/Samples/Moonen/A3-4_WTX/A3-4_WTX_R1.fastq.gz
A3_4	/g/steinmetz/STOCKS/User_Dropboxes/moonen/demultiplexing_done/20250424_AV233701_20250424_CL_PS-library3-5/Demultiplexed/Samples/Moonen/A3-4_WTX/A3-4_WTX_R2.fastq.gz
A3_4	/g/steinmetz/STOCKS/User_Dropboxes/moonen/demultiplexing_done/20250430_AV233701_20250430_CL_PS-lib3-6/Demultiplexed/Samples/Moonen/A3-4_gRNA/A3-4_gRNA_R1.fastq.gz
A3_4	/g/steinmetz/STOCKS/User_Dropboxes/moonen/demultiplexing_done/20250430_AV233701_20250430_CL_PS-lib3-6/Demultiplexed/Samples/Moonen/A3-4_gRNA/A3-4_gRNA_R2.fastq.gz
A3_4	/g/steinmetz/STOCKS/User_Dropboxes/moonen/demultiplexing_done/20250430_AV233701_20250430_CL_PS-lib3-6/Demultiplexed/Samples/Moonen/A3-4_WTX/A3-4_WTX_R1.fastq.gz
A3_4	/g/steinmetz/STOCKS/User_Dropboxes/moonen/demultiplexing_done/20250430_AV233701_20250430_CL_PS-lib3-6/Demultiplexed/Samples/Moonen/A3-4_WTX/A3-4_WTX_R2.fastq.gz
A3_4	/g/steinmetz/STOCKS/User_Dropboxes/moonen/demultiplexing_done/20250430_AV233701_20250430_CL_PS-lib3-7/Demultiplexed/Samples/Moonen/A3-4_gRNA/A3-4_gRNA_R1.fastq.gz
A3_4	/g/steinmetz/STOCKS/User_Dropboxes/moonen/demultiplexing_done/20250430_AV233701_20250430_CL_PS-lib3-7/Demultiplexed/Samples/Moonen/A3-4_gRNA/A3-4_gRNA_R2.fastq.gz
A3_4	/g/steinmetz/STOCKS/User_Dropboxes/moonen/demultiplexing_done/20250430_AV233701_20250430_CL_PS-lib3-7/Demultiplexed/Samples/Moonen/A3-4_WTX/A3-4_WTX_R1.fastq.gz
A3_4	/g/steinmetz/STOCKS/User_Dropboxes/moonen/demultiplexing_done/20250430_AV233701_20250430_CL_PS-lib3-7/Demultiplexed/Samples/Moonen/A3-4_WTX/A3-4_WTX_R2.fastq.gz
A3_4	/g/steinmetz/STOCKS/User_Dropboxes/moonen/demultiplexing_done/20250502_AV233701_Dewi-PS-library3-8/Demultiplexed/Samples/Moonen/A3-4_gRNA/A3-4_gRNA_R1.fastq.gz
A3_4	/g/steinmetz/STOCKS/User_Dropboxes/moonen/demultiplexing_done/20250502_AV233701_Dewi-PS-library3-8/Demultiplexed/Samples/Moonen/A3-4_gRNA/A3-4_gRNA_R2.fastq.gz
A3_4	/g/steinmetz/STOCKS/User_Dropboxes/moonen/demultiplexing_done/20250502_AV233701_Dewi-PS-library3-8/Demultiplexed/Samples/Moonen/A3-4_WTX/A3-4_WTX_R1.fastq.gz
A3_4	/g/steinmetz/STOCKS/User_Dropboxes/moonen/demultiplexing_done/20250502_AV233701_Dewi-PS-library3-8/Demultiplexed/Samples/Moonen/A3-4_WTX/A3-4_WTX_R2.fastq.gz
A3_4	/g/steinmetz/STOCKS/User_Dropboxes/moonen/demultiplexing_done/20250502_AV233701_Dewi-PS-library3-9/Demultiplexed/Samples/Moonen/A3-4_gRNA/A3-4_gRNA_R1.fastq.gz
A3_4	/g/steinmetz/STOCKS/User_Dropboxes/moonen/demultiplexing_done/20250502_AV233701_Dewi-PS-library3-9/Demultiplexed/Samples/Moonen/A3-4_gRNA/A3-4_gRNA_R2.fastq.gz
A3_4	/g/steinmetz/STOCKS/User_Dropboxes/moonen/demultiplexing_done/20250502_AV233701_Dewi-PS-library3-9/Demultiplexed/Samples/Moonen/A3-4_WTX/A3-4_WTX_R1.fastq.gz
A3_4	/g/steinmetz/STOCKS/User_Dropboxes/moonen/demultiplexing_done/20250502_AV233701_Dewi-PS-library3-9/Demultiplexed/Samples/Moonen/A3-4_WTX/A3-4_WTX_R2.fastq.gz
A3_4	/g/steinmetz/STOCKS/User_Dropboxes/moonen/demultiplexing_done/20250505_AV233701_Dewi-PS-library3-10/Demultiplexed/Samples/Moonen/A3-4_gRNA/A3-4_gRNA_R1.fastq.gz
A3_4	/g/steinmetz/STOCKS/User_Dropboxes/moonen/demultiplexing_done/20250505_AV233701_Dewi-PS-library3-10/Demultiplexed/Samples/Moonen/A3-4_gRNA/A3-4_gRNA_R2.fastq.gz
A3_4	/g/steinmetz/STOCKS/User_Dropboxes/moonen/demultiplexing_done/20250505_AV233701_Dewi-PS-library3-10/Demultiplexed/Samples/Moonen/A3-4_WTX/A3-4_WTX_R1.fastq.gz
A3_4	/g/steinmetz/STOCKS/User_Dropboxes/moonen/demultiplexing_done/20250505_AV233701_Dewi-PS-library3-10/Demultiplexed/Samples/Moonen/A3-4_WTX/A3-4_WTX_R2.fastq.gz
A3_4	/g/steinmetz/STOCKS/User_Dropboxes/moonen/demultiplexing_done/20250505_AV233701_Dewi-PS-library3-11/Demultiplexed/Samples/Moonen/A3-4_gRNA/A3-4_gRNA_R1.fastq.gz
A3_4	/g/steinmetz/STOCKS/User_Dropboxes/moonen/demultiplexing_done/20250505_AV233701_Dewi-PS-library3-11/Demultiplexed/Samples/Moonen/A3-4_gRNA/A3-4_gRNA_R2.fastq.gz
A3_4	/g/steinmetz/STOCKS/User_Dropboxes/moonen/demultiplexing_done/20250505_AV233701_Dewi-PS-library3-11/Demultiplexed/Samples/Moonen/A3-4_WTX/A3-4_WTX_R1.fastq.gz
A3_4	/g/steinmetz/STOCKS/User_Dropboxes/moonen/demultiplexing_done/20250505_AV233701_Dewi-PS-library3-11/Demultiplexed/Samples/Moonen/A3-4_WTX/A3-4_WTX_R2.fastq.gz
A3_4	/g/steinmetz/STOCKS/User_Dropboxes/moonen/demultiplexing_done/20250506_AV233701_Dewi-PS-library3-12/Demultiplexed/Samples/Moonen/A3-4_gRNA/A3-4_gRNA_R1.fastq.gz
A3_4	/g/steinmetz/STOCKS/User_Dropboxes/moonen/demultiplexing_done/20250506_AV233701_Dewi-PS-library3-12/Demultiplexed/Samples/Moonen/A3-4_gRNA/A3-4_gRNA_R2.fastq.gz
A3_4	/g/steinmetz/STOCKS/User_Dropboxes/moonen/demultiplexing_done/20250506_AV233701_Dewi-PS-library3-12/Demultiplexed/Samples/Moonen/A3-4_WTX/A3-4_WTX_R1.fastq.gz
A3_4	/g/steinmetz/STOCKS/User_Dropboxes/moonen/demultiplexing_done/20250506_AV233701_Dewi-PS-library3-12/Demultiplexed/Samples/Moonen/A3-4_WTX/A3-4_WTX_R2.fastq.gz
A3_5	/g/steinmetz/STOCKS/User_Dropboxes/moonen/demultiplexing_done/20250411_AV233701_20250410_CL_PS-library3-1/Demultiplexed/Samples/Moonen/A3-5_gRNA/A3-5_gRNA_R1.fastq.gz
A3_5	/g/steinmetz/STOCKS/User_Dropboxes/moonen/demultiplexing_done/20250411_AV233701_20250410_CL_PS-library3-1/Demultiplexed/Samples/Moonen/A3-5_gRNA/A3-5_gRNA_R2.fastq.gz
A3_5	/g/steinmetz/STOCKS/User_Dropboxes/moonen/demultiplexing_done/20250411_AV233701_20250410_CL_PS-library3-1/Demultiplexed/Samples/Moonen/A3-5_WTX/A3-5_WTX_R1.fastq.gz
A3_5	/g/steinmetz/STOCKS/User_Dropboxes/moonen/demultiplexing_done/20250411_AV233701_20250410_CL_PS-library3-1/Demultiplexed/Samples/Moonen/A3-5_WTX/A3-5_WTX_R2.fastq.gz
A3_5	/g/steinmetz/STOCKS/User_Dropboxes/moonen/demultiplexing_done/20250415_AV233701_20250415_CL_PS-library3-2/Demultiplexed/Samples/Moonen/A3-5_gRNA/A3-5_gRNA_R1.fastq.gz
A3_5	/g/steinmetz/STOCKS/User_Dropboxes/moonen/demultiplexing_done/20250415_AV233701_20250415_CL_PS-library3-2/Demultiplexed/Samples/Moonen/A3-5_gRNA/A3-5_gRNA_R2.fastq.gz
A3_5	/g/steinmetz/STOCKS/User_Dropboxes/moonen/demultiplexing_done/20250415_AV233701_20250415_CL_PS-library3-2/Demultiplexed/Samples/Moonen/A3-5_WTX/A3-5_WTX_R1.fastq.gz
A3_5	/g/steinmetz/STOCKS/User_Dropboxes/moonen/demultiplexing_done/20250415_AV233701_20250415_CL_PS-library3-2/Demultiplexed/Samples/Moonen/A3-5_WTX/A3-5_WTX_R2.fastq.gz
A3_5	/g/steinmetz/STOCKS/User_Dropboxes/moonen/demultiplexing_done/20250415_AV233701_20250415_CL_PS-library3-3/Demultiplexed/Samples/Moonen/A3-5_gRNA/A3-5_gRNA_R1.fastq.gz
A3_5	/g/steinmetz/STOCKS/User_Dropboxes/moonen/demultiplexing_done/20250415_AV233701_20250415_CL_PS-library3-3/Demultiplexed/Samples/Moonen/A3-5_gRNA/A3-5_gRNA_R2.fastq.gz
A3_5	/g/steinmetz/STOCKS/User_Dropboxes/moonen/demultiplexing_done/20250415_AV233701_20250415_CL_PS-library3-3/Demultiplexed/Samples/Moonen/A3-5_WTX/A3-5_WTX_R1.fastq.gz
A3_5	/g/steinmetz/STOCKS/User_Dropboxes/moonen/demultiplexing_done/20250415_AV233701_20250415_CL_PS-library3-3/Demultiplexed/Samples/Moonen/A3-5_WTX/A3-5_WTX_R2.fastq.gz
A3_5	/g/steinmetz/STOCKS/User_Dropboxes/moonen/demultiplexing_done/20250424_AV233701_20250424_CL_PS-library3-4/Demultiplexed/Samples/Moonen/A3-5_gRNA/A3-5_gRNA_R1.fastq.gz
A3_5	/g/steinmetz/STOCKS/User_Dropboxes/moonen/demultiplexing_done/20250424_AV233701_20250424_CL_PS-library3-4/Demultiplexed/Samples/Moonen/A3-5_gRNA/A3-5_gRNA_R2.fastq.gz
A3_5	/g/steinmetz/STOCKS/User_Dropboxes/moonen/demultiplexing_done/20250424_AV233701_20250424_CL_PS-library3-4/Demultiplexed/Samples/Moonen/A3-5_WTX/A3-5_WTX_R1.fastq.gz
A3_5	/g/steinmetz/STOCKS/User_Dropboxes/moonen/demultiplexing_done/20250424_AV233701_20250424_CL_PS-library3-4/Demultiplexed/Samples/Moonen/A3-5_WTX/A3-5_WTX_R2.fastq.gz
A3_5	/g/steinmetz/STOCKS/User_Dropboxes/moonen/demultiplexing_done/20250424_AV233701_20250424_CL_PS-library3-5/Demultiplexed/Samples/Moonen/A3-5_gRNA/A3-5_gRNA_R1.fastq.gz
A3_5	/g/steinmetz/STOCKS/User_Dropboxes/moonen/demultiplexing_done/20250424_AV233701_20250424_CL_PS-library3-5/Demultiplexed/Samples/Moonen/A3-5_gRNA/A3-5_gRNA_R2.fastq.gz
A3_5	/g/steinmetz/STOCKS/User_Dropboxes/moonen/demultiplexing_done/20250424_AV233701_20250424_CL_PS-library3-5/Demultiplexed/Samples/Moonen/A3-5_WTX/A3-5_WTX_R1.fastq.gz
A3_5	/g/steinmetz/STOCKS/User_Dropboxes/moonen/demultiplexing_done/20250424_AV233701_20250424_CL_PS-library3-5/Demultiplexed/Samples/Moonen/A3-5_WTX/A3-5_WTX_R2.fastq.gz
A3_5	/g/steinmetz/STOCKS/User_Dropboxes/moonen/demultiplexing_done/20250430_AV233701_20250430_CL_PS-lib3-6/Demultiplexed/Samples/Moonen/A3-5_gRNA/A3-5_gRNA_R1.fastq.gz
A3_5	/g/steinmetz/STOCKS/User_Dropboxes/moonen/demultiplexing_done/20250430_AV233701_20250430_CL_PS-lib3-6/Demultiplexed/Samples/Moonen/A3-5_gRNA/A3-5_gRNA_R2.fastq.gz
A3_5	/g/steinmetz/STOCKS/User_Dropboxes/moonen/demultiplexing_done/20250430_AV233701_20250430_CL_PS-lib3-6/Demultiplexed/Samples/Moonen/A3-5_WTX/A3-5_WTX_R1.fastq.gz
A3_5	/g/steinmetz/STOCKS/User_Dropboxes/moonen/demultiplexing_done/20250430_AV233701_20250430_CL_PS-lib3-6/Demultiplexed/Samples/Moonen/A3-5_WTX/A3-5_WTX_R2.fastq.gz
A3_5	/g/steinmetz/STOCKS/User_Dropboxes/moonen/demultiplexing_done/20250430_AV233701_20250430_CL_PS-lib3-7/Demultiplexed/Samples/Moonen/A3-5_gRNA/A3-5_gRNA_R1.fastq.gz
A3_5	/g/steinmetz/STOCKS/User_Dropboxes/moonen/demultiplexing_done/20250430_AV233701_20250430_CL_PS-lib3-7/Demultiplexed/Samples/Moonen/A3-5_gRNA/A3-5_gRNA_R2.fastq.gz
A3_5	/g/steinmetz/STOCKS/User_Dropboxes/moonen/demultiplexing_done/20250430_AV233701_20250430_CL_PS-lib3-7/Demultiplexed/Samples/Moonen/A3-5_WTX/A3-5_WTX_R1.fastq.gz
A3_5	/g/steinmetz/STOCKS/User_Dropboxes/moonen/demultiplexing_done/20250430_AV233701_20250430_CL_PS-lib3-7/Demultiplexed/Samples/Moonen/A3-5_WTX/A3-5_WTX_R2.fastq.gz
A3_5	/g/steinmetz/STOCKS/User_Dropboxes/moonen/demultiplexing_done/20250502_AV233701_Dewi-PS-library3-8/Demultiplexed/Samples/Moonen/A3-5_gRNA/A3-5_gRNA_R1.fastq.gz
A3_5	/g/steinmetz/STOCKS/User_Dropboxes/moonen/demultiplexing_done/20250502_AV233701_Dewi-PS-library3-8/Demultiplexed/Samples/Moonen/A3-5_gRNA/A3-5_gRNA_R2.fastq.gz
A3_5	/g/steinmetz/STOCKS/User_Dropboxes/moonen/demultiplexing_done/20250502_AV233701_Dewi-PS-library3-8/Demultiplexed/Samples/Moonen/A3-5_WTX/A3-5_WTX_R1.fastq.gz
A3_5	/g/steinmetz/STOCKS/User_Dropboxes/moonen/demultiplexing_done/20250502_AV233701_Dewi-PS-library3-8/Demultiplexed/Samples/Moonen/A3-5_WTX/A3-5_WTX_R2.fastq.gz
A3_5	/g/steinmetz/STOCKS/User_Dropboxes/moonen/demultiplexing_done/20250502_AV233701_Dewi-PS-library3-9/Demultiplexed/Samples/Moonen/A3-5_gRNA/A3-5_gRNA_R1.fastq.gz
A3_5	/g/steinmetz/STOCKS/User_Dropboxes/moonen/demultiplexing_done/20250502_AV233701_Dewi-PS-library3-9/Demultiplexed/Samples/Moonen/A3-5_gRNA/A3-5_gRNA_R2.fastq.gz
A3_5	/g/steinmetz/STOCKS/User_Dropboxes/moonen/demultiplexing_done/20250502_AV233701_Dewi-PS-library3-9/Demultiplexed/Samples/Moonen/A3-5_WTX/A3-5_WTX_R1.fastq.gz
A3_5	/g/steinmetz/STOCKS/User_Dropboxes/moonen/demultiplexing_done/20250502_AV233701_Dewi-PS-library3-9/Demultiplexed/Samples/Moonen/A3-5_WTX/A3-5_WTX_R2.fastq.gz
A3_5	/g/steinmetz/STOCKS/User_Dropboxes/moonen/demultiplexing_done/20250505_AV233701_Dewi-PS-library3-10/Demultiplexed/Samples/Moonen/A3-5_gRNA/A3-5_gRNA_R1.fastq.gz
A3_5	/g/steinmetz/STOCKS/User_Dropboxes/moonen/demultiplexing_done/20250505_AV233701_Dewi-PS-library3-10/Demultiplexed/Samples/Moonen/A3-5_gRNA/A3-5_gRNA_R2.fastq.gz
A3_5	/g/steinmetz/STOCKS/User_Dropboxes/moonen/demultiplexing_done/20250505_AV233701_Dewi-PS-library3-10/Demultiplexed/Samples/Moonen/A3-5_WTX/A3-5_WTX_R1.fastq.gz
A3_5	/g/steinmetz/STOCKS/User_Dropboxes/moonen/demultiplexing_done/20250505_AV233701_Dewi-PS-library3-10/Demultiplexed/Samples/Moonen/A3-5_WTX/A3-5_WTX_R2.fastq.gz
A3_5	/g/steinmetz/STOCKS/User_Dropboxes/moonen/demultiplexing_done/20250505_AV233701_Dewi-PS-library3-11/Demultiplexed/Samples/Moonen/A3-5_gRNA/A3-5_gRNA_R1.fastq.gz
A3_5	/g/steinmetz/STOCKS/User_Dropboxes/moonen/demultiplexing_done/20250505_AV233701_Dewi-PS-library3-11/Demultiplexed/Samples/Moonen/A3-5_gRNA/A3-5_gRNA_R2.fastq.gz
A3_5	/g/steinmetz/STOCKS/User_Dropboxes/moonen/demultiplexing_done/20250505_AV233701_Dewi-PS-library3-11/Demultiplexed/Samples/Moonen/A3-5_WTX/A3-5_WTX_R1.fastq.gz
A3_5	/g/steinmetz/STOCKS/User_Dropboxes/moonen/demultiplexing_done/20250505_AV233701_Dewi-PS-library3-11/Demultiplexed/Samples/Moonen/A3-5_WTX/A3-5_WTX_R2.fastq.gz
A3_5	/g/steinmetz/STOCKS/User_Dropboxes/moonen/demultiplexing_done/20250506_AV233701_Dewi-PS-library3-12/Demultiplexed/Samples/Moonen/A3-5_gRNA/A3-5_gRNA_R1.fastq.gz
A3_5	/g/steinmetz/STOCKS/User_Dropboxes/moonen/demultiplexing_done/20250506_AV233701_Dewi-PS-library3-12/Demultiplexed/Samples/Moonen/A3-5_gRNA/A3-5_gRNA_R2.fastq.gz
A3_5	/g/steinmetz/STOCKS/User_Dropboxes/moonen/demultiplexing_done/20250506_AV233701_Dewi-PS-library3-12/Demultiplexed/Samples/Moonen/A3-5_WTX/A3-5_WTX_R1.fastq.gz
A3_5	/g/steinmetz/STOCKS/User_Dropboxes/moonen/demultiplexing_done/20250506_AV233701_Dewi-PS-library3-12/Demultiplexed/Samples/Moonen/A3-5_WTX/A3-5_WTX_R2.fastq.gz
A3_6	/g/steinmetz/STOCKS/User_Dropboxes/moonen/demultiplexing_done/20250411_AV233701_20250410_CL_PS-library3-1/Demultiplexed/Samples/Moonen/A3-6_gRNA/A3-6_gRNA_R1.fastq.gz
A3_6	/g/steinmetz/STOCKS/User_Dropboxes/moonen/demultiplexing_done/20250411_AV233701_20250410_CL_PS-library3-1/Demultiplexed/Samples/Moonen/A3-6_gRNA/A3-6_gRNA_R2.fastq.gz
A3_6	/g/steinmetz/STOCKS/User_Dropboxes/moonen/demultiplexing_done/20250411_AV233701_20250410_CL_PS-library3-1/Demultiplexed/Samples/Moonen/A3-6_WTX/A3-6_WTX_R1.fastq.gz
A3_6	/g/steinmetz/STOCKS/User_Dropboxes/moonen/demultiplexing_done/20250411_AV233701_20250410_CL_PS-library3-1/Demultiplexed/Samples/Moonen/A3-6_WTX/A3-6_WTX_R2.fastq.gz
A3_6	/g/steinmetz/STOCKS/User_Dropboxes/moonen/demultiplexing_done/20250415_AV233701_20250415_CL_PS-library3-2/Demultiplexed/Samples/Moonen/A3-6_gRNA/A3-6_gRNA_R1.fastq.gz
A3_6	/g/steinmetz/STOCKS/User_Dropboxes/moonen/demultiplexing_done/20250415_AV233701_20250415_CL_PS-library3-2/Demultiplexed/Samples/Moonen/A3-6_gRNA/A3-6_gRNA_R2.fastq.gz
A3_6	/g/steinmetz/STOCKS/User_Dropboxes/moonen/demultiplexing_done/20250415_AV233701_20250415_CL_PS-library3-2/Demultiplexed/Samples/Moonen/A3-6_WTX/A3-6_WTX_R1.fastq.gz
A3_6	/g/steinmetz/STOCKS/User_Dropboxes/moonen/demultiplexing_done/20250415_AV233701_20250415_CL_PS-library3-2/Demultiplexed/Samples/Moonen/A3-6_WTX/A3-6_WTX_R2.fastq.gz
A3_6	/g/steinmetz/STOCKS/User_Dropboxes/moonen/demultiplexing_done/20250415_AV233701_20250415_CL_PS-library3-3/Demultiplexed/Samples/Moonen/A3-6_gRNA/A3-6_gRNA_R1.fastq.gz
A3_6	/g/steinmetz/STOCKS/User_Dropboxes/moonen/demultiplexing_done/20250415_AV233701_20250415_CL_PS-library3-3/Demultiplexed/Samples/Moonen/A3-6_gRNA/A3-6_gRNA_R2.fastq.gz
A3_6	/g/steinmetz/STOCKS/User_Dropboxes/moonen/demultiplexing_done/20250415_AV233701_20250415_CL_PS-library3-3/Demultiplexed/Samples/Moonen/A3-6_WTX/A3-6_WTX_R1.fastq.gz
A3_6	/g/steinmetz/STOCKS/User_Dropboxes/moonen/demultiplexing_done/20250415_AV233701_20250415_CL_PS-library3-3/Demultiplexed/Samples/Moonen/A3-6_WTX/A3-6_WTX_R2.fastq.gz
A3_6	/g/steinmetz/STOCKS/User_Dropboxes/moonen/demultiplexing_done/20250424_AV233701_20250424_CL_PS-library3-4/Demultiplexed/Samples/Moonen/A3-6_gRNA/A3-6_gRNA_R1.fastq.gz
A3_6	/g/steinmetz/STOCKS/User_Dropboxes/moonen/demultiplexing_done/20250424_AV233701_20250424_CL_PS-library3-4/Demultiplexed/Samples/Moonen/A3-6_gRNA/A3-6_gRNA_R2.fastq.gz
A3_6	/g/steinmetz/STOCKS/User_Dropboxes/moonen/demultiplexing_done/20250424_AV233701_20250424_CL_PS-library3-4/Demultiplexed/Samples/Moonen/A3-6_WTX/A3-6_WTX_R1.fastq.gz
A3_6	/g/steinmetz/STOCKS/User_Dropboxes/moonen/demultiplexing_done/20250424_AV233701_20250424_CL_PS-library3-4/Demultiplexed/Samples/Moonen/A3-6_WTX/A3-6_WTX_R2.fastq.gz
A3_6	/g/steinmetz/STOCKS/User_Dropboxes/moonen/demultiplexing_done/20250424_AV233701_20250424_CL_PS-library3-5/Demultiplexed/Samples/Moonen/A3-6_gRNA/A3-6_gRNA_R1.fastq.gz
A3_6	/g/steinmetz/STOCKS/User_Dropboxes/moonen/demultiplexing_done/20250424_AV233701_20250424_CL_PS-library3-5/Demultiplexed/Samples/Moonen/A3-6_gRNA/A3-6_gRNA_R2.fastq.gz
A3_6	/g/steinmetz/STOCKS/User_Dropboxes/moonen/demultiplexing_done/20250424_AV233701_20250424_CL_PS-library3-5/Demultiplexed/Samples/Moonen/A3-6_WTX/A3-6_WTX_R1.fastq.gz
A3_6	/g/steinmetz/STOCKS/User_Dropboxes/moonen/demultiplexing_done/20250424_AV233701_20250424_CL_PS-library3-5/Demultiplexed/Samples/Moonen/A3-6_WTX/A3-6_WTX_R2.fastq.gz
A3_6	/g/steinmetz/STOCKS/User_Dropboxes/moonen/demultiplexing_done/20250430_AV233701_20250430_CL_PS-lib3-6/Demultiplexed/Samples/Moonen/A3-6_gRNA/A3-6_gRNA_R1.fastq.gz
A3_6	/g/steinmetz/STOCKS/User_Dropboxes/moonen/demultiplexing_done/20250430_AV233701_20250430_CL_PS-lib3-6/Demultiplexed/Samples/Moonen/A3-6_gRNA/A3-6_gRNA_R2.fastq.gz
A3_6	/g/steinmetz/STOCKS/User_Dropboxes/moonen/demultiplexing_done/20250430_AV233701_20250430_CL_PS-lib3-6/Demultiplexed/Samples/Moonen/A3-6_WTX/A3-6_WTX_R1.fastq.gz
A3_6	/g/steinmetz/STOCKS/User_Dropboxes/moonen/demultiplexing_done/20250430_AV233701_20250430_CL_PS-lib3-6/Demultiplexed/Samples/Moonen/A3-6_WTX/A3-6_WTX_R2.fastq.gz
A3_6	/g/steinmetz/STOCKS/User_Dropboxes/moonen/demultiplexing_done/20250430_AV233701_20250430_CL_PS-lib3-7/Demultiplexed/Samples/Moonen/A3-6_gRNA/A3-6_gRNA_R1.fastq.gz
A3_6	/g/steinmetz/STOCKS/User_Dropboxes/moonen/demultiplexing_done/20250430_AV233701_20250430_CL_PS-lib3-7/Demultiplexed/Samples/Moonen/A3-6_gRNA/A3-6_gRNA_R2.fastq.gz
A3_6	/g/steinmetz/STOCKS/User_Dropboxes/moonen/demultiplexing_done/20250430_AV233701_20250430_CL_PS-lib3-7/Demultiplexed/Samples/Moonen/A3-6_WTX/A3-6_WTX_R1.fastq.gz
A3_6	/g/steinmetz/STOCKS/User_Dropboxes/moonen/demultiplexing_done/20250430_AV233701_20250430_CL_PS-lib3-7/Demultiplexed/Samples/Moonen/A3-6_WTX/A3-6_WTX_R2.fastq.gz
A3_6	/g/steinmetz/STOCKS/User_Dropboxes/moonen/demultiplexing_done/20250502_AV233701_Dewi-PS-library3-8/Demultiplexed/Samples/Moonen/A3-6_gRNA/A3-6_gRNA_R1.fastq.gz
A3_6	/g/steinmetz/STOCKS/User_Dropboxes/moonen/demultiplexing_done/20250502_AV233701_Dewi-PS-library3-8/Demultiplexed/Samples/Moonen/A3-6_gRNA/A3-6_gRNA_R2.fastq.gz
A3_6	/g/steinmetz/STOCKS/User_Dropboxes/moonen/demultiplexing_done/20250502_AV233701_Dewi-PS-library3-8/Demultiplexed/Samples/Moonen/A3-6_WTX/A3-6_WTX_R1.fastq.gz
A3_6	/g/steinmetz/STOCKS/User_Dropboxes/moonen/demultiplexing_done/20250502_AV233701_Dewi-PS-library3-8/Demultiplexed/Samples/Moonen/A3-6_WTX/A3-6_WTX_R2.fastq.gz
A3_6	/g/steinmetz/STOCKS/User_Dropboxes/moonen/demultiplexing_done/20250502_AV233701_Dewi-PS-library3-9/Demultiplexed/Samples/Moonen/A3-6_gRNA/A3-6_gRNA_R1.fastq.gz
A3_6	/g/steinmetz/STOCKS/User_Dropboxes/moonen/demultiplexing_done/20250502_AV233701_Dewi-PS-library3-9/Demultiplexed/Samples/Moonen/A3-6_gRNA/A3-6_gRNA_R2.fastq.gz
A3_6	/g/steinmetz/STOCKS/User_Dropboxes/moonen/demultiplexing_done/20250502_AV233701_Dewi-PS-library3-9/Demultiplexed/Samples/Moonen/A3-6_WTX/A3-6_WTX_R1.fastq.gz
A3_6	/g/steinmetz/STOCKS/User_Dropboxes/moonen/demultiplexing_done/20250502_AV233701_Dewi-PS-library3-9/Demultiplexed/Samples/Moonen/A3-6_WTX/A3-6_WTX_R2.fastq.gz
A3_6	/g/steinmetz/STOCKS/User_Dropboxes/moonen/demultiplexing_done/20250505_AV233701_Dewi-PS-library3-10/Demultiplexed/Samples/Moonen/A3-6_gRNA/A3-6_gRNA_R1.fastq.gz
A3_6	/g/steinmetz/STOCKS/User_Dropboxes/moonen/demultiplexing_done/20250505_AV233701_Dewi-PS-library3-10/Demultiplexed/Samples/Moonen/A3-6_gRNA/A3-6_gRNA_R2.fastq.gz
A3_6	/g/steinmetz/STOCKS/User_Dropboxes/moonen/demultiplexing_done/20250505_AV233701_Dewi-PS-library3-10/Demultiplexed/Samples/Moonen/A3-6_WTX/A3-6_WTX_R1.fastq.gz
A3_6	/g/steinmetz/STOCKS/User_Dropboxes/moonen/demultiplexing_done/20250505_AV233701_Dewi-PS-library3-10/Demultiplexed/Samples/Moonen/A3-6_WTX/A3-6_WTX_R2.fastq.gz
A3_6	/g/steinmetz/STOCKS/User_Dropboxes/moonen/demultiplexing_done/20250505_AV233701_Dewi-PS-library3-11/Demultiplexed/Samples/Moonen/A3-6_gRNA/A3-6_gRNA_R1.fastq.gz
A3_6	/g/steinmetz/STOCKS/User_Dropboxes/moonen/demultiplexing_done/20250505_AV233701_Dewi-PS-library3-11/Demultiplexed/Samples/Moonen/A3-6_gRNA/A3-6_gRNA_R2.fastq.gz
A3_6	/g/steinmetz/STOCKS/User_Dropboxes/moonen/demultiplexing_done/20250505_AV233701_Dewi-PS-library3-11/Demultiplexed/Samples/Moonen/A3-6_WTX/A3-6_WTX_R1.fastq.gz
A3_6	/g/steinmetz/STOCKS/User_Dropboxes/moonen/demultiplexing_done/20250505_AV233701_Dewi-PS-library3-11/Demultiplexed/Samples/Moonen/A3-6_WTX/A3-6_WTX_R2.fastq.gz
A3_6	/g/steinmetz/STOCKS/User_Dropboxes/moonen/demultiplexing_done/20250506_AV233701_Dewi-PS-library3-12/Demultiplexed/Samples/Moonen/A3-6_gRNA/A3-6_gRNA_R1.fastq.gz
A3_6	/g/steinmetz/STOCKS/User_Dropboxes/moonen/demultiplexing_done/20250506_AV233701_Dewi-PS-library3-12/Demultiplexed/Samples/Moonen/A3-6_gRNA/A3-6_gRNA_R2.fastq.gz
A3_6	/g/steinmetz/STOCKS/User_Dropboxes/moonen/demultiplexing_done/20250506_AV233701_Dewi-PS-library3-12/Demultiplexed/Samples/Moonen/A3-6_WTX/A3-6_WTX_R1.fastq.gz
A3_6	/g/steinmetz/STOCKS/User_Dropboxes/moonen/demultiplexing_done/20250506_AV233701_Dewi-PS-library3-12/Demultiplexed/Samples/Moonen/A3-6_WTX/A3-6_WTX_R2.fastq.gz
A3_7	/g/steinmetz/STOCKS/User_Dropboxes/moonen/demultiplexing_done/20250411_AV233701_20250410_CL_PS-library3-1/Demultiplexed/Samples/Moonen/A3-7_gRNA/A3-7_gRNA_R1.fastq.gz
A3_7	/g/steinmetz/STOCKS/User_Dropboxes/moonen/demultiplexing_done/20250411_AV233701_20250410_CL_PS-library3-1/Demultiplexed/Samples/Moonen/A3-7_gRNA/A3-7_gRNA_R2.fastq.gz
A3_7	/g/steinmetz/STOCKS/User_Dropboxes/moonen/demultiplexing_done/20250411_AV233701_20250410_CL_PS-library3-1/Demultiplexed/Samples/Moonen/A3-7_WTX/A3-7_WTX_R1.fastq.gz
A3_7	/g/steinmetz/STOCKS/User_Dropboxes/moonen/demultiplexing_done/20250411_AV233701_20250410_CL_PS-library3-1/Demultiplexed/Samples/Moonen/A3-7_WTX/A3-7_WTX_R2.fastq.gz
A3_7	/g/steinmetz/STOCKS/User_Dropboxes/moonen/demultiplexing_done/20250415_AV233701_20250415_CL_PS-library3-2/Demultiplexed/Samples/Moonen/A3-7_gRNA/A3-7_gRNA_R1.fastq.gz
A3_7	/g/steinmetz/STOCKS/User_Dropboxes/moonen/demultiplexing_done/20250415_AV233701_20250415_CL_PS-library3-2/Demultiplexed/Samples/Moonen/A3-7_gRNA/A3-7_gRNA_R2.fastq.gz
A3_7	/g/steinmetz/STOCKS/User_Dropboxes/moonen/demultiplexing_done/20250415_AV233701_20250415_CL_PS-library3-2/Demultiplexed/Samples/Moonen/A3-7_WTX/A3-7_WTX_R1.fastq.gz
A3_7	/g/steinmetz/STOCKS/User_Dropboxes/moonen/demultiplexing_done/20250415_AV233701_20250415_CL_PS-library3-2/Demultiplexed/Samples/Moonen/A3-7_WTX/A3-7_WTX_R2.fastq.gz
A3_7	/g/steinmetz/STOCKS/User_Dropboxes/moonen/demultiplexing_done/20250415_AV233701_20250415_CL_PS-library3-3/Demultiplexed/Samples/Moonen/A3-7_gRNA/A3-7_gRNA_R1.fastq.gz
A3_7	/g/steinmetz/STOCKS/User_Dropboxes/moonen/demultiplexing_done/20250415_AV233701_20250415_CL_PS-library3-3/Demultiplexed/Samples/Moonen/A3-7_gRNA/A3-7_gRNA_R2.fastq.gz
A3_7	/g/steinmetz/STOCKS/User_Dropboxes/moonen/demultiplexing_done/20250415_AV233701_20250415_CL_PS-library3-3/Demultiplexed/Samples/Moonen/A3-7_WTX/A3-7_WTX_R1.fastq.gz
A3_7	/g/steinmetz/STOCKS/User_Dropboxes/moonen/demultiplexing_done/20250415_AV233701_20250415_CL_PS-library3-3/Demultiplexed/Samples/Moonen/A3-7_WTX/A3-7_WTX_R2.fastq.gz
A3_7	/g/steinmetz/STOCKS/User_Dropboxes/moonen/demultiplexing_done/20250424_AV233701_20250424_CL_PS-library3-4/Demultiplexed/Samples/Moonen/A3-7_gRNA/A3-7_gRNA_R1.fastq.gz
A3_7	/g/steinmetz/STOCKS/User_Dropboxes/moonen/demultiplexing_done/20250424_AV233701_20250424_CL_PS-library3-4/Demultiplexed/Samples/Moonen/A3-7_gRNA/A3-7_gRNA_R2.fastq.gz
A3_7	/g/steinmetz/STOCKS/User_Dropboxes/moonen/demultiplexing_done/20250424_AV233701_20250424_CL_PS-library3-4/Demultiplexed/Samples/Moonen/A3-7_WTX/A3-7_WTX_R1.fastq.gz
A3_7	/g/steinmetz/STOCKS/User_Dropboxes/moonen/demultiplexing_done/20250424_AV233701_20250424_CL_PS-library3-4/Demultiplexed/Samples/Moonen/A3-7_WTX/A3-7_WTX_R2.fastq.gz
A3_7	/g/steinmetz/STOCKS/User_Dropboxes/moonen/demultiplexing_done/20250424_AV233701_20250424_CL_PS-library3-5/Demultiplexed/Samples/Moonen/A3-7_gRNA/A3-7_gRNA_R1.fastq.gz
A3_7	/g/steinmetz/STOCKS/User_Dropboxes/moonen/demultiplexing_done/20250424_AV233701_20250424_CL_PS-library3-5/Demultiplexed/Samples/Moonen/A3-7_gRNA/A3-7_gRNA_R2.fastq.gz
A3_7	/g/steinmetz/STOCKS/User_Dropboxes/moonen/demultiplexing_done/20250424_AV233701_20250424_CL_PS-library3-5/Demultiplexed/Samples/Moonen/A3-7_WTX/A3-7_WTX_R1.fastq.gz
A3_7	/g/steinmetz/STOCKS/User_Dropboxes/moonen/demultiplexing_done/20250424_AV233701_20250424_CL_PS-library3-5/Demultiplexed/Samples/Moonen/A3-7_WTX/A3-7_WTX_R2.fastq.gz
A3_7	/g/steinmetz/STOCKS/User_Dropboxes/moonen/demultiplexing_done/20250430_AV233701_20250430_CL_PS-lib3-6/Demultiplexed/Samples/Moonen/A3-7_gRNA/A3-7_gRNA_R1.fastq.gz
A3_7	/g/steinmetz/STOCKS/User_Dropboxes/moonen/demultiplexing_done/20250430_AV233701_20250430_CL_PS-lib3-6/Demultiplexed/Samples/Moonen/A3-7_gRNA/A3-7_gRNA_R2.fastq.gz
A3_7	/g/steinmetz/STOCKS/User_Dropboxes/moonen/demultiplexing_done/20250430_AV233701_20250430_CL_PS-lib3-6/Demultiplexed/Samples/Moonen/A3-7_WTX/A3-7_WTX_R1.fastq.gz
A3_7	/g/steinmetz/STOCKS/User_Dropboxes/moonen/demultiplexing_done/20250430_AV233701_20250430_CL_PS-lib3-6/Demultiplexed/Samples/Moonen/A3-7_WTX/A3-7_WTX_R2.fastq.gz
A3_7	/g/steinmetz/STOCKS/User_Dropboxes/moonen/demultiplexing_done/20250430_AV233701_20250430_CL_PS-lib3-7/Demultiplexed/Samples/Moonen/A3-7_gRNA/A3-7_gRNA_R1.fastq.gz
A3_7	/g/steinmetz/STOCKS/User_Dropboxes/moonen/demultiplexing_done/20250430_AV233701_20250430_CL_PS-lib3-7/Demultiplexed/Samples/Moonen/A3-7_gRNA/A3-7_gRNA_R2.fastq.gz
A3_7	/g/steinmetz/STOCKS/User_Dropboxes/moonen/demultiplexing_done/20250430_AV233701_20250430_CL_PS-lib3-7/Demultiplexed/Samples/Moonen/A3-7_WTX/A3-7_WTX_R1.fastq.gz
A3_7	/g/steinmetz/STOCKS/User_Dropboxes/moonen/demultiplexing_done/20250430_AV233701_20250430_CL_PS-lib3-7/Demultiplexed/Samples/Moonen/A3-7_WTX/A3-7_WTX_R2.fastq.gz
A3_7	/g/steinmetz/STOCKS/User_Dropboxes/moonen/demultiplexing_done/20250502_AV233701_Dewi-PS-library3-8/Demultiplexed/Samples/Moonen/A3-7_gRNA/A3-7_gRNA_R1.fastq.gz
A3_7	/g/steinmetz/STOCKS/User_Dropboxes/moonen/demultiplexing_done/20250502_AV233701_Dewi-PS-library3-8/Demultiplexed/Samples/Moonen/A3-7_gRNA/A3-7_gRNA_R2.fastq.gz
A3_7	/g/steinmetz/STOCKS/User_Dropboxes/moonen/demultiplexing_done/20250502_AV233701_Dewi-PS-library3-8/Demultiplexed/Samples/Moonen/A3-7_WTX/A3-7_WTX_R1.fastq.gz
A3_7	/g/steinmetz/STOCKS/User_Dropboxes/moonen/demultiplexing_done/20250502_AV233701_Dewi-PS-library3-8/Demultiplexed/Samples/Moonen/A3-7_WTX/A3-7_WTX_R2.fastq.gz
A3_7	/g/steinmetz/STOCKS/User_Dropboxes/moonen/demultiplexing_done/20250502_AV233701_Dewi-PS-library3-9/Demultiplexed/Samples/Moonen/A3-7_gRNA/A3-7_gRNA_R1.fastq.gz
A3_7	/g/steinmetz/STOCKS/User_Dropboxes/moonen/demultiplexing_done/20250502_AV233701_Dewi-PS-library3-9/Demultiplexed/Samples/Moonen/A3-7_gRNA/A3-7_gRNA_R2.fastq.gz
A3_7	/g/steinmetz/STOCKS/User_Dropboxes/moonen/demultiplexing_done/20250502_AV233701_Dewi-PS-library3-9/Demultiplexed/Samples/Moonen/A3-7_WTX/A3-7_WTX_R1.fastq.gz
A3_7	/g/steinmetz/STOCKS/User_Dropboxes/moonen/demultiplexing_done/20250502_AV233701_Dewi-PS-library3-9/Demultiplexed/Samples/Moonen/A3-7_WTX/A3-7_WTX_R2.fastq.gz
A3_7	/g/steinmetz/STOCKS/User_Dropboxes/moonen/demultiplexing_done/20250505_AV233701_Dewi-PS-library3-10/Demultiplexed/Samples/Moonen/A3-7_gRNA/A3-7_gRNA_R1.fastq.gz
A3_7	/g/steinmetz/STOCKS/User_Dropboxes/moonen/demultiplexing_done/20250505_AV233701_Dewi-PS-library3-10/Demultiplexed/Samples/Moonen/A3-7_gRNA/A3-7_gRNA_R2.fastq.gz
A3_7	/g/steinmetz/STOCKS/User_Dropboxes/moonen/demultiplexing_done/20250505_AV233701_Dewi-PS-library3-10/Demultiplexed/Samples/Moonen/A3-7_WTX/A3-7_WTX_R1.fastq.gz
A3_7	/g/steinmetz/STOCKS/User_Dropboxes/moonen/demultiplexing_done/20250505_AV233701_Dewi-PS-library3-10/Demultiplexed/Samples/Moonen/A3-7_WTX/A3-7_WTX_R2.fastq.gz
A3_7	/g/steinmetz/STOCKS/User_Dropboxes/moonen/demultiplexing_done/20250505_AV233701_Dewi-PS-library3-11/Demultiplexed/Samples/Moonen/A3-7_gRNA/A3-7_gRNA_R1.fastq.gz
A3_7	/g/steinmetz/STOCKS/User_Dropboxes/moonen/demultiplexing_done/20250505_AV233701_Dewi-PS-library3-11/Demultiplexed/Samples/Moonen/A3-7_gRNA/A3-7_gRNA_R2.fastq.gz
A3_7	/g/steinmetz/STOCKS/User_Dropboxes/moonen/demultiplexing_done/20250505_AV233701_Dewi-PS-library3-11/Demultiplexed/Samples/Moonen/A3-7_WTX/A3-7_WTX_R1.fastq.gz
A3_7	/g/steinmetz/STOCKS/User_Dropboxes/moonen/demultiplexing_done/20250505_AV233701_Dewi-PS-library3-11/Demultiplexed/Samples/Moonen/A3-7_WTX/A3-7_WTX_R2.fastq.gz
A3_7	/g/steinmetz/STOCKS/User_Dropboxes/moonen/demultiplexing_done/20250506_AV233701_Dewi-PS-library3-12/Demultiplexed/Samples/Moonen/A3-7_gRNA/A3-7_gRNA_R1.fastq.gz
A3_7	/g/steinmetz/STOCKS/User_Dropboxes/moonen/demultiplexing_done/20250506_AV233701_Dewi-PS-library3-12/Demultiplexed/Samples/Moonen/A3-7_gRNA/A3-7_gRNA_R2.fastq.gz
A3_7	/g/steinmetz/STOCKS/User_Dropboxes/moonen/demultiplexing_done/20250506_AV233701_Dewi-PS-library3-12/Demultiplexed/Samples/Moonen/A3-7_WTX/A3-7_WTX_R1.fastq.gz
A3_7	/g/steinmetz/STOCKS/User_Dropboxes/moonen/demultiplexing_done/20250506_AV233701_Dewi-PS-library3-12/Demultiplexed/Samples/Moonen/A3-7_WTX/A3-7_WTX_R2.fastq.gz
A3_8	/g/steinmetz/STOCKS/User_Dropboxes/moonen/demultiplexing_done/20250411_AV233701_20250410_CL_PS-library3-1/Demultiplexed/Samples/Moonen/A3-8_gRNA/A3-8_gRNA_R1.fastq.gz
A3_8	/g/steinmetz/STOCKS/User_Dropboxes/moonen/demultiplexing_done/20250411_AV233701_20250410_CL_PS-library3-1/Demultiplexed/Samples/Moonen/A3-8_gRNA/A3-8_gRNA_R2.fastq.gz
A3_8	/g/steinmetz/STOCKS/User_Dropboxes/moonen/demultiplexing_done/20250411_AV233701_20250410_CL_PS-library3-1/Demultiplexed/Samples/Moonen/A3-8_WTX/A3-8_WTX_R1.fastq.gz
A3_8	/g/steinmetz/STOCKS/User_Dropboxes/moonen/demultiplexing_done/20250411_AV233701_20250410_CL_PS-library3-1/Demultiplexed/Samples/Moonen/A3-8_WTX/A3-8_WTX_R2.fastq.gz
A3_8	/g/steinmetz/STOCKS/User_Dropboxes/moonen/demultiplexing_done/20250415_AV233701_20250415_CL_PS-library3-2/Demultiplexed/Samples/Moonen/A3-8_gRNA/A3-8_gRNA_R1.fastq.gz
A3_8	/g/steinmetz/STOCKS/User_Dropboxes/moonen/demultiplexing_done/20250415_AV233701_20250415_CL_PS-library3-2/Demultiplexed/Samples/Moonen/A3-8_gRNA/A3-8_gRNA_R2.fastq.gz
A3_8	/g/steinmetz/STOCKS/User_Dropboxes/moonen/demultiplexing_done/20250415_AV233701_20250415_CL_PS-library3-2/Demultiplexed/Samples/Moonen/A3-8_WTX/A3-8_WTX_R1.fastq.gz
A3_8	/g/steinmetz/STOCKS/User_Dropboxes/moonen/demultiplexing_done/20250415_AV233701_20250415_CL_PS-library3-2/Demultiplexed/Samples/Moonen/A3-8_WTX/A3-8_WTX_R2.fastq.gz
A3_8	/g/steinmetz/STOCKS/User_Dropboxes/moonen/demultiplexing_done/20250415_AV233701_20250415_CL_PS-library3-3/Demultiplexed/Samples/Moonen/A3-8_gRNA/A3-8_gRNA_R1.fastq.gz
A3_8	/g/steinmetz/STOCKS/User_Dropboxes/moonen/demultiplexing_done/20250415_AV233701_20250415_CL_PS-library3-3/Demultiplexed/Samples/Moonen/A3-8_gRNA/A3-8_gRNA_R2.fastq.gz
A3_8	/g/steinmetz/STOCKS/User_Dropboxes/moonen/demultiplexing_done/20250415_AV233701_20250415_CL_PS-library3-3/Demultiplexed/Samples/Moonen/A3-8_WTX/A3-8_WTX_R1.fastq.gz
A3_8	/g/steinmetz/STOCKS/User_Dropboxes/moonen/demultiplexing_done/20250415_AV233701_20250415_CL_PS-library3-3/Demultiplexed/Samples/Moonen/A3-8_WTX/A3-8_WTX_R2.fastq.gz
A3_8	/g/steinmetz/STOCKS/User_Dropboxes/moonen/demultiplexing_done/20250424_AV233701_20250424_CL_PS-library3-4/Demultiplexed/Samples/Moonen/A3-8_gRNA/A3-8_gRNA_R1.fastq.gz
A3_8	/g/steinmetz/STOCKS/User_Dropboxes/moonen/demultiplexing_done/20250424_AV233701_20250424_CL_PS-library3-4/Demultiplexed/Samples/Moonen/A3-8_gRNA/A3-8_gRNA_R2.fastq.gz
A3_8	/g/steinmetz/STOCKS/User_Dropboxes/moonen/demultiplexing_done/20250424_AV233701_20250424_CL_PS-library3-4/Demultiplexed/Samples/Moonen/A3-8_WTX/A3-8_WTX_R1.fastq.gz
A3_8	/g/steinmetz/STOCKS/User_Dropboxes/moonen/demultiplexing_done/20250424_AV233701_20250424_CL_PS-library3-4/Demultiplexed/Samples/Moonen/A3-8_WTX/A3-8_WTX_R2.fastq.gz
A3_8	/g/steinmetz/STOCKS/User_Dropboxes/moonen/demultiplexing_done/20250424_AV233701_20250424_CL_PS-library3-5/Demultiplexed/Samples/Moonen/A3-8_gRNA/A3-8_gRNA_R1.fastq.gz
A3_8	/g/steinmetz/STOCKS/User_Dropboxes/moonen/demultiplexing_done/20250424_AV233701_20250424_CL_PS-library3-5/Demultiplexed/Samples/Moonen/A3-8_gRNA/A3-8_gRNA_R2.fastq.gz
A3_8	/g/steinmetz/STOCKS/User_Dropboxes/moonen/demultiplexing_done/20250424_AV233701_20250424_CL_PS-library3-5/Demultiplexed/Samples/Moonen/A3-8_WTX/A3-8_WTX_R1.fastq.gz
A3_8	/g/steinmetz/STOCKS/User_Dropboxes/moonen/demultiplexing_done/20250424_AV233701_20250424_CL_PS-library3-5/Demultiplexed/Samples/Moonen/A3-8_WTX/A3-8_WTX_R2.fastq.gz
A3_8	/g/steinmetz/STOCKS/User_Dropboxes/moonen/demultiplexing_done/20250430_AV233701_20250430_CL_PS-lib3-6/Demultiplexed/Samples/Moonen/A3-8_gRNA/A3-8_gRNA_R1.fastq.gz
A3_8	/g/steinmetz/STOCKS/User_Dropboxes/moonen/demultiplexing_done/20250430_AV233701_20250430_CL_PS-lib3-6/Demultiplexed/Samples/Moonen/A3-8_gRNA/A3-8_gRNA_R2.fastq.gz
A3_8	/g/steinmetz/STOCKS/User_Dropboxes/moonen/demultiplexing_done/20250430_AV233701_20250430_CL_PS-lib3-6/Demultiplexed/Samples/Moonen/A3-8_WTX/A3-8_WTX_R1.fastq.gz
A3_8	/g/steinmetz/STOCKS/User_Dropboxes/moonen/demultiplexing_done/20250430_AV233701_20250430_CL_PS-lib3-6/Demultiplexed/Samples/Moonen/A3-8_WTX/A3-8_WTX_R2.fastq.gz
A3_8	/g/steinmetz/STOCKS/User_Dropboxes/moonen/demultiplexing_done/20250430_AV233701_20250430_CL_PS-lib3-7/Demultiplexed/Samples/Moonen/A3-8_gRNA/A3-8_gRNA_R1.fastq.gz
A3_8	/g/steinmetz/STOCKS/User_Dropboxes/moonen/demultiplexing_done/20250430_AV233701_20250430_CL_PS-lib3-7/Demultiplexed/Samples/Moonen/A3-8_gRNA/A3-8_gRNA_R2.fastq.gz
A3_8	/g/steinmetz/STOCKS/User_Dropboxes/moonen/demultiplexing_done/20250430_AV233701_20250430_CL_PS-lib3-7/Demultiplexed/Samples/Moonen/A3-8_WTX/A3-8_WTX_R1.fastq.gz
A3_8	/g/steinmetz/STOCKS/User_Dropboxes/moonen/demultiplexing_done/20250430_AV233701_20250430_CL_PS-lib3-7/Demultiplexed/Samples/Moonen/A3-8_WTX/A3-8_WTX_R2.fastq.gz
A3_8	/g/steinmetz/STOCKS/User_Dropboxes/moonen/demultiplexing_done/20250502_AV233701_Dewi-PS-library3-8/Demultiplexed/Samples/Moonen/A3-8_gRNA/A3-8_gRNA_R1.fastq.gz
A3_8	/g/steinmetz/STOCKS/User_Dropboxes/moonen/demultiplexing_done/20250502_AV233701_Dewi-PS-library3-8/Demultiplexed/Samples/Moonen/A3-8_gRNA/A3-8_gRNA_R2.fastq.gz
A3_8	/g/steinmetz/STOCKS/User_Dropboxes/moonen/demultiplexing_done/20250502_AV233701_Dewi-PS-library3-8/Demultiplexed/Samples/Moonen/A3-8_WTX/A3-8_WTX_R1.fastq.gz
A3_8	/g/steinmetz/STOCKS/User_Dropboxes/moonen/demultiplexing_done/20250502_AV233701_Dewi-PS-library3-8/Demultiplexed/Samples/Moonen/A3-8_WTX/A3-8_WTX_R2.fastq.gz
A3_8	/g/steinmetz/STOCKS/User_Dropboxes/moonen/demultiplexing_done/20250502_AV233701_Dewi-PS-library3-9/Demultiplexed/Samples/Moonen/A3-8_gRNA/A3-8_gRNA_R1.fastq.gz
A3_8	/g/steinmetz/STOCKS/User_Dropboxes/moonen/demultiplexing_done/20250502_AV233701_Dewi-PS-library3-9/Demultiplexed/Samples/Moonen/A3-8_gRNA/A3-8_gRNA_R2.fastq.gz
A3_8	/g/steinmetz/STOCKS/User_Dropboxes/moonen/demultiplexing_done/20250502_AV233701_Dewi-PS-library3-9/Demultiplexed/Samples/Moonen/A3-8_WTX/A3-8_WTX_R1.fastq.gz
A3_8	/g/steinmetz/STOCKS/User_Dropboxes/moonen/demultiplexing_done/20250502_AV233701_Dewi-PS-library3-9/Demultiplexed/Samples/Moonen/A3-8_WTX/A3-8_WTX_R2.fastq.gz
A3_8	/g/steinmetz/STOCKS/User_Dropboxes/moonen/demultiplexing_done/20250505_AV233701_Dewi-PS-library3-10/Demultiplexed/Samples/Moonen/A3-8_gRNA/A3-8_gRNA_R1.fastq.gz
A3_8	/g/steinmetz/STOCKS/User_Dropboxes/moonen/demultiplexing_done/20250505_AV233701_Dewi-PS-library3-10/Demultiplexed/Samples/Moonen/A3-8_gRNA/A3-8_gRNA_R2.fastq.gz
A3_8	/g/steinmetz/STOCKS/User_Dropboxes/moonen/demultiplexing_done/20250505_AV233701_Dewi-PS-library3-10/Demultiplexed/Samples/Moonen/A3-8_WTX/A3-8_WTX_R1.fastq.gz
A3_8	/g/steinmetz/STOCKS/User_Dropboxes/moonen/demultiplexing_done/20250505_AV233701_Dewi-PS-library3-10/Demultiplexed/Samples/Moonen/A3-8_WTX/A3-8_WTX_R2.fastq.gz
A3_8	/g/steinmetz/STOCKS/User_Dropboxes/moonen/demultiplexing_done/20250505_AV233701_Dewi-PS-library3-11/Demultiplexed/Samples/Moonen/A3-8_gRNA/A3-8_gRNA_R1.fastq.gz
A3_8	/g/steinmetz/STOCKS/User_Dropboxes/moonen/demultiplexing_done/20250505_AV233701_Dewi-PS-library3-11/Demultiplexed/Samples/Moonen/A3-8_gRNA/A3-8_gRNA_R2.fastq.gz
A3_8	/g/steinmetz/STOCKS/User_Dropboxes/moonen/demultiplexing_done/20250505_AV233701_Dewi-PS-library3-11/Demultiplexed/Samples/Moonen/A3-8_WTX/A3-8_WTX_R1.fastq.gz
A3_8	/g/steinmetz/STOCKS/User_Dropboxes/moonen/demultiplexing_done/20250505_AV233701_Dewi-PS-library3-11/Demultiplexed/Samples/Moonen/A3-8_WTX/A3-8_WTX_R2.fastq.gz
A3_8	/g/steinmetz/STOCKS/User_Dropboxes/moonen/demultiplexing_done/20250506_AV233701_Dewi-PS-library3-12/Demultiplexed/Samples/Moonen/A3-8_gRNA/A3-8_gRNA_R1.fastq.gz
A3_8	/g/steinmetz/STOCKS/User_Dropboxes/moonen/demultiplexing_done/20250506_AV233701_Dewi-PS-library3-12/Demultiplexed/Samples/Moonen/A3-8_gRNA/A3-8_gRNA_R2.fastq.gz
A3_8	/g/steinmetz/STOCKS/User_Dropboxes/moonen/demultiplexing_done/20250506_AV233701_Dewi-PS-library3-12/Demultiplexed/Samples/Moonen/A3-8_WTX/A3-8_WTX_R1.fastq.gz
A3_8	/g/steinmetz/STOCKS/User_Dropboxes/moonen/demultiplexing_done/20250506_AV233701_Dewi-PS-library3-12/Demultiplexed/Samples/Moonen/A3-8_WTX/A3-8_WTX_R2.fastq.gz
A6_1	/g/steinmetz/STOCKS/User_Dropboxes/moonen/demultiplexing_done/20250506_AV233701_Dewi-PS-library6-1/Demultiplexed/Samples/Moonen/A6-1_gRNA/A6-1_gRNA_R1.fastq.gz
A6_1	/g/steinmetz/STOCKS/User_Dropboxes/moonen/demultiplexing_done/20250506_AV233701_Dewi-PS-library6-1/Demultiplexed/Samples/Moonen/A6-1_gRNA/A6-1_gRNA_R2.fastq.gz
A6_1	/g/steinmetz/STOCKS/User_Dropboxes/moonen/demultiplexing_done/20250506_AV233701_Dewi-PS-library6-1/Demultiplexed/Samples/Moonen/A6-1_WTX/A6-1_WTX_R1.fastq.gz
A6_1	/g/steinmetz/STOCKS/User_Dropboxes/moonen/demultiplexing_done/20250506_AV233701_Dewi-PS-library6-1/Demultiplexed/Samples/Moonen/A6-1_WTX/A6-1_WTX_R2.fastq.gz
A6_1	/g/steinmetz/STOCKS/User_Dropboxes/moonen/demultiplexing_done/20250507_AV233701_Dewi-PS-library6-2/Demultiplexed/Samples/Moonen/A6-1_gRNA/A6-1_gRNA_R1.fastq.gz
A6_1	/g/steinmetz/STOCKS/User_Dropboxes/moonen/demultiplexing_done/20250507_AV233701_Dewi-PS-library6-2/Demultiplexed/Samples/Moonen/A6-1_gRNA/A6-1_gRNA_R2.fastq.gz
A6_1	/g/steinmetz/STOCKS/User_Dropboxes/moonen/demultiplexing_done/20250507_AV233701_Dewi-PS-library6-2/Demultiplexed/Samples/Moonen/A6-1_WTX/A6-1_WTX_R1.fastq.gz
A6_1	/g/steinmetz/STOCKS/User_Dropboxes/moonen/demultiplexing_done/20250507_AV233701_Dewi-PS-library6-2/Demultiplexed/Samples/Moonen/A6-1_WTX/A6-1_WTX_R2.fastq.gz
A6_1	/g/steinmetz/STOCKS/User_Dropboxes/moonen/demultiplexing_done/20250507_AV233701_Dewi-PS-library6-3/Demultiplexed/Samples/Moonen/A6-1_gRNA/A6-1_gRNA_R1.fastq.gz
A6_1	/g/steinmetz/STOCKS/User_Dropboxes/moonen/demultiplexing_done/20250507_AV233701_Dewi-PS-library6-3/Demultiplexed/Samples/Moonen/A6-1_gRNA/A6-1_gRNA_R2.fastq.gz
A6_1	/g/steinmetz/STOCKS/User_Dropboxes/moonen/demultiplexing_done/20250507_AV233701_Dewi-PS-library6-3/Demultiplexed/Samples/Moonen/A6-1_WTX/A6-1_WTX_R1.fastq.gz
A6_1	/g/steinmetz/STOCKS/User_Dropboxes/moonen/demultiplexing_done/20250507_AV233701_Dewi-PS-library6-3/Demultiplexed/Samples/Moonen/A6-1_WTX/A6-1_WTX_R2.fastq.gz
A6_1	/g/steinmetz/STOCKS/User_Dropboxes/moonen/demultiplexing_done/20250508_AV233701_Dewi-PS-library6-4/Demultiplexed/Samples/Moonen/A6-1_gRNA/A6-1_gRNA_R1.fastq.gz
A6_1	/g/steinmetz/STOCKS/User_Dropboxes/moonen/demultiplexing_done/20250508_AV233701_Dewi-PS-library6-4/Demultiplexed/Samples/Moonen/A6-1_gRNA/A6-1_gRNA_R2.fastq.gz
A6_1	/g/steinmetz/STOCKS/User_Dropboxes/moonen/demultiplexing_done/20250508_AV233701_Dewi-PS-library6-4/Demultiplexed/Samples/Moonen/A6-1_WTX/A6-1_WTX_R1.fastq.gz
A6_1	/g/steinmetz/STOCKS/User_Dropboxes/moonen/demultiplexing_done/20250508_AV233701_Dewi-PS-library6-4/Demultiplexed/Samples/Moonen/A6-1_WTX/A6-1_WTX_R2.fastq.gz
A6_1	/g/steinmetz/STOCKS/User_Dropboxes/moonen/demultiplexing_done/20250508_AV233701_Dewi-PS-library6-5/Demultiplexed/Samples/Moonen/A6-1_gRNA/A6-1_gRNA_R1.fastq.gz
A6_1	/g/steinmetz/STOCKS/User_Dropboxes/moonen/demultiplexing_done/20250508_AV233701_Dewi-PS-library6-5/Demultiplexed/Samples/Moonen/A6-1_gRNA/A6-1_gRNA_R2.fastq.gz
A6_1	/g/steinmetz/STOCKS/User_Dropboxes/moonen/demultiplexing_done/20250508_AV233701_Dewi-PS-library6-5/Demultiplexed/Samples/Moonen/A6-1_WTX/A6-1_WTX_R1.fastq.gz
A6_1	/g/steinmetz/STOCKS/User_Dropboxes/moonen/demultiplexing_done/20250508_AV233701_Dewi-PS-library6-5/Demultiplexed/Samples/Moonen/A6-1_WTX/A6-1_WTX_R2.fastq.gz
A6_1	/g/steinmetz/STOCKS/User_Dropboxes/moonen/demultiplexing_done/20250509_AV233701_Dewi-PS-library6-6/Demultiplexed/Samples/Moonen/A6-1_gRNA/A6-1_gRNA_R1.fastq.gz
A6_1	/g/steinmetz/STOCKS/User_Dropboxes/moonen/demultiplexing_done/20250509_AV233701_Dewi-PS-library6-6/Demultiplexed/Samples/Moonen/A6-1_gRNA/A6-1_gRNA_R2.fastq.gz
A6_1	/g/steinmetz/STOCKS/User_Dropboxes/moonen/demultiplexing_done/20250509_AV233701_Dewi-PS-library6-6/Demultiplexed/Samples/Moonen/A6-1_WTX/A6-1_WTX_R1.fastq.gz
A6_1	/g/steinmetz/STOCKS/User_Dropboxes/moonen/demultiplexing_done/20250509_AV233701_Dewi-PS-library6-6/Demultiplexed/Samples/Moonen/A6-1_WTX/A6-1_WTX_R2.fastq.gz
A6_1	/g/steinmetz/STOCKS/User_Dropboxes/moonen/demultiplexing_done/20250509_AV233701_Dewi-PS-library6-7/Demultiplexed/Samples/Moonen/A6-1_gRNA/A6-1_gRNA_R1.fastq.gz
A6_1	/g/steinmetz/STOCKS/User_Dropboxes/moonen/demultiplexing_done/20250509_AV233701_Dewi-PS-library6-7/Demultiplexed/Samples/Moonen/A6-1_gRNA/A6-1_gRNA_R2.fastq.gz
A6_1	/g/steinmetz/STOCKS/User_Dropboxes/moonen/demultiplexing_done/20250509_AV233701_Dewi-PS-library6-7/Demultiplexed/Samples/Moonen/A6-1_WTX/A6-1_WTX_R1.fastq.gz
A6_1	/g/steinmetz/STOCKS/User_Dropboxes/moonen/demultiplexing_done/20250509_AV233701_Dewi-PS-library6-7/Demultiplexed/Samples/Moonen/A6-1_WTX/A6-1_WTX_R2.fastq.gz
A6_1	/g/steinmetz/STOCKS/User_Dropboxes/moonen/demultiplexing_done/20250512_AV233701_Dewi-PS-library6-8/Demultiplexed/Samples/Moonen/A6-1_gRNA/A6-1_gRNA_R1.fastq.gz
A6_1	/g/steinmetz/STOCKS/User_Dropboxes/moonen/demultiplexing_done/20250512_AV233701_Dewi-PS-library6-8/Demultiplexed/Samples/Moonen/A6-1_gRNA/A6-1_gRNA_R2.fastq.gz
A6_1	/g/steinmetz/STOCKS/User_Dropboxes/moonen/demultiplexing_done/20250512_AV233701_Dewi-PS-library6-8/Demultiplexed/Samples/Moonen/A6-1_WTX/A6-1_WTX_R1.fastq.gz
A6_1	/g/steinmetz/STOCKS/User_Dropboxes/moonen/demultiplexing_done/20250512_AV233701_Dewi-PS-library6-8/Demultiplexed/Samples/Moonen/A6-1_WTX/A6-1_WTX_R2.fastq.gz
A6_1	/g/steinmetz/STOCKS/User_Dropboxes/moonen/demultiplexing_done/20250512_AV233701_Dewi-PS-library6-9/Demultiplexed/Samples/Moonen/A6-1_gRNA/A6-1_gRNA_R1.fastq.gz
A6_1	/g/steinmetz/STOCKS/User_Dropboxes/moonen/demultiplexing_done/20250512_AV233701_Dewi-PS-library6-9/Demultiplexed/Samples/Moonen/A6-1_gRNA/A6-1_gRNA_R2.fastq.gz
A6_1	/g/steinmetz/STOCKS/User_Dropboxes/moonen/demultiplexing_done/20250512_AV233701_Dewi-PS-library6-9/Demultiplexed/Samples/Moonen/A6-1_WTX/A6-1_WTX_R1.fastq.gz
A6_1	/g/steinmetz/STOCKS/User_Dropboxes/moonen/demultiplexing_done/20250512_AV233701_Dewi-PS-library6-9/Demultiplexed/Samples/Moonen/A6-1_WTX/A6-1_WTX_R2.fastq.gz
A6_1	/g/steinmetz/STOCKS/User_Dropboxes/moonen/demultiplexing_done/20250513_AV233701_Dewi-PS-library6-10/Demultiplexed/Samples/Moonen/A6-1_gRNA/A6-1_gRNA_R1.fastq.gz
A6_1	/g/steinmetz/STOCKS/User_Dropboxes/moonen/demultiplexing_done/20250513_AV233701_Dewi-PS-library6-10/Demultiplexed/Samples/Moonen/A6-1_gRNA/A6-1_gRNA_R2.fastq.gz
A6_1	/g/steinmetz/STOCKS/User_Dropboxes/moonen/demultiplexing_done/20250513_AV233701_Dewi-PS-library6-10/Demultiplexed/Samples/Moonen/A6-1_WTX/A6-1_WTX_R1.fastq.gz
A6_1	/g/steinmetz/STOCKS/User_Dropboxes/moonen/demultiplexing_done/20250513_AV233701_Dewi-PS-library6-10/Demultiplexed/Samples/Moonen/A6-1_WTX/A6-1_WTX_R2.fastq.gz
A6_1	/g/steinmetz/STOCKS/User_Dropboxes/moonen/demultiplexing_done/20250513_AV233701_Dewi-PS-library6-11/Demultiplexed/Samples/Moonen/A6-1_gRNA/A6-1_gRNA_R1.fastq.gz
A6_1	/g/steinmetz/STOCKS/User_Dropboxes/moonen/demultiplexing_done/20250513_AV233701_Dewi-PS-library6-11/Demultiplexed/Samples/Moonen/A6-1_gRNA/A6-1_gRNA_R2.fastq.gz
A6_1	/g/steinmetz/STOCKS/User_Dropboxes/moonen/demultiplexing_done/20250513_AV233701_Dewi-PS-library6-11/Demultiplexed/Samples/Moonen/A6-1_WTX/A6-1_WTX_R1.fastq.gz
A6_1	/g/steinmetz/STOCKS/User_Dropboxes/moonen/demultiplexing_done/20250513_AV233701_Dewi-PS-library6-11/Demultiplexed/Samples/Moonen/A6-1_WTX/A6-1_WTX_R2.fastq.gz
A6_1	/g/steinmetz/STOCKS/User_Dropboxes/moonen/demultiplexing_done/20250514_AV233701_Dewi-PS-library6-12/Demultiplexed/Samples/Moonen/A6-1_gRNA/A6-1_gRNA_R1.fastq.gz
A6_1	/g/steinmetz/STOCKS/User_Dropboxes/moonen/demultiplexing_done/20250514_AV233701_Dewi-PS-library6-12/Demultiplexed/Samples/Moonen/A6-1_gRNA/A6-1_gRNA_R2.fastq.gz
A6_1	/g/steinmetz/STOCKS/User_Dropboxes/moonen/demultiplexing_done/20250514_AV233701_Dewi-PS-library6-12/Demultiplexed/Samples/Moonen/A6-1_WTX/A6-1_WTX_R1.fastq.gz
A6_1	/g/steinmetz/STOCKS/User_Dropboxes/moonen/demultiplexing_done/20250514_AV233701_Dewi-PS-library6-12/Demultiplexed/Samples/Moonen/A6-1_WTX/A6-1_WTX_R2.fastq.gz
A6_2	/g/steinmetz/STOCKS/User_Dropboxes/moonen/demultiplexing_done/20250506_AV233701_Dewi-PS-library6-1/Demultiplexed/Samples/Moonen/A6-2_gRNA/A6-2_gRNA_R1.fastq.gz
A6_2	/g/steinmetz/STOCKS/User_Dropboxes/moonen/demultiplexing_done/20250506_AV233701_Dewi-PS-library6-1/Demultiplexed/Samples/Moonen/A6-2_gRNA/A6-2_gRNA_R2.fastq.gz
A6_2	/g/steinmetz/STOCKS/User_Dropboxes/moonen/demultiplexing_done/20250506_AV233701_Dewi-PS-library6-1/Demultiplexed/Samples/Moonen/A6-2_WTX/A6-2_WTX_R1.fastq.gz
A6_2	/g/steinmetz/STOCKS/User_Dropboxes/moonen/demultiplexing_done/20250506_AV233701_Dewi-PS-library6-1/Demultiplexed/Samples/Moonen/A6-2_WTX/A6-2_WTX_R2.fastq.gz
A6_2	/g/steinmetz/STOCKS/User_Dropboxes/moonen/demultiplexing_done/20250507_AV233701_Dewi-PS-library6-2/Demultiplexed/Samples/Moonen/A6-2_gRNA/A6-2_gRNA_R1.fastq.gz
A6_2	/g/steinmetz/STOCKS/User_Dropboxes/moonen/demultiplexing_done/20250507_AV233701_Dewi-PS-library6-2/Demultiplexed/Samples/Moonen/A6-2_gRNA/A6-2_gRNA_R2.fastq.gz
A6_2	/g/steinmetz/STOCKS/User_Dropboxes/moonen/demultiplexing_done/20250507_AV233701_Dewi-PS-library6-2/Demultiplexed/Samples/Moonen/A6-2_WTX/A6-2_WTX_R1.fastq.gz
A6_2	/g/steinmetz/STOCKS/User_Dropboxes/moonen/demultiplexing_done/20250507_AV233701_Dewi-PS-library6-2/Demultiplexed/Samples/Moonen/A6-2_WTX/A6-2_WTX_R2.fastq.gz
A6_2	/g/steinmetz/STOCKS/User_Dropboxes/moonen/demultiplexing_done/20250507_AV233701_Dewi-PS-library6-3/Demultiplexed/Samples/Moonen/A6-2_gRNA/A6-2_gRNA_R1.fastq.gz
A6_2	/g/steinmetz/STOCKS/User_Dropboxes/moonen/demultiplexing_done/20250507_AV233701_Dewi-PS-library6-3/Demultiplexed/Samples/Moonen/A6-2_gRNA/A6-2_gRNA_R2.fastq.gz
A6_2	/g/steinmetz/STOCKS/User_Dropboxes/moonen/demultiplexing_done/20250507_AV233701_Dewi-PS-library6-3/Demultiplexed/Samples/Moonen/A6-2_WTX/A6-2_WTX_R1.fastq.gz
A6_2	/g/steinmetz/STOCKS/User_Dropboxes/moonen/demultiplexing_done/20250507_AV233701_Dewi-PS-library6-3/Demultiplexed/Samples/Moonen/A6-2_WTX/A6-2_WTX_R2.fastq.gz
A6_2	/g/steinmetz/STOCKS/User_Dropboxes/moonen/demultiplexing_done/20250508_AV233701_Dewi-PS-library6-4/Demultiplexed/Samples/Moonen/A6-2_gRNA/A6-2_gRNA_R1.fastq.gz
A6_2	/g/steinmetz/STOCKS/User_Dropboxes/moonen/demultiplexing_done/20250508_AV233701_Dewi-PS-library6-4/Demultiplexed/Samples/Moonen/A6-2_gRNA/A6-2_gRNA_R2.fastq.gz
A6_2	/g/steinmetz/STOCKS/User_Dropboxes/moonen/demultiplexing_done/20250508_AV233701_Dewi-PS-library6-4/Demultiplexed/Samples/Moonen/A6-2_WTX/A6-2_WTX_R1.fastq.gz
A6_2	/g/steinmetz/STOCKS/User_Dropboxes/moonen/demultiplexing_done/20250508_AV233701_Dewi-PS-library6-4/Demultiplexed/Samples/Moonen/A6-2_WTX/A6-2_WTX_R2.fastq.gz
A6_2	/g/steinmetz/STOCKS/User_Dropboxes/moonen/demultiplexing_done/20250508_AV233701_Dewi-PS-library6-5/Demultiplexed/Samples/Moonen/A6-2_gRNA/A6-2_gRNA_R1.fastq.gz
A6_2	/g/steinmetz/STOCKS/User_Dropboxes/moonen/demultiplexing_done/20250508_AV233701_Dewi-PS-library6-5/Demultiplexed/Samples/Moonen/A6-2_gRNA/A6-2_gRNA_R2.fastq.gz
A6_2	/g/steinmetz/STOCKS/User_Dropboxes/moonen/demultiplexing_done/20250508_AV233701_Dewi-PS-library6-5/Demultiplexed/Samples/Moonen/A6-2_WTX/A6-2_WTX_R1.fastq.gz
A6_2	/g/steinmetz/STOCKS/User_Dropboxes/moonen/demultiplexing_done/20250508_AV233701_Dewi-PS-library6-5/Demultiplexed/Samples/Moonen/A6-2_WTX/A6-2_WTX_R2.fastq.gz
A6_2	/g/steinmetz/STOCKS/User_Dropboxes/moonen/demultiplexing_done/20250509_AV233701_Dewi-PS-library6-6/Demultiplexed/Samples/Moonen/A6-2_gRNA/A6-2_gRNA_R1.fastq.gz
A6_2	/g/steinmetz/STOCKS/User_Dropboxes/moonen/demultiplexing_done/20250509_AV233701_Dewi-PS-library6-6/Demultiplexed/Samples/Moonen/A6-2_gRNA/A6-2_gRNA_R2.fastq.gz
A6_2	/g/steinmetz/STOCKS/User_Dropboxes/moonen/demultiplexing_done/20250509_AV233701_Dewi-PS-library6-6/Demultiplexed/Samples/Moonen/A6-2_WTX/A6-2_WTX_R1.fastq.gz
A6_2	/g/steinmetz/STOCKS/User_Dropboxes/moonen/demultiplexing_done/20250509_AV233701_Dewi-PS-library6-6/Demultiplexed/Samples/Moonen/A6-2_WTX/A6-2_WTX_R2.fastq.gz
A6_2	/g/steinmetz/STOCKS/User_Dropboxes/moonen/demultiplexing_done/20250509_AV233701_Dewi-PS-library6-7/Demultiplexed/Samples/Moonen/A6-2_gRNA/A6-2_gRNA_R1.fastq.gz
A6_2	/g/steinmetz/STOCKS/User_Dropboxes/moonen/demultiplexing_done/20250509_AV233701_Dewi-PS-library6-7/Demultiplexed/Samples/Moonen/A6-2_gRNA/A6-2_gRNA_R2.fastq.gz
A6_2	/g/steinmetz/STOCKS/User_Dropboxes/moonen/demultiplexing_done/20250509_AV233701_Dewi-PS-library6-7/Demultiplexed/Samples/Moonen/A6-2_WTX/A6-2_WTX_R1.fastq.gz
A6_2	/g/steinmetz/STOCKS/User_Dropboxes/moonen/demultiplexing_done/20250509_AV233701_Dewi-PS-library6-7/Demultiplexed/Samples/Moonen/A6-2_WTX/A6-2_WTX_R2.fastq.gz
A6_2	/g/steinmetz/STOCKS/User_Dropboxes/moonen/demultiplexing_done/20250512_AV233701_Dewi-PS-library6-8/Demultiplexed/Samples/Moonen/A6-2_gRNA/A6-2_gRNA_R1.fastq.gz
A6_2	/g/steinmetz/STOCKS/User_Dropboxes/moonen/demultiplexing_done/20250512_AV233701_Dewi-PS-library6-8/Demultiplexed/Samples/Moonen/A6-2_gRNA/A6-2_gRNA_R2.fastq.gz
A6_2	/g/steinmetz/STOCKS/User_Dropboxes/moonen/demultiplexing_done/20250512_AV233701_Dewi-PS-library6-8/Demultiplexed/Samples/Moonen/A6-2_WTX/A6-2_WTX_R1.fastq.gz
A6_2	/g/steinmetz/STOCKS/User_Dropboxes/moonen/demultiplexing_done/20250512_AV233701_Dewi-PS-library6-8/Demultiplexed/Samples/Moonen/A6-2_WTX/A6-2_WTX_R2.fastq.gz
A6_2	/g/steinmetz/STOCKS/User_Dropboxes/moonen/demultiplexing_done/20250512_AV233701_Dewi-PS-library6-9/Demultiplexed/Samples/Moonen/A6-2_gRNA/A6-2_gRNA_R1.fastq.gz
A6_2	/g/steinmetz/STOCKS/User_Dropboxes/moonen/demultiplexing_done/20250512_AV233701_Dewi-PS-library6-9/Demultiplexed/Samples/Moonen/A6-2_gRNA/A6-2_gRNA_R2.fastq.gz
A6_2	/g/steinmetz/STOCKS/User_Dropboxes/moonen/demultiplexing_done/20250512_AV233701_Dewi-PS-library6-9/Demultiplexed/Samples/Moonen/A6-2_WTX/A6-2_WTX_R1.fastq.gz
A6_2	/g/steinmetz/STOCKS/User_Dropboxes/moonen/demultiplexing_done/20250512_AV233701_Dewi-PS-library6-9/Demultiplexed/Samples/Moonen/A6-2_WTX/A6-2_WTX_R2.fastq.gz
A6_2	/g/steinmetz/STOCKS/User_Dropboxes/moonen/demultiplexing_done/20250513_AV233701_Dewi-PS-library6-10/Demultiplexed/Samples/Moonen/A6-2_gRNA/A6-2_gRNA_R1.fastq.gz
A6_2	/g/steinmetz/STOCKS/User_Dropboxes/moonen/demultiplexing_done/20250513_AV233701_Dewi-PS-library6-10/Demultiplexed/Samples/Moonen/A6-2_gRNA/A6-2_gRNA_R2.fastq.gz
A6_2	/g/steinmetz/STOCKS/User_Dropboxes/moonen/demultiplexing_done/20250513_AV233701_Dewi-PS-library6-10/Demultiplexed/Samples/Moonen/A6-2_WTX/A6-2_WTX_R1.fastq.gz
A6_2	/g/steinmetz/STOCKS/User_Dropboxes/moonen/demultiplexing_done/20250513_AV233701_Dewi-PS-library6-10/Demultiplexed/Samples/Moonen/A6-2_WTX/A6-2_WTX_R2.fastq.gz
A6_2	/g/steinmetz/STOCKS/User_Dropboxes/moonen/demultiplexing_done/20250513_AV233701_Dewi-PS-library6-11/Demultiplexed/Samples/Moonen/A6-2_gRNA/A6-2_gRNA_R1.fastq.gz
A6_2	/g/steinmetz/STOCKS/User_Dropboxes/moonen/demultiplexing_done/20250513_AV233701_Dewi-PS-library6-11/Demultiplexed/Samples/Moonen/A6-2_gRNA/A6-2_gRNA_R2.fastq.gz
A6_2	/g/steinmetz/STOCKS/User_Dropboxes/moonen/demultiplexing_done/20250513_AV233701_Dewi-PS-library6-11/Demultiplexed/Samples/Moonen/A6-2_WTX/A6-2_WTX_R1.fastq.gz
A6_2	/g/steinmetz/STOCKS/User_Dropboxes/moonen/demultiplexing_done/20250513_AV233701_Dewi-PS-library6-11/Demultiplexed/Samples/Moonen/A6-2_WTX/A6-2_WTX_R2.fastq.gz
A6_2	/g/steinmetz/STOCKS/User_Dropboxes/moonen/demultiplexing_done/20250514_AV233701_Dewi-PS-library6-12/Demultiplexed/Samples/Moonen/A6-2_gRNA/A6-2_gRNA_R1.fastq.gz
A6_2	/g/steinmetz/STOCKS/User_Dropboxes/moonen/demultiplexing_done/20250514_AV233701_Dewi-PS-library6-12/Demultiplexed/Samples/Moonen/A6-2_gRNA/A6-2_gRNA_R2.fastq.gz
A6_2	/g/steinmetz/STOCKS/User_Dropboxes/moonen/demultiplexing_done/20250514_AV233701_Dewi-PS-library6-12/Demultiplexed/Samples/Moonen/A6-2_WTX/A6-2_WTX_R1.fastq.gz
A6_2	/g/steinmetz/STOCKS/User_Dropboxes/moonen/demultiplexing_done/20250514_AV233701_Dewi-PS-library6-12/Demultiplexed/Samples/Moonen/A6-2_WTX/A6-2_WTX_R2.fastq.gz
A6_3	/g/steinmetz/STOCKS/User_Dropboxes/moonen/demultiplexing_done/20250506_AV233701_Dewi-PS-library6-1/Demultiplexed/Samples/Moonen/A6-3_gRNA/A6-3_gRNA_R1.fastq.gz
A6_3	/g/steinmetz/STOCKS/User_Dropboxes/moonen/demultiplexing_done/20250506_AV233701_Dewi-PS-library6-1/Demultiplexed/Samples/Moonen/A6-3_gRNA/A6-3_gRNA_R2.fastq.gz
A6_3	/g/steinmetz/STOCKS/User_Dropboxes/moonen/demultiplexing_done/20250506_AV233701_Dewi-PS-library6-1/Demultiplexed/Samples/Moonen/A6-3_WTX/A6-3_WTX_R1.fastq.gz
A6_3	/g/steinmetz/STOCKS/User_Dropboxes/moonen/demultiplexing_done/20250506_AV233701_Dewi-PS-library6-1/Demultiplexed/Samples/Moonen/A6-3_WTX/A6-3_WTX_R2.fastq.gz
A6_3	/g/steinmetz/STOCKS/User_Dropboxes/moonen/demultiplexing_done/20250507_AV233701_Dewi-PS-library6-2/Demultiplexed/Samples/Moonen/A6-3_gRNA/A6-3_gRNA_R1.fastq.gz
A6_3	/g/steinmetz/STOCKS/User_Dropboxes/moonen/demultiplexing_done/20250507_AV233701_Dewi-PS-library6-2/Demultiplexed/Samples/Moonen/A6-3_gRNA/A6-3_gRNA_R2.fastq.gz
A6_3	/g/steinmetz/STOCKS/User_Dropboxes/moonen/demultiplexing_done/20250507_AV233701_Dewi-PS-library6-2/Demultiplexed/Samples/Moonen/A6-3_WTX/A6-3_WTX_R1.fastq.gz
A6_3	/g/steinmetz/STOCKS/User_Dropboxes/moonen/demultiplexing_done/20250507_AV233701_Dewi-PS-library6-2/Demultiplexed/Samples/Moonen/A6-3_WTX/A6-3_WTX_R2.fastq.gz
A6_3	/g/steinmetz/STOCKS/User_Dropboxes/moonen/demultiplexing_done/20250507_AV233701_Dewi-PS-library6-3/Demultiplexed/Samples/Moonen/A6-3_gRNA/A6-3_gRNA_R1.fastq.gz
A6_3	/g/steinmetz/STOCKS/User_Dropboxes/moonen/demultiplexing_done/20250507_AV233701_Dewi-PS-library6-3/Demultiplexed/Samples/Moonen/A6-3_gRNA/A6-3_gRNA_R2.fastq.gz
A6_3	/g/steinmetz/STOCKS/User_Dropboxes/moonen/demultiplexing_done/20250507_AV233701_Dewi-PS-library6-3/Demultiplexed/Samples/Moonen/A6-3_WTX/A6-3_WTX_R1.fastq.gz
A6_3	/g/steinmetz/STOCKS/User_Dropboxes/moonen/demultiplexing_done/20250507_AV233701_Dewi-PS-library6-3/Demultiplexed/Samples/Moonen/A6-3_WTX/A6-3_WTX_R2.fastq.gz
A6_3	/g/steinmetz/STOCKS/User_Dropboxes/moonen/demultiplexing_done/20250508_AV233701_Dewi-PS-library6-4/Demultiplexed/Samples/Moonen/A6-3_gRNA/A6-3_gRNA_R1.fastq.gz
A6_3	/g/steinmetz/STOCKS/User_Dropboxes/moonen/demultiplexing_done/20250508_AV233701_Dewi-PS-library6-4/Demultiplexed/Samples/Moonen/A6-3_gRNA/A6-3_gRNA_R2.fastq.gz
A6_3	/g/steinmetz/STOCKS/User_Dropboxes/moonen/demultiplexing_done/20250508_AV233701_Dewi-PS-library6-4/Demultiplexed/Samples/Moonen/A6-3_WTX/A6-3_WTX_R1.fastq.gz
A6_3	/g/steinmetz/STOCKS/User_Dropboxes/moonen/demultiplexing_done/20250508_AV233701_Dewi-PS-library6-4/Demultiplexed/Samples/Moonen/A6-3_WTX/A6-3_WTX_R2.fastq.gz
A6_3	/g/steinmetz/STOCKS/User_Dropboxes/moonen/demultiplexing_done/20250508_AV233701_Dewi-PS-library6-5/Demultiplexed/Samples/Moonen/A6-3_gRNA/A6-3_gRNA_R1.fastq.gz
A6_3	/g/steinmetz/STOCKS/User_Dropboxes/moonen/demultiplexing_done/20250508_AV233701_Dewi-PS-library6-5/Demultiplexed/Samples/Moonen/A6-3_gRNA/A6-3_gRNA_R2.fastq.gz
A6_3	/g/steinmetz/STOCKS/User_Dropboxes/moonen/demultiplexing_done/20250508_AV233701_Dewi-PS-library6-5/Demultiplexed/Samples/Moonen/A6-3_WTX/A6-3_WTX_R1.fastq.gz
A6_3	/g/steinmetz/STOCKS/User_Dropboxes/moonen/demultiplexing_done/20250508_AV233701_Dewi-PS-library6-5/Demultiplexed/Samples/Moonen/A6-3_WTX/A6-3_WTX_R2.fastq.gz
A6_3	/g/steinmetz/STOCKS/User_Dropboxes/moonen/demultiplexing_done/20250509_AV233701_Dewi-PS-library6-6/Demultiplexed/Samples/Moonen/A6-3_gRNA/A6-3_gRNA_R1.fastq.gz
A6_3	/g/steinmetz/STOCKS/User_Dropboxes/moonen/demultiplexing_done/20250509_AV233701_Dewi-PS-library6-6/Demultiplexed/Samples/Moonen/A6-3_gRNA/A6-3_gRNA_R2.fastq.gz
A6_3	/g/steinmetz/STOCKS/User_Dropboxes/moonen/demultiplexing_done/20250509_AV233701_Dewi-PS-library6-6/Demultiplexed/Samples/Moonen/A6-3_WTX/A6-3_WTX_R1.fastq.gz
A6_3	/g/steinmetz/STOCKS/User_Dropboxes/moonen/demultiplexing_done/20250509_AV233701_Dewi-PS-library6-6/Demultiplexed/Samples/Moonen/A6-3_WTX/A6-3_WTX_R2.fastq.gz
A6_3	/g/steinmetz/STOCKS/User_Dropboxes/moonen/demultiplexing_done/20250509_AV233701_Dewi-PS-library6-7/Demultiplexed/Samples/Moonen/A6-3_gRNA/A6-3_gRNA_R1.fastq.gz
A6_3	/g/steinmetz/STOCKS/User_Dropboxes/moonen/demultiplexing_done/20250509_AV233701_Dewi-PS-library6-7/Demultiplexed/Samples/Moonen/A6-3_gRNA/A6-3_gRNA_R2.fastq.gz
A6_3	/g/steinmetz/STOCKS/User_Dropboxes/moonen/demultiplexing_done/20250509_AV233701_Dewi-PS-library6-7/Demultiplexed/Samples/Moonen/A6-3_WTX/A6-3_WTX_R1.fastq.gz
A6_3	/g/steinmetz/STOCKS/User_Dropboxes/moonen/demultiplexing_done/20250509_AV233701_Dewi-PS-library6-7/Demultiplexed/Samples/Moonen/A6-3_WTX/A6-3_WTX_R2.fastq.gz
A6_3	/g/steinmetz/STOCKS/User_Dropboxes/moonen/demultiplexing_done/20250512_AV233701_Dewi-PS-library6-8/Demultiplexed/Samples/Moonen/A6-3_gRNA/A6-3_gRNA_R1.fastq.gz
A6_3	/g/steinmetz/STOCKS/User_Dropboxes/moonen/demultiplexing_done/20250512_AV233701_Dewi-PS-library6-8/Demultiplexed/Samples/Moonen/A6-3_gRNA/A6-3_gRNA_R2.fastq.gz
A6_3	/g/steinmetz/STOCKS/User_Dropboxes/moonen/demultiplexing_done/20250512_AV233701_Dewi-PS-library6-8/Demultiplexed/Samples/Moonen/A6-3_WTX/A6-3_WTX_R1.fastq.gz
A6_3	/g/steinmetz/STOCKS/User_Dropboxes/moonen/demultiplexing_done/20250512_AV233701_Dewi-PS-library6-8/Demultiplexed/Samples/Moonen/A6-3_WTX/A6-3_WTX_R2.fastq.gz
A6_3	/g/steinmetz/STOCKS/User_Dropboxes/moonen/demultiplexing_done/20250512_AV233701_Dewi-PS-library6-9/Demultiplexed/Samples/Moonen/A6-3_gRNA/A6-3_gRNA_R1.fastq.gz
A6_3	/g/steinmetz/STOCKS/User_Dropboxes/moonen/demultiplexing_done/20250512_AV233701_Dewi-PS-library6-9/Demultiplexed/Samples/Moonen/A6-3_gRNA/A6-3_gRNA_R2.fastq.gz
A6_3	/g/steinmetz/STOCKS/User_Dropboxes/moonen/demultiplexing_done/20250512_AV233701_Dewi-PS-library6-9/Demultiplexed/Samples/Moonen/A6-3_WTX/A6-3_WTX_R1.fastq.gz
A6_3	/g/steinmetz/STOCKS/User_Dropboxes/moonen/demultiplexing_done/20250512_AV233701_Dewi-PS-library6-9/Demultiplexed/Samples/Moonen/A6-3_WTX/A6-3_WTX_R2.fastq.gz
A6_3	/g/steinmetz/STOCKS/User_Dropboxes/moonen/demultiplexing_done/20250513_AV233701_Dewi-PS-library6-10/Demultiplexed/Samples/Moonen/A6-3_gRNA/A6-3_gRNA_R1.fastq.gz
A6_3	/g/steinmetz/STOCKS/User_Dropboxes/moonen/demultiplexing_done/20250513_AV233701_Dewi-PS-library6-10/Demultiplexed/Samples/Moonen/A6-3_gRNA/A6-3_gRNA_R2.fastq.gz
A6_3	/g/steinmetz/STOCKS/User_Dropboxes/moonen/demultiplexing_done/20250513_AV233701_Dewi-PS-library6-10/Demultiplexed/Samples/Moonen/A6-3_WTX/A6-3_WTX_R1.fastq.gz
A6_3	/g/steinmetz/STOCKS/User_Dropboxes/moonen/demultiplexing_done/20250513_AV233701_Dewi-PS-library6-10/Demultiplexed/Samples/Moonen/A6-3_WTX/A6-3_WTX_R2.fastq.gz
A6_3	/g/steinmetz/STOCKS/User_Dropboxes/moonen/demultiplexing_done/20250513_AV233701_Dewi-PS-library6-11/Demultiplexed/Samples/Moonen/A6-3_gRNA/A6-3_gRNA_R1.fastq.gz
A6_3	/g/steinmetz/STOCKS/User_Dropboxes/moonen/demultiplexing_done/20250513_AV233701_Dewi-PS-library6-11/Demultiplexed/Samples/Moonen/A6-3_gRNA/A6-3_gRNA_R2.fastq.gz
A6_3	/g/steinmetz/STOCKS/User_Dropboxes/moonen/demultiplexing_done/20250513_AV233701_Dewi-PS-library6-11/Demultiplexed/Samples/Moonen/A6-3_WTX/A6-3_WTX_R1.fastq.gz
A6_3	/g/steinmetz/STOCKS/User_Dropboxes/moonen/demultiplexing_done/20250513_AV233701_Dewi-PS-library6-11/Demultiplexed/Samples/Moonen/A6-3_WTX/A6-3_WTX_R2.fastq.gz
A6_3	/g/steinmetz/STOCKS/User_Dropboxes/moonen/demultiplexing_done/20250514_AV233701_Dewi-PS-library6-12/Demultiplexed/Samples/Moonen/A6-3_gRNA/A6-3_gRNA_R1.fastq.gz
A6_3	/g/steinmetz/STOCKS/User_Dropboxes/moonen/demultiplexing_done/20250514_AV233701_Dewi-PS-library6-12/Demultiplexed/Samples/Moonen/A6-3_gRNA/A6-3_gRNA_R2.fastq.gz
A6_3	/g/steinmetz/STOCKS/User_Dropboxes/moonen/demultiplexing_done/20250514_AV233701_Dewi-PS-library6-12/Demultiplexed/Samples/Moonen/A6-3_WTX/A6-3_WTX_R1.fastq.gz
A6_3	/g/steinmetz/STOCKS/User_Dropboxes/moonen/demultiplexing_done/20250514_AV233701_Dewi-PS-library6-12/Demultiplexed/Samples/Moonen/A6-3_WTX/A6-3_WTX_R2.fastq.gz
A6_4	/g/steinmetz/STOCKS/User_Dropboxes/moonen/demultiplexing_done/20250506_AV233701_Dewi-PS-library6-1/Demultiplexed/Samples/Moonen/A6-4_gRNA/A6-4_gRNA_R1.fastq.gz
A6_4	/g/steinmetz/STOCKS/User_Dropboxes/moonen/demultiplexing_done/20250506_AV233701_Dewi-PS-library6-1/Demultiplexed/Samples/Moonen/A6-4_gRNA/A6-4_gRNA_R2.fastq.gz
A6_4	/g/steinmetz/STOCKS/User_Dropboxes/moonen/demultiplexing_done/20250506_AV233701_Dewi-PS-library6-1/Demultiplexed/Samples/Moonen/A6-4_WTX/A6-4_WTX_R1.fastq.gz
A6_4	/g/steinmetz/STOCKS/User_Dropboxes/moonen/demultiplexing_done/20250506_AV233701_Dewi-PS-library6-1/Demultiplexed/Samples/Moonen/A6-4_WTX/A6-4_WTX_R2.fastq.gz
A6_4	/g/steinmetz/STOCKS/User_Dropboxes/moonen/demultiplexing_done/20250507_AV233701_Dewi-PS-library6-2/Demultiplexed/Samples/Moonen/A6-4_gRNA/A6-4_gRNA_R1.fastq.gz
A6_4	/g/steinmetz/STOCKS/User_Dropboxes/moonen/demultiplexing_done/20250507_AV233701_Dewi-PS-library6-2/Demultiplexed/Samples/Moonen/A6-4_gRNA/A6-4_gRNA_R2.fastq.gz
A6_4	/g/steinmetz/STOCKS/User_Dropboxes/moonen/demultiplexing_done/20250507_AV233701_Dewi-PS-library6-2/Demultiplexed/Samples/Moonen/A6-4_WTX/A6-4_WTX_R1.fastq.gz
A6_4	/g/steinmetz/STOCKS/User_Dropboxes/moonen/demultiplexing_done/20250507_AV233701_Dewi-PS-library6-2/Demultiplexed/Samples/Moonen/A6-4_WTX/A6-4_WTX_R2.fastq.gz
A6_4	/g/steinmetz/STOCKS/User_Dropboxes/moonen/demultiplexing_done/20250507_AV233701_Dewi-PS-library6-3/Demultiplexed/Samples/Moonen/A6-4_gRNA/A6-4_gRNA_R1.fastq.gz
A6_4	/g/steinmetz/STOCKS/User_Dropboxes/moonen/demultiplexing_done/20250507_AV233701_Dewi-PS-library6-3/Demultiplexed/Samples/Moonen/A6-4_gRNA/A6-4_gRNA_R2.fastq.gz
A6_4	/g/steinmetz/STOCKS/User_Dropboxes/moonen/demultiplexing_done/20250507_AV233701_Dewi-PS-library6-3/Demultiplexed/Samples/Moonen/A6-4_WTX/A6-4_WTX_R1.fastq.gz
A6_4	/g/steinmetz/STOCKS/User_Dropboxes/moonen/demultiplexing_done/20250507_AV233701_Dewi-PS-library6-3/Demultiplexed/Samples/Moonen/A6-4_WTX/A6-4_WTX_R2.fastq.gz
A6_4	/g/steinmetz/STOCKS/User_Dropboxes/moonen/demultiplexing_done/20250508_AV233701_Dewi-PS-library6-4/Demultiplexed/Samples/Moonen/A6-4_gRNA/A6-4_gRNA_R1.fastq.gz
A6_4	/g/steinmetz/STOCKS/User_Dropboxes/moonen/demultiplexing_done/20250508_AV233701_Dewi-PS-library6-4/Demultiplexed/Samples/Moonen/A6-4_gRNA/A6-4_gRNA_R2.fastq.gz
A6_4	/g/steinmetz/STOCKS/User_Dropboxes/moonen/demultiplexing_done/20250508_AV233701_Dewi-PS-library6-4/Demultiplexed/Samples/Moonen/A6-4_WTX/A6-4_WTX_R1.fastq.gz
A6_4	/g/steinmetz/STOCKS/User_Dropboxes/moonen/demultiplexing_done/20250508_AV233701_Dewi-PS-library6-4/Demultiplexed/Samples/Moonen/A6-4_WTX/A6-4_WTX_R2.fastq.gz
A6_4	/g/steinmetz/STOCKS/User_Dropboxes/moonen/demultiplexing_done/20250508_AV233701_Dewi-PS-library6-5/Demultiplexed/Samples/Moonen/A6-4_gRNA/A6-4_gRNA_R1.fastq.gz
A6_4	/g/steinmetz/STOCKS/User_Dropboxes/moonen/demultiplexing_done/20250508_AV233701_Dewi-PS-library6-5/Demultiplexed/Samples/Moonen/A6-4_gRNA/A6-4_gRNA_R2.fastq.gz
A6_4	/g/steinmetz/STOCKS/User_Dropboxes/moonen/demultiplexing_done/20250508_AV233701_Dewi-PS-library6-5/Demultiplexed/Samples/Moonen/A6-4_WTX/A6-4_WTX_R1.fastq.gz
A6_4	/g/steinmetz/STOCKS/User_Dropboxes/moonen/demultiplexing_done/20250508_AV233701_Dewi-PS-library6-5/Demultiplexed/Samples/Moonen/A6-4_WTX/A6-4_WTX_R2.fastq.gz
A6_4	/g/steinmetz/STOCKS/User_Dropboxes/moonen/demultiplexing_done/20250509_AV233701_Dewi-PS-library6-6/Demultiplexed/Samples/Moonen/A6-4_gRNA/A6-4_gRNA_R1.fastq.gz
A6_4	/g/steinmetz/STOCKS/User_Dropboxes/moonen/demultiplexing_done/20250509_AV233701_Dewi-PS-library6-6/Demultiplexed/Samples/Moonen/A6-4_gRNA/A6-4_gRNA_R2.fastq.gz
A6_4	/g/steinmetz/STOCKS/User_Dropboxes/moonen/demultiplexing_done/20250509_AV233701_Dewi-PS-library6-6/Demultiplexed/Samples/Moonen/A6-4_WTX/A6-4_WTX_R1.fastq.gz
A6_4	/g/steinmetz/STOCKS/User_Dropboxes/moonen/demultiplexing_done/20250509_AV233701_Dewi-PS-library6-6/Demultiplexed/Samples/Moonen/A6-4_WTX/A6-4_WTX_R2.fastq.gz
A6_4	/g/steinmetz/STOCKS/User_Dropboxes/moonen/demultiplexing_done/20250509_AV233701_Dewi-PS-library6-7/Demultiplexed/Samples/Moonen/A6-4_gRNA/A6-4_gRNA_R1.fastq.gz
A6_4	/g/steinmetz/STOCKS/User_Dropboxes/moonen/demultiplexing_done/20250509_AV233701_Dewi-PS-library6-7/Demultiplexed/Samples/Moonen/A6-4_gRNA/A6-4_gRNA_R2.fastq.gz
A6_4	/g/steinmetz/STOCKS/User_Dropboxes/moonen/demultiplexing_done/20250509_AV233701_Dewi-PS-library6-7/Demultiplexed/Samples/Moonen/A6-4_WTX/A6-4_WTX_R1.fastq.gz
A6_4	/g/steinmetz/STOCKS/User_Dropboxes/moonen/demultiplexing_done/20250509_AV233701_Dewi-PS-library6-7/Demultiplexed/Samples/Moonen/A6-4_WTX/A6-4_WTX_R2.fastq.gz
A6_4	/g/steinmetz/STOCKS/User_Dropboxes/moonen/demultiplexing_done/20250512_AV233701_Dewi-PS-library6-8/Demultiplexed/Samples/Moonen/A6-4_gRNA/A6-4_gRNA_R1.fastq.gz
A6_4	/g/steinmetz/STOCKS/User_Dropboxes/moonen/demultiplexing_done/20250512_AV233701_Dewi-PS-library6-8/Demultiplexed/Samples/Moonen/A6-4_gRNA/A6-4_gRNA_R2.fastq.gz
A6_4	/g/steinmetz/STOCKS/User_Dropboxes/moonen/demultiplexing_done/20250512_AV233701_Dewi-PS-library6-8/Demultiplexed/Samples/Moonen/A6-4_WTX/A6-4_WTX_R1.fastq.gz
A6_4	/g/steinmetz/STOCKS/User_Dropboxes/moonen/demultiplexing_done/20250512_AV233701_Dewi-PS-library6-8/Demultiplexed/Samples/Moonen/A6-4_WTX/A6-4_WTX_R2.fastq.gz
A6_4	/g/steinmetz/STOCKS/User_Dropboxes/moonen/demultiplexing_done/20250512_AV233701_Dewi-PS-library6-9/Demultiplexed/Samples/Moonen/A6-4_gRNA/A6-4_gRNA_R1.fastq.gz
A6_4	/g/steinmetz/STOCKS/User_Dropboxes/moonen/demultiplexing_done/20250512_AV233701_Dewi-PS-library6-9/Demultiplexed/Samples/Moonen/A6-4_gRNA/A6-4_gRNA_R2.fastq.gz
A6_4	/g/steinmetz/STOCKS/User_Dropboxes/moonen/demultiplexing_done/20250512_AV233701_Dewi-PS-library6-9/Demultiplexed/Samples/Moonen/A6-4_WTX/A6-4_WTX_R1.fastq.gz
A6_4	/g/steinmetz/STOCKS/User_Dropboxes/moonen/demultiplexing_done/20250512_AV233701_Dewi-PS-library6-9/Demultiplexed/Samples/Moonen/A6-4_WTX/A6-4_WTX_R2.fastq.gz
A6_4	/g/steinmetz/STOCKS/User_Dropboxes/moonen/demultiplexing_done/20250513_AV233701_Dewi-PS-library6-10/Demultiplexed/Samples/Moonen/A6-4_gRNA/A6-4_gRNA_R1.fastq.gz
A6_4	/g/steinmetz/STOCKS/User_Dropboxes/moonen/demultiplexing_done/20250513_AV233701_Dewi-PS-library6-10/Demultiplexed/Samples/Moonen/A6-4_gRNA/A6-4_gRNA_R2.fastq.gz
A6_4	/g/steinmetz/STOCKS/User_Dropboxes/moonen/demultiplexing_done/20250513_AV233701_Dewi-PS-library6-10/Demultiplexed/Samples/Moonen/A6-4_WTX/A6-4_WTX_R1.fastq.gz
A6_4	/g/steinmetz/STOCKS/User_Dropboxes/moonen/demultiplexing_done/20250513_AV233701_Dewi-PS-library6-10/Demultiplexed/Samples/Moonen/A6-4_WTX/A6-4_WTX_R2.fastq.gz
A6_4	/g/steinmetz/STOCKS/User_Dropboxes/moonen/demultiplexing_done/20250513_AV233701_Dewi-PS-library6-11/Demultiplexed/Samples/Moonen/A6-4_gRNA/A6-4_gRNA_R1.fastq.gz
A6_4	/g/steinmetz/STOCKS/User_Dropboxes/moonen/demultiplexing_done/20250513_AV233701_Dewi-PS-library6-11/Demultiplexed/Samples/Moonen/A6-4_gRNA/A6-4_gRNA_R2.fastq.gz
A6_4	/g/steinmetz/STOCKS/User_Dropboxes/moonen/demultiplexing_done/20250513_AV233701_Dewi-PS-library6-11/Demultiplexed/Samples/Moonen/A6-4_WTX/A6-4_WTX_R1.fastq.gz
A6_4	/g/steinmetz/STOCKS/User_Dropboxes/moonen/demultiplexing_done/20250513_AV233701_Dewi-PS-library6-11/Demultiplexed/Samples/Moonen/A6-4_WTX/A6-4_WTX_R2.fastq.gz
A6_4	/g/steinmetz/STOCKS/User_Dropboxes/moonen/demultiplexing_done/20250514_AV233701_Dewi-PS-library6-12/Demultiplexed/Samples/Moonen/A6-4_gRNA/A6-4_gRNA_R1.fastq.gz
A6_4	/g/steinmetz/STOCKS/User_Dropboxes/moonen/demultiplexing_done/20250514_AV233701_Dewi-PS-library6-12/Demultiplexed/Samples/Moonen/A6-4_gRNA/A6-4_gRNA_R2.fastq.gz
A6_4	/g/steinmetz/STOCKS/User_Dropboxes/moonen/demultiplexing_done/20250514_AV233701_Dewi-PS-library6-12/Demultiplexed/Samples/Moonen/A6-4_WTX/A6-4_WTX_R1.fastq.gz
A6_4	/g/steinmetz/STOCKS/User_Dropboxes/moonen/demultiplexing_done/20250514_AV233701_Dewi-PS-library6-12/Demultiplexed/Samples/Moonen/A6-4_WTX/A6-4_WTX_R2.fastq.gz
A6_5	/g/steinmetz/STOCKS/User_Dropboxes/moonen/demultiplexing_done/20250506_AV233701_Dewi-PS-library6-1/Demultiplexed/Samples/Moonen/A6-5_gRNA/A6-5_gRNA_R1.fastq.gz
A6_5	/g/steinmetz/STOCKS/User_Dropboxes/moonen/demultiplexing_done/20250506_AV233701_Dewi-PS-library6-1/Demultiplexed/Samples/Moonen/A6-5_gRNA/A6-5_gRNA_R2.fastq.gz
A6_5	/g/steinmetz/STOCKS/User_Dropboxes/moonen/demultiplexing_done/20250506_AV233701_Dewi-PS-library6-1/Demultiplexed/Samples/Moonen/A6-5_WTX/A6-5_WTX_R1.fastq.gz
A6_5	/g/steinmetz/STOCKS/User_Dropboxes/moonen/demultiplexing_done/20250506_AV233701_Dewi-PS-library6-1/Demultiplexed/Samples/Moonen/A6-5_WTX/A6-5_WTX_R2.fastq.gz
A6_5	/g/steinmetz/STOCKS/User_Dropboxes/moonen/demultiplexing_done/20250507_AV233701_Dewi-PS-library6-2/Demultiplexed/Samples/Moonen/A6-5_gRNA/A6-5_gRNA_R1.fastq.gz
A6_5	/g/steinmetz/STOCKS/User_Dropboxes/moonen/demultiplexing_done/20250507_AV233701_Dewi-PS-library6-2/Demultiplexed/Samples/Moonen/A6-5_gRNA/A6-5_gRNA_R2.fastq.gz
A6_5	/g/steinmetz/STOCKS/User_Dropboxes/moonen/demultiplexing_done/20250507_AV233701_Dewi-PS-library6-2/Demultiplexed/Samples/Moonen/A6-5_WTX/A6-5_WTX_R1.fastq.gz
A6_5	/g/steinmetz/STOCKS/User_Dropboxes/moonen/demultiplexing_done/20250507_AV233701_Dewi-PS-library6-2/Demultiplexed/Samples/Moonen/A6-5_WTX/A6-5_WTX_R2.fastq.gz
A6_5	/g/steinmetz/STOCKS/User_Dropboxes/moonen/demultiplexing_done/20250507_AV233701_Dewi-PS-library6-3/Demultiplexed/Samples/Moonen/A6-5_gRNA/A6-5_gRNA_R1.fastq.gz
A6_5	/g/steinmetz/STOCKS/User_Dropboxes/moonen/demultiplexing_done/20250507_AV233701_Dewi-PS-library6-3/Demultiplexed/Samples/Moonen/A6-5_gRNA/A6-5_gRNA_R2.fastq.gz
A6_5	/g/steinmetz/STOCKS/User_Dropboxes/moonen/demultiplexing_done/20250507_AV233701_Dewi-PS-library6-3/Demultiplexed/Samples/Moonen/A6-5_WTX/A6-5_WTX_R1.fastq.gz
A6_5	/g/steinmetz/STOCKS/User_Dropboxes/moonen/demultiplexing_done/20250507_AV233701_Dewi-PS-library6-3/Demultiplexed/Samples/Moonen/A6-5_WTX/A6-5_WTX_R2.fastq.gz
A6_5	/g/steinmetz/STOCKS/User_Dropboxes/moonen/demultiplexing_done/20250508_AV233701_Dewi-PS-library6-4/Demultiplexed/Samples/Moonen/A6-5_gRNA/A6-5_gRNA_R1.fastq.gz
A6_5	/g/steinmetz/STOCKS/User_Dropboxes/moonen/demultiplexing_done/20250508_AV233701_Dewi-PS-library6-4/Demultiplexed/Samples/Moonen/A6-5_gRNA/A6-5_gRNA_R2.fastq.gz
A6_5	/g/steinmetz/STOCKS/User_Dropboxes/moonen/demultiplexing_done/20250508_AV233701_Dewi-PS-library6-4/Demultiplexed/Samples/Moonen/A6-5_WTX/A6-5_WTX_R1.fastq.gz
A6_5	/g/steinmetz/STOCKS/User_Dropboxes/moonen/demultiplexing_done/20250508_AV233701_Dewi-PS-library6-4/Demultiplexed/Samples/Moonen/A6-5_WTX/A6-5_WTX_R2.fastq.gz
A6_5	/g/steinmetz/STOCKS/User_Dropboxes/moonen/demultiplexing_done/20250508_AV233701_Dewi-PS-library6-5/Demultiplexed/Samples/Moonen/A6-5_gRNA/A6-5_gRNA_R1.fastq.gz
A6_5	/g/steinmetz/STOCKS/User_Dropboxes/moonen/demultiplexing_done/20250508_AV233701_Dewi-PS-library6-5/Demultiplexed/Samples/Moonen/A6-5_gRNA/A6-5_gRNA_R2.fastq.gz
A6_5	/g/steinmetz/STOCKS/User_Dropboxes/moonen/demultiplexing_done/20250508_AV233701_Dewi-PS-library6-5/Demultiplexed/Samples/Moonen/A6-5_WTX/A6-5_WTX_R1.fastq.gz
A6_5	/g/steinmetz/STOCKS/User_Dropboxes/moonen/demultiplexing_done/20250508_AV233701_Dewi-PS-library6-5/Demultiplexed/Samples/Moonen/A6-5_WTX/A6-5_WTX_R2.fastq.gz
A6_5	/g/steinmetz/STOCKS/User_Dropboxes/moonen/demultiplexing_done/20250509_AV233701_Dewi-PS-library6-6/Demultiplexed/Samples/Moonen/A6-5_gRNA/A6-5_gRNA_R1.fastq.gz
A6_5	/g/steinmetz/STOCKS/User_Dropboxes/moonen/demultiplexing_done/20250509_AV233701_Dewi-PS-library6-6/Demultiplexed/Samples/Moonen/A6-5_gRNA/A6-5_gRNA_R2.fastq.gz
A6_5	/g/steinmetz/STOCKS/User_Dropboxes/moonen/demultiplexing_done/20250509_AV233701_Dewi-PS-library6-6/Demultiplexed/Samples/Moonen/A6-5_WTX/A6-5_WTX_R1.fastq.gz
A6_5	/g/steinmetz/STOCKS/User_Dropboxes/moonen/demultiplexing_done/20250509_AV233701_Dewi-PS-library6-6/Demultiplexed/Samples/Moonen/A6-5_WTX/A6-5_WTX_R2.fastq.gz
A6_5	/g/steinmetz/STOCKS/User_Dropboxes/moonen/demultiplexing_done/20250509_AV233701_Dewi-PS-library6-7/Demultiplexed/Samples/Moonen/A6-5_gRNA/A6-5_gRNA_R1.fastq.gz
A6_5	/g/steinmetz/STOCKS/User_Dropboxes/moonen/demultiplexing_done/20250509_AV233701_Dewi-PS-library6-7/Demultiplexed/Samples/Moonen/A6-5_gRNA/A6-5_gRNA_R2.fastq.gz
A6_5	/g/steinmetz/STOCKS/User_Dropboxes/moonen/demultiplexing_done/20250509_AV233701_Dewi-PS-library6-7/Demultiplexed/Samples/Moonen/A6-5_WTX/A6-5_WTX_R1.fastq.gz
A6_5	/g/steinmetz/STOCKS/User_Dropboxes/moonen/demultiplexing_done/20250509_AV233701_Dewi-PS-library6-7/Demultiplexed/Samples/Moonen/A6-5_WTX/A6-5_WTX_R2.fastq.gz
A6_5	/g/steinmetz/STOCKS/User_Dropboxes/moonen/demultiplexing_done/20250512_AV233701_Dewi-PS-library6-8/Demultiplexed/Samples/Moonen/A6-5_gRNA/A6-5_gRNA_R1.fastq.gz
A6_5	/g/steinmetz/STOCKS/User_Dropboxes/moonen/demultiplexing_done/20250512_AV233701_Dewi-PS-library6-8/Demultiplexed/Samples/Moonen/A6-5_gRNA/A6-5_gRNA_R2.fastq.gz
A6_5	/g/steinmetz/STOCKS/User_Dropboxes/moonen/demultiplexing_done/20250512_AV233701_Dewi-PS-library6-8/Demultiplexed/Samples/Moonen/A6-5_WTX/A6-5_WTX_R1.fastq.gz
A6_5	/g/steinmetz/STOCKS/User_Dropboxes/moonen/demultiplexing_done/20250512_AV233701_Dewi-PS-library6-8/Demultiplexed/Samples/Moonen/A6-5_WTX/A6-5_WTX_R2.fastq.gz
A6_5	/g/steinmetz/STOCKS/User_Dropboxes/moonen/demultiplexing_done/20250512_AV233701_Dewi-PS-library6-9/Demultiplexed/Samples/Moonen/A6-5_gRNA/A6-5_gRNA_R1.fastq.gz
A6_5	/g/steinmetz/STOCKS/User_Dropboxes/moonen/demultiplexing_done/20250512_AV233701_Dewi-PS-library6-9/Demultiplexed/Samples/Moonen/A6-5_gRNA/A6-5_gRNA_R2.fastq.gz
A6_5	/g/steinmetz/STOCKS/User_Dropboxes/moonen/demultiplexing_done/20250512_AV233701_Dewi-PS-library6-9/Demultiplexed/Samples/Moonen/A6-5_WTX/A6-5_WTX_R1.fastq.gz
A6_5	/g/steinmetz/STOCKS/User_Dropboxes/moonen/demultiplexing_done/20250512_AV233701_Dewi-PS-library6-9/Demultiplexed/Samples/Moonen/A6-5_WTX/A6-5_WTX_R2.fastq.gz
A6_5	/g/steinmetz/STOCKS/User_Dropboxes/moonen/demultiplexing_done/20250513_AV233701_Dewi-PS-library6-10/Demultiplexed/Samples/Moonen/A6-5_gRNA/A6-5_gRNA_R1.fastq.gz
A6_5	/g/steinmetz/STOCKS/User_Dropboxes/moonen/demultiplexing_done/20250513_AV233701_Dewi-PS-library6-10/Demultiplexed/Samples/Moonen/A6-5_gRNA/A6-5_gRNA_R2.fastq.gz
A6_5	/g/steinmetz/STOCKS/User_Dropboxes/moonen/demultiplexing_done/20250513_AV233701_Dewi-PS-library6-10/Demultiplexed/Samples/Moonen/A6-5_WTX/A6-5_WTX_R1.fastq.gz
A6_5	/g/steinmetz/STOCKS/User_Dropboxes/moonen/demultiplexing_done/20250513_AV233701_Dewi-PS-library6-10/Demultiplexed/Samples/Moonen/A6-5_WTX/A6-5_WTX_R2.fastq.gz
A6_5	/g/steinmetz/STOCKS/User_Dropboxes/moonen/demultiplexing_done/20250513_AV233701_Dewi-PS-library6-11/Demultiplexed/Samples/Moonen/A6-5_gRNA/A6-5_gRNA_R1.fastq.gz
A6_5	/g/steinmetz/STOCKS/User_Dropboxes/moonen/demultiplexing_done/20250513_AV233701_Dewi-PS-library6-11/Demultiplexed/Samples/Moonen/A6-5_gRNA/A6-5_gRNA_R2.fastq.gz
A6_5	/g/steinmetz/STOCKS/User_Dropboxes/moonen/demultiplexing_done/20250513_AV233701_Dewi-PS-library6-11/Demultiplexed/Samples/Moonen/A6-5_WTX/A6-5_WTX_R1.fastq.gz
A6_5	/g/steinmetz/STOCKS/User_Dropboxes/moonen/demultiplexing_done/20250513_AV233701_Dewi-PS-library6-11/Demultiplexed/Samples/Moonen/A6-5_WTX/A6-5_WTX_R2.fastq.gz
A6_5	/g/steinmetz/STOCKS/User_Dropboxes/moonen/demultiplexing_done/20250514_AV233701_Dewi-PS-library6-12/Demultiplexed/Samples/Moonen/A6-5_gRNA/A6-5_gRNA_R1.fastq.gz
A6_5	/g/steinmetz/STOCKS/User_Dropboxes/moonen/demultiplexing_done/20250514_AV233701_Dewi-PS-library6-12/Demultiplexed/Samples/Moonen/A6-5_gRNA/A6-5_gRNA_R2.fastq.gz
A6_5	/g/steinmetz/STOCKS/User_Dropboxes/moonen/demultiplexing_done/20250514_AV233701_Dewi-PS-library6-12/Demultiplexed/Samples/Moonen/A6-5_WTX/A6-5_WTX_R1.fastq.gz
A6_5	/g/steinmetz/STOCKS/User_Dropboxes/moonen/demultiplexing_done/20250514_AV233701_Dewi-PS-library6-12/Demultiplexed/Samples/Moonen/A6-5_WTX/A6-5_WTX_R2.fastq.gz
A6_6	/g/steinmetz/STOCKS/User_Dropboxes/moonen/demultiplexing_done/20250506_AV233701_Dewi-PS-library6-1/Demultiplexed/Samples/Moonen/A6-6_gRNA/A6-6_gRNA_R1.fastq.gz
A6_6	/g/steinmetz/STOCKS/User_Dropboxes/moonen/demultiplexing_done/20250506_AV233701_Dewi-PS-library6-1/Demultiplexed/Samples/Moonen/A6-6_gRNA/A6-6_gRNA_R2.fastq.gz
A6_6	/g/steinmetz/STOCKS/User_Dropboxes/moonen/demultiplexing_done/20250506_AV233701_Dewi-PS-library6-1/Demultiplexed/Samples/Moonen/A6-6_WTX/A6-6_WTX_R1.fastq.gz
A6_6	/g/steinmetz/STOCKS/User_Dropboxes/moonen/demultiplexing_done/20250506_AV233701_Dewi-PS-library6-1/Demultiplexed/Samples/Moonen/A6-6_WTX/A6-6_WTX_R2.fastq.gz
A6_6	/g/steinmetz/STOCKS/User_Dropboxes/moonen/demultiplexing_done/20250507_AV233701_Dewi-PS-library6-2/Demultiplexed/Samples/Moonen/A6-6_gRNA/A6-6_gRNA_R1.fastq.gz
A6_6	/g/steinmetz/STOCKS/User_Dropboxes/moonen/demultiplexing_done/20250507_AV233701_Dewi-PS-library6-2/Demultiplexed/Samples/Moonen/A6-6_gRNA/A6-6_gRNA_R2.fastq.gz
A6_6	/g/steinmetz/STOCKS/User_Dropboxes/moonen/demultiplexing_done/20250507_AV233701_Dewi-PS-library6-2/Demultiplexed/Samples/Moonen/A6-6_WTX/A6-6_WTX_R1.fastq.gz
A6_6	/g/steinmetz/STOCKS/User_Dropboxes/moonen/demultiplexing_done/20250507_AV233701_Dewi-PS-library6-2/Demultiplexed/Samples/Moonen/A6-6_WTX/A6-6_WTX_R2.fastq.gz
A6_6	/g/steinmetz/STOCKS/User_Dropboxes/moonen/demultiplexing_done/20250507_AV233701_Dewi-PS-library6-3/Demultiplexed/Samples/Moonen/A6-6_gRNA/A6-6_gRNA_R1.fastq.gz
A6_6	/g/steinmetz/STOCKS/User_Dropboxes/moonen/demultiplexing_done/20250507_AV233701_Dewi-PS-library6-3/Demultiplexed/Samples/Moonen/A6-6_gRNA/A6-6_gRNA_R2.fastq.gz
A6_6	/g/steinmetz/STOCKS/User_Dropboxes/moonen/demultiplexing_done/20250507_AV233701_Dewi-PS-library6-3/Demultiplexed/Samples/Moonen/A6-6_WTX/A6-6_WTX_R1.fastq.gz
A6_6	/g/steinmetz/STOCKS/User_Dropboxes/moonen/demultiplexing_done/20250507_AV233701_Dewi-PS-library6-3/Demultiplexed/Samples/Moonen/A6-6_WTX/A6-6_WTX_R2.fastq.gz
A6_6	/g/steinmetz/STOCKS/User_Dropboxes/moonen/demultiplexing_done/20250508_AV233701_Dewi-PS-library6-4/Demultiplexed/Samples/Moonen/A6-6_gRNA/A6-6_gRNA_R1.fastq.gz
A6_6	/g/steinmetz/STOCKS/User_Dropboxes/moonen/demultiplexing_done/20250508_AV233701_Dewi-PS-library6-4/Demultiplexed/Samples/Moonen/A6-6_gRNA/A6-6_gRNA_R2.fastq.gz
A6_6	/g/steinmetz/STOCKS/User_Dropboxes/moonen/demultiplexing_done/20250508_AV233701_Dewi-PS-library6-4/Demultiplexed/Samples/Moonen/A6-6_WTX/A6-6_WTX_R1.fastq.gz
A6_6	/g/steinmetz/STOCKS/User_Dropboxes/moonen/demultiplexing_done/20250508_AV233701_Dewi-PS-library6-4/Demultiplexed/Samples/Moonen/A6-6_WTX/A6-6_WTX_R2.fastq.gz
A6_6	/g/steinmetz/STOCKS/User_Dropboxes/moonen/demultiplexing_done/20250508_AV233701_Dewi-PS-library6-5/Demultiplexed/Samples/Moonen/A6-6_gRNA/A6-6_gRNA_R1.fastq.gz
A6_6	/g/steinmetz/STOCKS/User_Dropboxes/moonen/demultiplexing_done/20250508_AV233701_Dewi-PS-library6-5/Demultiplexed/Samples/Moonen/A6-6_gRNA/A6-6_gRNA_R2.fastq.gz
A6_6	/g/steinmetz/STOCKS/User_Dropboxes/moonen/demultiplexing_done/20250508_AV233701_Dewi-PS-library6-5/Demultiplexed/Samples/Moonen/A6-6_WTX/A6-6_WTX_R1.fastq.gz
A6_6	/g/steinmetz/STOCKS/User_Dropboxes/moonen/demultiplexing_done/20250508_AV233701_Dewi-PS-library6-5/Demultiplexed/Samples/Moonen/A6-6_WTX/A6-6_WTX_R2.fastq.gz
A6_6	/g/steinmetz/STOCKS/User_Dropboxes/moonen/demultiplexing_done/20250509_AV233701_Dewi-PS-library6-6/Demultiplexed/Samples/Moonen/A6-6_gRNA/A6-6_gRNA_R1.fastq.gz
A6_6	/g/steinmetz/STOCKS/User_Dropboxes/moonen/demultiplexing_done/20250509_AV233701_Dewi-PS-library6-6/Demultiplexed/Samples/Moonen/A6-6_gRNA/A6-6_gRNA_R2.fastq.gz
A6_6	/g/steinmetz/STOCKS/User_Dropboxes/moonen/demultiplexing_done/20250509_AV233701_Dewi-PS-library6-6/Demultiplexed/Samples/Moonen/A6-6_WTX/A6-6_WTX_R1.fastq.gz
A6_6	/g/steinmetz/STOCKS/User_Dropboxes/moonen/demultiplexing_done/20250509_AV233701_Dewi-PS-library6-6/Demultiplexed/Samples/Moonen/A6-6_WTX/A6-6_WTX_R2.fastq.gz
A6_6	/g/steinmetz/STOCKS/User_Dropboxes/moonen/demultiplexing_done/20250509_AV233701_Dewi-PS-library6-7/Demultiplexed/Samples/Moonen/A6-6_gRNA/A6-6_gRNA_R1.fastq.gz
A6_6	/g/steinmetz/STOCKS/User_Dropboxes/moonen/demultiplexing_done/20250509_AV233701_Dewi-PS-library6-7/Demultiplexed/Samples/Moonen/A6-6_gRNA/A6-6_gRNA_R2.fastq.gz
A6_6	/g/steinmetz/STOCKS/User_Dropboxes/moonen/demultiplexing_done/20250509_AV233701_Dewi-PS-library6-7/Demultiplexed/Samples/Moonen/A6-6_WTX/A6-6_WTX_R1.fastq.gz
A6_6	/g/steinmetz/STOCKS/User_Dropboxes/moonen/demultiplexing_done/20250509_AV233701_Dewi-PS-library6-7/Demultiplexed/Samples/Moonen/A6-6_WTX/A6-6_WTX_R2.fastq.gz
A6_6	/g/steinmetz/STOCKS/User_Dropboxes/moonen/demultiplexing_done/20250512_AV233701_Dewi-PS-library6-8/Demultiplexed/Samples/Moonen/A6-6_gRNA/A6-6_gRNA_R1.fastq.gz
A6_6	/g/steinmetz/STOCKS/User_Dropboxes/moonen/demultiplexing_done/20250512_AV233701_Dewi-PS-library6-8/Demultiplexed/Samples/Moonen/A6-6_gRNA/A6-6_gRNA_R2.fastq.gz
A6_6	/g/steinmetz/STOCKS/User_Dropboxes/moonen/demultiplexing_done/20250512_AV233701_Dewi-PS-library6-8/Demultiplexed/Samples/Moonen/A6-6_WTX/A6-6_WTX_R1.fastq.gz
A6_6	/g/steinmetz/STOCKS/User_Dropboxes/moonen/demultiplexing_done/20250512_AV233701_Dewi-PS-library6-8/Demultiplexed/Samples/Moonen/A6-6_WTX/A6-6_WTX_R2.fastq.gz
A6_6	/g/steinmetz/STOCKS/User_Dropboxes/moonen/demultiplexing_done/20250512_AV233701_Dewi-PS-library6-9/Demultiplexed/Samples/Moonen/A6-6_gRNA/A6-6_gRNA_R1.fastq.gz
A6_6	/g/steinmetz/STOCKS/User_Dropboxes/moonen/demultiplexing_done/20250512_AV233701_Dewi-PS-library6-9/Demultiplexed/Samples/Moonen/A6-6_gRNA/A6-6_gRNA_R2.fastq.gz
A6_6	/g/steinmetz/STOCKS/User_Dropboxes/moonen/demultiplexing_done/20250512_AV233701_Dewi-PS-library6-9/Demultiplexed/Samples/Moonen/A6-6_WTX/A6-6_WTX_R1.fastq.gz
A6_6	/g/steinmetz/STOCKS/User_Dropboxes/moonen/demultiplexing_done/20250512_AV233701_Dewi-PS-library6-9/Demultiplexed/Samples/Moonen/A6-6_WTX/A6-6_WTX_R2.fastq.gz
A6_6	/g/steinmetz/STOCKS/User_Dropboxes/moonen/demultiplexing_done/20250513_AV233701_Dewi-PS-library6-10/Demultiplexed/Samples/Moonen/A6-6_gRNA/A6-6_gRNA_R1.fastq.gz
A6_6	/g/steinmetz/STOCKS/User_Dropboxes/moonen/demultiplexing_done/20250513_AV233701_Dewi-PS-library6-10/Demultiplexed/Samples/Moonen/A6-6_gRNA/A6-6_gRNA_R2.fastq.gz
A6_6	/g/steinmetz/STOCKS/User_Dropboxes/moonen/demultiplexing_done/20250513_AV233701_Dewi-PS-library6-10/Demultiplexed/Samples/Moonen/A6-6_WTX/A6-6_WTX_R1.fastq.gz
A6_6	/g/steinmetz/STOCKS/User_Dropboxes/moonen/demultiplexing_done/20250513_AV233701_Dewi-PS-library6-10/Demultiplexed/Samples/Moonen/A6-6_WTX/A6-6_WTX_R2.fastq.gz
A6_6	/g/steinmetz/STOCKS/User_Dropboxes/moonen/demultiplexing_done/20250513_AV233701_Dewi-PS-library6-11/Demultiplexed/Samples/Moonen/A6-6_gRNA/A6-6_gRNA_R1.fastq.gz
A6_6	/g/steinmetz/STOCKS/User_Dropboxes/moonen/demultiplexing_done/20250513_AV233701_Dewi-PS-library6-11/Demultiplexed/Samples/Moonen/A6-6_gRNA/A6-6_gRNA_R2.fastq.gz
A6_6	/g/steinmetz/STOCKS/User_Dropboxes/moonen/demultiplexing_done/20250513_AV233701_Dewi-PS-library6-11/Demultiplexed/Samples/Moonen/A6-6_WTX/A6-6_WTX_R1.fastq.gz
A6_6	/g/steinmetz/STOCKS/User_Dropboxes/moonen/demultiplexing_done/20250513_AV233701_Dewi-PS-library6-11/Demultiplexed/Samples/Moonen/A6-6_WTX/A6-6_WTX_R2.fastq.gz
A6_6	/g/steinmetz/STOCKS/User_Dropboxes/moonen/demultiplexing_done/20250514_AV233701_Dewi-PS-library6-12/Demultiplexed/Samples/Moonen/A6-6_gRNA/A6-6_gRNA_R1.fastq.gz
A6_6	/g/steinmetz/STOCKS/User_Dropboxes/moonen/demultiplexing_done/20250514_AV233701_Dewi-PS-library6-12/Demultiplexed/Samples/Moonen/A6-6_gRNA/A6-6_gRNA_R2.fastq.gz
A6_6	/g/steinmetz/STOCKS/User_Dropboxes/moonen/demultiplexing_done/20250514_AV233701_Dewi-PS-library6-12/Demultiplexed/Samples/Moonen/A6-6_WTX/A6-6_WTX_R1.fastq.gz
A6_6	/g/steinmetz/STOCKS/User_Dropboxes/moonen/demultiplexing_done/20250514_AV233701_Dewi-PS-library6-12/Demultiplexed/Samples/Moonen/A6-6_WTX/A6-6_WTX_R2.fastq.gz
A6_7	/g/steinmetz/STOCKS/User_Dropboxes/moonen/demultiplexing_done/20250506_AV233701_Dewi-PS-library6-1/Demultiplexed/Samples/Moonen/A6-7_gRNA/A6-7_gRNA_R1.fastq.gz
A6_7	/g/steinmetz/STOCKS/User_Dropboxes/moonen/demultiplexing_done/20250506_AV233701_Dewi-PS-library6-1/Demultiplexed/Samples/Moonen/A6-7_gRNA/A6-7_gRNA_R2.fastq.gz
A6_7	/g/steinmetz/STOCKS/User_Dropboxes/moonen/demultiplexing_done/20250506_AV233701_Dewi-PS-library6-1/Demultiplexed/Samples/Moonen/A6-7_WTX/A6-7_WTX_R1.fastq.gz
A6_7	/g/steinmetz/STOCKS/User_Dropboxes/moonen/demultiplexing_done/20250506_AV233701_Dewi-PS-library6-1/Demultiplexed/Samples/Moonen/A6-7_WTX/A6-7_WTX_R2.fastq.gz
A6_7	/g/steinmetz/STOCKS/User_Dropboxes/moonen/demultiplexing_done/20250507_AV233701_Dewi-PS-library6-2/Demultiplexed/Samples/Moonen/A6-7_gRNA/A6-7_gRNA_R1.fastq.gz
A6_7	/g/steinmetz/STOCKS/User_Dropboxes/moonen/demultiplexing_done/20250507_AV233701_Dewi-PS-library6-2/Demultiplexed/Samples/Moonen/A6-7_gRNA/A6-7_gRNA_R2.fastq.gz
A6_7	/g/steinmetz/STOCKS/User_Dropboxes/moonen/demultiplexing_done/20250507_AV233701_Dewi-PS-library6-2/Demultiplexed/Samples/Moonen/A6-7_WTX/A6-7_WTX_R1.fastq.gz
A6_7	/g/steinmetz/STOCKS/User_Dropboxes/moonen/demultiplexing_done/20250507_AV233701_Dewi-PS-library6-2/Demultiplexed/Samples/Moonen/A6-7_WTX/A6-7_WTX_R2.fastq.gz
A6_7	/g/steinmetz/STOCKS/User_Dropboxes/moonen/demultiplexing_done/20250507_AV233701_Dewi-PS-library6-3/Demultiplexed/Samples/Moonen/A6-7_gRNA/A6-7_gRNA_R1.fastq.gz
A6_7	/g/steinmetz/STOCKS/User_Dropboxes/moonen/demultiplexing_done/20250507_AV233701_Dewi-PS-library6-3/Demultiplexed/Samples/Moonen/A6-7_gRNA/A6-7_gRNA_R2.fastq.gz
A6_7	/g/steinmetz/STOCKS/User_Dropboxes/moonen/demultiplexing_done/20250507_AV233701_Dewi-PS-library6-3/Demultiplexed/Samples/Moonen/A6-7_WTX/A6-7_WTX_R1.fastq.gz
A6_7	/g/steinmetz/STOCKS/User_Dropboxes/moonen/demultiplexing_done/20250507_AV233701_Dewi-PS-library6-3/Demultiplexed/Samples/Moonen/A6-7_WTX/A6-7_WTX_R2.fastq.gz
A6_7	/g/steinmetz/STOCKS/User_Dropboxes/moonen/demultiplexing_done/20250508_AV233701_Dewi-PS-library6-4/Demultiplexed/Samples/Moonen/A6-7_gRNA/A6-7_gRNA_R1.fastq.gz
A6_7	/g/steinmetz/STOCKS/User_Dropboxes/moonen/demultiplexing_done/20250508_AV233701_Dewi-PS-library6-4/Demultiplexed/Samples/Moonen/A6-7_gRNA/A6-7_gRNA_R2.fastq.gz
A6_7	/g/steinmetz/STOCKS/User_Dropboxes/moonen/demultiplexing_done/20250508_AV233701_Dewi-PS-library6-4/Demultiplexed/Samples/Moonen/A6-7_WTX/A6-7_WTX_R1.fastq.gz
A6_7	/g/steinmetz/STOCKS/User_Dropboxes/moonen/demultiplexing_done/20250508_AV233701_Dewi-PS-library6-4/Demultiplexed/Samples/Moonen/A6-7_WTX/A6-7_WTX_R2.fastq.gz
A6_7	/g/steinmetz/STOCKS/User_Dropboxes/moonen/demultiplexing_done/20250508_AV233701_Dewi-PS-library6-5/Demultiplexed/Samples/Moonen/A6-7_gRNA/A6-7_gRNA_R1.fastq.gz
A6_7	/g/steinmetz/STOCKS/User_Dropboxes/moonen/demultiplexing_done/20250508_AV233701_Dewi-PS-library6-5/Demultiplexed/Samples/Moonen/A6-7_gRNA/A6-7_gRNA_R2.fastq.gz
A6_7	/g/steinmetz/STOCKS/User_Dropboxes/moonen/demultiplexing_done/20250508_AV233701_Dewi-PS-library6-5/Demultiplexed/Samples/Moonen/A6-7_WTX/A6-7_WTX_R1.fastq.gz
A6_7	/g/steinmetz/STOCKS/User_Dropboxes/moonen/demultiplexing_done/20250508_AV233701_Dewi-PS-library6-5/Demultiplexed/Samples/Moonen/A6-7_WTX/A6-7_WTX_R2.fastq.gz
A6_7	/g/steinmetz/STOCKS/User_Dropboxes/moonen/demultiplexing_done/20250509_AV233701_Dewi-PS-library6-6/Demultiplexed/Samples/Moonen/A6-7_gRNA/A6-7_gRNA_R1.fastq.gz
A6_7	/g/steinmetz/STOCKS/User_Dropboxes/moonen/demultiplexing_done/20250509_AV233701_Dewi-PS-library6-6/Demultiplexed/Samples/Moonen/A6-7_gRNA/A6-7_gRNA_R2.fastq.gz
A6_7	/g/steinmetz/STOCKS/User_Dropboxes/moonen/demultiplexing_done/20250509_AV233701_Dewi-PS-library6-6/Demultiplexed/Samples/Moonen/A6-7_WTX/A6-7_WTX_R1.fastq.gz
A6_7	/g/steinmetz/STOCKS/User_Dropboxes/moonen/demultiplexing_done/20250509_AV233701_Dewi-PS-library6-6/Demultiplexed/Samples/Moonen/A6-7_WTX/A6-7_WTX_R2.fastq.gz
A6_7	/g/steinmetz/STOCKS/User_Dropboxes/moonen/demultiplexing_done/20250509_AV233701_Dewi-PS-library6-7/Demultiplexed/Samples/Moonen/A6-7_gRNA/A6-7_gRNA_R1.fastq.gz
A6_7	/g/steinmetz/STOCKS/User_Dropboxes/moonen/demultiplexing_done/20250509_AV233701_Dewi-PS-library6-7/Demultiplexed/Samples/Moonen/A6-7_gRNA/A6-7_gRNA_R2.fastq.gz
A6_7	/g/steinmetz/STOCKS/User_Dropboxes/moonen/demultiplexing_done/20250509_AV233701_Dewi-PS-library6-7/Demultiplexed/Samples/Moonen/A6-7_WTX/A6-7_WTX_R1.fastq.gz
A6_7	/g/steinmetz/STOCKS/User_Dropboxes/moonen/demultiplexing_done/20250509_AV233701_Dewi-PS-library6-7/Demultiplexed/Samples/Moonen/A6-7_WTX/A6-7_WTX_R2.fastq.gz
A6_7	/g/steinmetz/STOCKS/User_Dropboxes/moonen/demultiplexing_done/20250512_AV233701_Dewi-PS-library6-8/Demultiplexed/Samples/Moonen/A6-7_gRNA/A6-7_gRNA_R1.fastq.gz
A6_7	/g/steinmetz/STOCKS/User_Dropboxes/moonen/demultiplexing_done/20250512_AV233701_Dewi-PS-library6-8/Demultiplexed/Samples/Moonen/A6-7_gRNA/A6-7_gRNA_R2.fastq.gz
A6_7	/g/steinmetz/STOCKS/User_Dropboxes/moonen/demultiplexing_done/20250512_AV233701_Dewi-PS-library6-8/Demultiplexed/Samples/Moonen/A6-7_WTX/A6-7_WTX_R1.fastq.gz
A6_7	/g/steinmetz/STOCKS/User_Dropboxes/moonen/demultiplexing_done/20250512_AV233701_Dewi-PS-library6-8/Demultiplexed/Samples/Moonen/A6-7_WTX/A6-7_WTX_R2.fastq.gz
A6_7	/g/steinmetz/STOCKS/User_Dropboxes/moonen/demultiplexing_done/20250512_AV233701_Dewi-PS-library6-9/Demultiplexed/Samples/Moonen/A6-7_gRNA/A6-7_gRNA_R1.fastq.gz
A6_7	/g/steinmetz/STOCKS/User_Dropboxes/moonen/demultiplexing_done/20250512_AV233701_Dewi-PS-library6-9/Demultiplexed/Samples/Moonen/A6-7_gRNA/A6-7_gRNA_R2.fastq.gz
A6_7	/g/steinmetz/STOCKS/User_Dropboxes/moonen/demultiplexing_done/20250512_AV233701_Dewi-PS-library6-9/Demultiplexed/Samples/Moonen/A6-7_WTX/A6-7_WTX_R1.fastq.gz
A6_7	/g/steinmetz/STOCKS/User_Dropboxes/moonen/demultiplexing_done/20250512_AV233701_Dewi-PS-library6-9/Demultiplexed/Samples/Moonen/A6-7_WTX/A6-7_WTX_R2.fastq.gz
A6_7	/g/steinmetz/STOCKS/User_Dropboxes/moonen/demultiplexing_done/20250513_AV233701_Dewi-PS-library6-10/Demultiplexed/Samples/Moonen/A6-7_gRNA/A6-7_gRNA_R1.fastq.gz
A6_7	/g/steinmetz/STOCKS/User_Dropboxes/moonen/demultiplexing_done/20250513_AV233701_Dewi-PS-library6-10/Demultiplexed/Samples/Moonen/A6-7_gRNA/A6-7_gRNA_R2.fastq.gz
A6_7	/g/steinmetz/STOCKS/User_Dropboxes/moonen/demultiplexing_done/20250513_AV233701_Dewi-PS-library6-10/Demultiplexed/Samples/Moonen/A6-7_WTX/A6-7_WTX_R1.fastq.gz
A6_7	/g/steinmetz/STOCKS/User_Dropboxes/moonen/demultiplexing_done/20250513_AV233701_Dewi-PS-library6-10/Demultiplexed/Samples/Moonen/A6-7_WTX/A6-7_WTX_R2.fastq.gz
A6_7	/g/steinmetz/STOCKS/User_Dropboxes/moonen/demultiplexing_done/20250513_AV233701_Dewi-PS-library6-11/Demultiplexed/Samples/Moonen/A6-7_gRNA/A6-7_gRNA_R1.fastq.gz
A6_7	/g/steinmetz/STOCKS/User_Dropboxes/moonen/demultiplexing_done/20250513_AV233701_Dewi-PS-library6-11/Demultiplexed/Samples/Moonen/A6-7_gRNA/A6-7_gRNA_R2.fastq.gz
A6_7	/g/steinmetz/STOCKS/User_Dropboxes/moonen/demultiplexing_done/20250513_AV233701_Dewi-PS-library6-11/Demultiplexed/Samples/Moonen/A6-7_WTX/A6-7_WTX_R1.fastq.gz
A6_7	/g/steinmetz/STOCKS/User_Dropboxes/moonen/demultiplexing_done/20250513_AV233701_Dewi-PS-library6-11/Demultiplexed/Samples/Moonen/A6-7_WTX/A6-7_WTX_R2.fastq.gz
A6_7	/g/steinmetz/STOCKS/User_Dropboxes/moonen/demultiplexing_done/20250514_AV233701_Dewi-PS-library6-12/Demultiplexed/Samples/Moonen/A6-7_gRNA/A6-7_gRNA_R1.fastq.gz
A6_7	/g/steinmetz/STOCKS/User_Dropboxes/moonen/demultiplexing_done/20250514_AV233701_Dewi-PS-library6-12/Demultiplexed/Samples/Moonen/A6-7_gRNA/A6-7_gRNA_R2.fastq.gz
A6_7	/g/steinmetz/STOCKS/User_Dropboxes/moonen/demultiplexing_done/20250514_AV233701_Dewi-PS-library6-12/Demultiplexed/Samples/Moonen/A6-7_WTX/A6-7_WTX_R1.fastq.gz
A6_7	/g/steinmetz/STOCKS/User_Dropboxes/moonen/demultiplexing_done/20250514_AV233701_Dewi-PS-library6-12/Demultiplexed/Samples/Moonen/A6-7_WTX/A6-7_WTX_R2.fastq.gz
A6_8	/g/steinmetz/STOCKS/User_Dropboxes/moonen/demultiplexing_done/20250506_AV233701_Dewi-PS-library6-1/Demultiplexed/Samples/Moonen/A6-8_gRNA/A6-8_gRNA_R1.fastq.gz
A6_8	/g/steinmetz/STOCKS/User_Dropboxes/moonen/demultiplexing_done/20250506_AV233701_Dewi-PS-library6-1/Demultiplexed/Samples/Moonen/A6-8_gRNA/A6-8_gRNA_R2.fastq.gz
A6_8	/g/steinmetz/STOCKS/User_Dropboxes/moonen/demultiplexing_done/20250506_AV233701_Dewi-PS-library6-1/Demultiplexed/Samples/Moonen/A6-8_WTX/A6-8_WTX_R1.fastq.gz
A6_8	/g/steinmetz/STOCKS/User_Dropboxes/moonen/demultiplexing_done/20250506_AV233701_Dewi-PS-library6-1/Demultiplexed/Samples/Moonen/A6-8_WTX/A6-8_WTX_R2.fastq.gz
A6_8	/g/steinmetz/STOCKS/User_Dropboxes/moonen/demultiplexing_done/20250507_AV233701_Dewi-PS-library6-2/Demultiplexed/Samples/Moonen/A6-8_gRNA/A6-8_gRNA_R1.fastq.gz
A6_8	/g/steinmetz/STOCKS/User_Dropboxes/moonen/demultiplexing_done/20250507_AV233701_Dewi-PS-library6-2/Demultiplexed/Samples/Moonen/A6-8_gRNA/A6-8_gRNA_R2.fastq.gz
A6_8	/g/steinmetz/STOCKS/User_Dropboxes/moonen/demultiplexing_done/20250507_AV233701_Dewi-PS-library6-2/Demultiplexed/Samples/Moonen/A6-8_WTX/A6-8_WTX_R1.fastq.gz
A6_8	/g/steinmetz/STOCKS/User_Dropboxes/moonen/demultiplexing_done/20250507_AV233701_Dewi-PS-library6-2/Demultiplexed/Samples/Moonen/A6-8_WTX/A6-8_WTX_R2.fastq.gz
A6_8	/g/steinmetz/STOCKS/User_Dropboxes/moonen/demultiplexing_done/20250507_AV233701_Dewi-PS-library6-3/Demultiplexed/Samples/Moonen/A6-8_gRNA/A6-8_gRNA_R1.fastq.gz
A6_8	/g/steinmetz/STOCKS/User_Dropboxes/moonen/demultiplexing_done/20250507_AV233701_Dewi-PS-library6-3/Demultiplexed/Samples/Moonen/A6-8_gRNA/A6-8_gRNA_R2.fastq.gz
A6_8	/g/steinmetz/STOCKS/User_Dropboxes/moonen/demultiplexing_done/20250507_AV233701_Dewi-PS-library6-3/Demultiplexed/Samples/Moonen/A6-8_WTX/A6-8_WTX_R1.fastq.gz
A6_8	/g/steinmetz/STOCKS/User_Dropboxes/moonen/demultiplexing_done/20250507_AV233701_Dewi-PS-library6-3/Demultiplexed/Samples/Moonen/A6-8_WTX/A6-8_WTX_R2.fastq.gz
A6_8	/g/steinmetz/STOCKS/User_Dropboxes/moonen/demultiplexing_done/20250508_AV233701_Dewi-PS-library6-4/Demultiplexed/Samples/Moonen/A6-8_gRNA/A6-8_gRNA_R1.fastq.gz
A6_8	/g/steinmetz/STOCKS/User_Dropboxes/moonen/demultiplexing_done/20250508_AV233701_Dewi-PS-library6-4/Demultiplexed/Samples/Moonen/A6-8_gRNA/A6-8_gRNA_R2.fastq.gz
A6_8	/g/steinmetz/STOCKS/User_Dropboxes/moonen/demultiplexing_done/20250508_AV233701_Dewi-PS-library6-4/Demultiplexed/Samples/Moonen/A6-8_WTX/A6-8_WTX_R1.fastq.gz
A6_8	/g/steinmetz/STOCKS/User_Dropboxes/moonen/demultiplexing_done/20250508_AV233701_Dewi-PS-library6-4/Demultiplexed/Samples/Moonen/A6-8_WTX/A6-8_WTX_R2.fastq.gz
A6_8	/g/steinmetz/STOCKS/User_Dropboxes/moonen/demultiplexing_done/20250508_AV233701_Dewi-PS-library6-5/Demultiplexed/Samples/Moonen/A6-8_gRNA/A6-8_gRNA_R1.fastq.gz
A6_8	/g/steinmetz/STOCKS/User_Dropboxes/moonen/demultiplexing_done/20250508_AV233701_Dewi-PS-library6-5/Demultiplexed/Samples/Moonen/A6-8_gRNA/A6-8_gRNA_R2.fastq.gz
A6_8	/g/steinmetz/STOCKS/User_Dropboxes/moonen/demultiplexing_done/20250508_AV233701_Dewi-PS-library6-5/Demultiplexed/Samples/Moonen/A6-8_WTX/A6-8_WTX_R1.fastq.gz
A6_8	/g/steinmetz/STOCKS/User_Dropboxes/moonen/demultiplexing_done/20250508_AV233701_Dewi-PS-library6-5/Demultiplexed/Samples/Moonen/A6-8_WTX/A6-8_WTX_R2.fastq.gz
A6_8	/g/steinmetz/STOCKS/User_Dropboxes/moonen/demultiplexing_done/20250509_AV233701_Dewi-PS-library6-6/Demultiplexed/Samples/Moonen/A6-8_gRNA/A6-8_gRNA_R1.fastq.gz
A6_8	/g/steinmetz/STOCKS/User_Dropboxes/moonen/demultiplexing_done/20250509_AV233701_Dewi-PS-library6-6/Demultiplexed/Samples/Moonen/A6-8_gRNA/A6-8_gRNA_R2.fastq.gz
A6_8	/g/steinmetz/STOCKS/User_Dropboxes/moonen/demultiplexing_done/20250509_AV233701_Dewi-PS-library6-6/Demultiplexed/Samples/Moonen/A6-8_WTX/A6-8_WTX_R1.fastq.gz
A6_8	/g/steinmetz/STOCKS/User_Dropboxes/moonen/demultiplexing_done/20250509_AV233701_Dewi-PS-library6-6/Demultiplexed/Samples/Moonen/A6-8_WTX/A6-8_WTX_R2.fastq.gz
A6_8	/g/steinmetz/STOCKS/User_Dropboxes/moonen/demultiplexing_done/20250509_AV233701_Dewi-PS-library6-7/Demultiplexed/Samples/Moonen/A6-8_gRNA/A6-8_gRNA_R1.fastq.gz
A6_8	/g/steinmetz/STOCKS/User_Dropboxes/moonen/demultiplexing_done/20250509_AV233701_Dewi-PS-library6-7/Demultiplexed/Samples/Moonen/A6-8_gRNA/A6-8_gRNA_R2.fastq.gz
A6_8	/g/steinmetz/STOCKS/User_Dropboxes/moonen/demultiplexing_done/20250509_AV233701_Dewi-PS-library6-7/Demultiplexed/Samples/Moonen/A6-8_WTX/A6-8_WTX_R1.fastq.gz
A6_8	/g/steinmetz/STOCKS/User_Dropboxes/moonen/demultiplexing_done/20250509_AV233701_Dewi-PS-library6-7/Demultiplexed/Samples/Moonen/A6-8_WTX/A6-8_WTX_R2.fastq.gz
A6_8	/g/steinmetz/STOCKS/User_Dropboxes/moonen/demultiplexing_done/20250512_AV233701_Dewi-PS-library6-8/Demultiplexed/Samples/Moonen/A6-8_gRNA/A6-8_gRNA_R1.fastq.gz
A6_8	/g/steinmetz/STOCKS/User_Dropboxes/moonen/demultiplexing_done/20250512_AV233701_Dewi-PS-library6-8/Demultiplexed/Samples/Moonen/A6-8_gRNA/A6-8_gRNA_R2.fastq.gz
A6_8	/g/steinmetz/STOCKS/User_Dropboxes/moonen/demultiplexing_done/20250512_AV233701_Dewi-PS-library6-8/Demultiplexed/Samples/Moonen/A6-8_WTX/A6-8_WTX_R1.fastq.gz
A6_8	/g/steinmetz/STOCKS/User_Dropboxes/moonen/demultiplexing_done/20250512_AV233701_Dewi-PS-library6-8/Demultiplexed/Samples/Moonen/A6-8_WTX/A6-8_WTX_R2.fastq.gz
A6_8	/g/steinmetz/STOCKS/User_Dropboxes/moonen/demultiplexing_done/20250512_AV233701_Dewi-PS-library6-9/Demultiplexed/Samples/Moonen/A6-8_gRNA/A6-8_gRNA_R1.fastq.gz
A6_8	/g/steinmetz/STOCKS/User_Dropboxes/moonen/demultiplexing_done/20250512_AV233701_Dewi-PS-library6-9/Demultiplexed/Samples/Moonen/A6-8_gRNA/A6-8_gRNA_R2.fastq.gz
A6_8	/g/steinmetz/STOCKS/User_Dropboxes/moonen/demultiplexing_done/20250512_AV233701_Dewi-PS-library6-9/Demultiplexed/Samples/Moonen/A6-8_WTX/A6-8_WTX_R1.fastq.gz
A6_8	/g/steinmetz/STOCKS/User_Dropboxes/moonen/demultiplexing_done/20250512_AV233701_Dewi-PS-library6-9/Demultiplexed/Samples/Moonen/A6-8_WTX/A6-8_WTX_R2.fastq.gz
A6_8	/g/steinmetz/STOCKS/User_Dropboxes/moonen/demultiplexing_done/20250513_AV233701_Dewi-PS-library6-10/Demultiplexed/Samples/Moonen/A6-8_gRNA/A6-8_gRNA_R1.fastq.gz
A6_8	/g/steinmetz/STOCKS/User_Dropboxes/moonen/demultiplexing_done/20250513_AV233701_Dewi-PS-library6-10/Demultiplexed/Samples/Moonen/A6-8_gRNA/A6-8_gRNA_R2.fastq.gz
A6_8	/g/steinmetz/STOCKS/User_Dropboxes/moonen/demultiplexing_done/20250513_AV233701_Dewi-PS-library6-10/Demultiplexed/Samples/Moonen/A6-8_WTX/A6-8_WTX_R1.fastq.gz
A6_8	/g/steinmetz/STOCKS/User_Dropboxes/moonen/demultiplexing_done/20250513_AV233701_Dewi-PS-library6-10/Demultiplexed/Samples/Moonen/A6-8_WTX/A6-8_WTX_R2.fastq.gz
A6_8	/g/steinmetz/STOCKS/User_Dropboxes/moonen/demultiplexing_done/20250513_AV233701_Dewi-PS-library6-11/Demultiplexed/Samples/Moonen/A6-8_gRNA/A6-8_gRNA_R1.fastq.gz
A6_8	/g/steinmetz/STOCKS/User_Dropboxes/moonen/demultiplexing_done/20250513_AV233701_Dewi-PS-library6-11/Demultiplexed/Samples/Moonen/A6-8_gRNA/A6-8_gRNA_R2.fastq.gz
A6_8	/g/steinmetz/STOCKS/User_Dropboxes/moonen/demultiplexing_done/20250513_AV233701_Dewi-PS-library6-11/Demultiplexed/Samples/Moonen/A6-8_WTX/A6-8_WTX_R1.fastq.gz
A6_8	/g/steinmetz/STOCKS/User_Dropboxes/moonen/demultiplexing_done/20250513_AV233701_Dewi-PS-library6-11/Demultiplexed/Samples/Moonen/A6-8_WTX/A6-8_WTX_R2.fastq.gz
A6_8	/g/steinmetz/STOCKS/User_Dropboxes/moonen/demultiplexing_done/20250514_AV233701_Dewi-PS-library6-12/Demultiplexed/Samples/Moonen/A6-8_gRNA/A6-8_gRNA_R1.fastq.gz
A6_8	/g/steinmetz/STOCKS/User_Dropboxes/moonen/demultiplexing_done/20250514_AV233701_Dewi-PS-library6-12/Demultiplexed/Samples/Moonen/A6-8_gRNA/A6-8_gRNA_R2.fastq.gz
A6_8	/g/steinmetz/STOCKS/User_Dropboxes/moonen/demultiplexing_done/20250514_AV233701_Dewi-PS-library6-12/Demultiplexed/Samples/Moonen/A6-8_WTX/A6-8_WTX_R1.fastq.gz
A6_8	/g/steinmetz/STOCKS/User_Dropboxes/moonen/demultiplexing_done/20250514_AV233701_Dewi-PS-library6-12/Demultiplexed/Samples/Moonen/A6-8_WTX/A6-8_WTX_R2.fastq.gz
B2_2	/g/steinmetz/STOCKS/User_Dropboxes/moonen/demultiplexing_done/20250403_AV233701_dewi-ps-library2-1/Demultiplexed/Samples/Moonen/B2-2_gRNA/B2-2_gRNA_R1.fastq.gz
B2_2	/g/steinmetz/STOCKS/User_Dropboxes/moonen/demultiplexing_done/20250403_AV233701_dewi-ps-library2-1/Demultiplexed/Samples/Moonen/B2-2_gRNA/B2-2_gRNA_R2.fastq.gz
B2_2	/g/steinmetz/STOCKS/User_Dropboxes/moonen/demultiplexing_done/20250403_AV233701_dewi-ps-library2-1/Demultiplexed/Samples/Moonen/B2-2_WTX/B2-2_WTX_R1.fastq.gz
B2_2	/g/steinmetz/STOCKS/User_Dropboxes/moonen/demultiplexing_done/20250403_AV233701_dewi-ps-library2-1/Demultiplexed/Samples/Moonen/B2-2_WTX/B2-2_WTX_R2.fastq.gz
B2_2	/g/steinmetz/STOCKS/User_Dropboxes/moonen/demultiplexing_done/20250403_AV233701_dewi-ps-library2-2/Demultiplexed/Samples/Moonen/B2-2_gRNA/B2-2_gRNA_R1.fastq.gz
B2_2	/g/steinmetz/STOCKS/User_Dropboxes/moonen/demultiplexing_done/20250403_AV233701_dewi-ps-library2-2/Demultiplexed/Samples/Moonen/B2-2_gRNA/B2-2_gRNA_R2.fastq.gz
B2_2	/g/steinmetz/STOCKS/User_Dropboxes/moonen/demultiplexing_done/20250403_AV233701_dewi-ps-library2-2/Demultiplexed/Samples/Moonen/B2-2_WTX/B2-2_WTX_R1.fastq.gz
B2_2	/g/steinmetz/STOCKS/User_Dropboxes/moonen/demultiplexing_done/20250403_AV233701_dewi-ps-library2-2/Demultiplexed/Samples/Moonen/B2-2_WTX/B2-2_WTX_R2.fastq.gz
B2_2	/g/steinmetz/STOCKS/User_Dropboxes/moonen/demultiplexing_done/20250404_AV233701_20250404_CL_PS_library2-3/Demultiplexed/Samples/Moonen/B2-2_gRNA/B2-2_gRNA_R1.fastq.gz
B2_2	/g/steinmetz/STOCKS/User_Dropboxes/moonen/demultiplexing_done/20250404_AV233701_20250404_CL_PS_library2-3/Demultiplexed/Samples/Moonen/B2-2_gRNA/B2-2_gRNA_R2.fastq.gz
B2_2	/g/steinmetz/STOCKS/User_Dropboxes/moonen/demultiplexing_done/20250404_AV233701_20250404_CL_PS_library2-3/Demultiplexed/Samples/Moonen/B2-2_WTX/B2-2_WTX_R1.fastq.gz
B2_2	/g/steinmetz/STOCKS/User_Dropboxes/moonen/demultiplexing_done/20250404_AV233701_20250404_CL_PS_library2-3/Demultiplexed/Samples/Moonen/B2-2_WTX/B2-2_WTX_R2.fastq.gz
B2_2	/g/steinmetz/STOCKS/User_Dropboxes/moonen/demultiplexing_done/20250404_AV233701_20250404_CL_PS-library2-4/Demultiplexed/Samples/Moonen/B2-2_gRNA/B2-2_gRNA_R1.fastq.gz
B2_2	/g/steinmetz/STOCKS/User_Dropboxes/moonen/demultiplexing_done/20250404_AV233701_20250404_CL_PS-library2-4/Demultiplexed/Samples/Moonen/B2-2_gRNA/B2-2_gRNA_R2.fastq.gz
B2_2	/g/steinmetz/STOCKS/User_Dropboxes/moonen/demultiplexing_done/20250404_AV233701_20250404_CL_PS-library2-4/Demultiplexed/Samples/Moonen/B2-2_WTX/B2-2_WTX_R1.fastq.gz
B2_2	/g/steinmetz/STOCKS/User_Dropboxes/moonen/demultiplexing_done/20250404_AV233701_20250404_CL_PS-library2-4/Demultiplexed/Samples/Moonen/B2-2_WTX/B2-2_WTX_R2.fastq.gz
B2_2	/g/steinmetz/STOCKS/User_Dropboxes/moonen/demultiplexing_done/20250408_AV233701_20250408_CL_PS-library2-5/Demultiplexed/Samples/Moonen/B2-2_gRNA/B2-2_gRNA_R1.fastq.gz
B2_2	/g/steinmetz/STOCKS/User_Dropboxes/moonen/demultiplexing_done/20250408_AV233701_20250408_CL_PS-library2-5/Demultiplexed/Samples/Moonen/B2-2_gRNA/B2-2_gRNA_R2.fastq.gz
B2_2	/g/steinmetz/STOCKS/User_Dropboxes/moonen/demultiplexing_done/20250408_AV233701_20250408_CL_PS-library2-5/Demultiplexed/Samples/Moonen/B2-2_WTX/B2-2_WTX_R1.fastq.gz
B2_2	/g/steinmetz/STOCKS/User_Dropboxes/moonen/demultiplexing_done/20250408_AV233701_20250408_CL_PS-library2-5/Demultiplexed/Samples/Moonen/B2-2_WTX/B2-2_WTX_R2.fastq.gz
B2_2	/g/steinmetz/STOCKS/User_Dropboxes/moonen/demultiplexing_done/20250408_AV233701_20250408_CL_PS-library2-6/Demultiplexed/Samples/Moonen/B2-2_gRNA/B2-2_gRNA_R1.fastq.gz
B2_2	/g/steinmetz/STOCKS/User_Dropboxes/moonen/demultiplexing_done/20250408_AV233701_20250408_CL_PS-library2-6/Demultiplexed/Samples/Moonen/B2-2_gRNA/B2-2_gRNA_R2.fastq.gz
B2_2	/g/steinmetz/STOCKS/User_Dropboxes/moonen/demultiplexing_done/20250408_AV233701_20250408_CL_PS-library2-6/Demultiplexed/Samples/Moonen/B2-2_WTX/B2-2_WTX_R1.fastq.gz
B2_2	/g/steinmetz/STOCKS/User_Dropboxes/moonen/demultiplexing_done/20250408_AV233701_20250408_CL_PS-library2-6/Demultiplexed/Samples/Moonen/B2-2_WTX/B2-2_WTX_R2.fastq.gz
B2_2	/g/steinmetz/STOCKS/User_Dropboxes/moonen/demultiplexing_done/20250411_AV233701_20250410_CL_PS-library2-7/Demultiplexed/Samples/Moonen/B2-2_gRNA/B2-2_gRNA_R1.fastq.gz
B2_2	/g/steinmetz/STOCKS/User_Dropboxes/moonen/demultiplexing_done/20250411_AV233701_20250410_CL_PS-library2-7/Demultiplexed/Samples/Moonen/B2-2_gRNA/B2-2_gRNA_R2.fastq.gz
B2_2	/g/steinmetz/STOCKS/User_Dropboxes/moonen/demultiplexing_done/20250411_AV233701_20250410_CL_PS-library2-7/Demultiplexed/Samples/Moonen/B2-2_WTX/B2-2_WTX_R1.fastq.gz
B2_2	/g/steinmetz/STOCKS/User_Dropboxes/moonen/demultiplexing_done/20250411_AV233701_20250410_CL_PS-library2-7/Demultiplexed/Samples/Moonen/B2-2_WTX/B2-2_WTX_R2.fastq.gz
B2_3	/g/steinmetz/STOCKS/User_Dropboxes/moonen/demultiplexing_done/20250403_AV233701_dewi-ps-library2-1/Demultiplexed/Samples/Moonen/B2-3_gRNA/B2-3_gRNA_R1.fastq.gz
B2_3	/g/steinmetz/STOCKS/User_Dropboxes/moonen/demultiplexing_done/20250403_AV233701_dewi-ps-library2-1/Demultiplexed/Samples/Moonen/B2-3_gRNA/B2-3_gRNA_R2.fastq.gz
B2_3	/g/steinmetz/STOCKS/User_Dropboxes/moonen/demultiplexing_done/20250403_AV233701_dewi-ps-library2-1/Demultiplexed/Samples/Moonen/B2-3_WTX/B2-3_WTX_R1.fastq.gz
B2_3	/g/steinmetz/STOCKS/User_Dropboxes/moonen/demultiplexing_done/20250403_AV233701_dewi-ps-library2-1/Demultiplexed/Samples/Moonen/B2-3_WTX/B2-3_WTX_R2.fastq.gz
B2_3	/g/steinmetz/STOCKS/User_Dropboxes/moonen/demultiplexing_done/20250403_AV233701_dewi-ps-library2-2/Demultiplexed/Samples/Moonen/B2-3_gRNA/B2-3_gRNA_R1.fastq.gz
B2_3	/g/steinmetz/STOCKS/User_Dropboxes/moonen/demultiplexing_done/20250403_AV233701_dewi-ps-library2-2/Demultiplexed/Samples/Moonen/B2-3_gRNA/B2-3_gRNA_R2.fastq.gz
B2_3	/g/steinmetz/STOCKS/User_Dropboxes/moonen/demultiplexing_done/20250403_AV233701_dewi-ps-library2-2/Demultiplexed/Samples/Moonen/B2-3_WTX/B2-3_WTX_R1.fastq.gz
B2_3	/g/steinmetz/STOCKS/User_Dropboxes/moonen/demultiplexing_done/20250403_AV233701_dewi-ps-library2-2/Demultiplexed/Samples/Moonen/B2-3_WTX/B2-3_WTX_R2.fastq.gz
B2_3	/g/steinmetz/STOCKS/User_Dropboxes/moonen/demultiplexing_done/20250404_AV233701_20250404_CL_PS_library2-3/Demultiplexed/Samples/Moonen/B2-3_gRNA/B2-3_gRNA_R1.fastq.gz
B2_3	/g/steinmetz/STOCKS/User_Dropboxes/moonen/demultiplexing_done/20250404_AV233701_20250404_CL_PS_library2-3/Demultiplexed/Samples/Moonen/B2-3_gRNA/B2-3_gRNA_R2.fastq.gz
B2_3	/g/steinmetz/STOCKS/User_Dropboxes/moonen/demultiplexing_done/20250404_AV233701_20250404_CL_PS_library2-3/Demultiplexed/Samples/Moonen/B2-3_WTX/B2-3_WTX_R1.fastq.gz
B2_3	/g/steinmetz/STOCKS/User_Dropboxes/moonen/demultiplexing_done/20250404_AV233701_20250404_CL_PS_library2-3/Demultiplexed/Samples/Moonen/B2-3_WTX/B2-3_WTX_R2.fastq.gz
B2_3	/g/steinmetz/STOCKS/User_Dropboxes/moonen/demultiplexing_done/20250404_AV233701_20250404_CL_PS-library2-4/Demultiplexed/Samples/Moonen/B2-3_gRNA/B2-3_gRNA_R1.fastq.gz
B2_3	/g/steinmetz/STOCKS/User_Dropboxes/moonen/demultiplexing_done/20250404_AV233701_20250404_CL_PS-library2-4/Demultiplexed/Samples/Moonen/B2-3_gRNA/B2-3_gRNA_R2.fastq.gz
B2_3	/g/steinmetz/STOCKS/User_Dropboxes/moonen/demultiplexing_done/20250404_AV233701_20250404_CL_PS-library2-4/Demultiplexed/Samples/Moonen/B2-3_WTX/B2-3_WTX_R1.fastq.gz
B2_3	/g/steinmetz/STOCKS/User_Dropboxes/moonen/demultiplexing_done/20250404_AV233701_20250404_CL_PS-library2-4/Demultiplexed/Samples/Moonen/B2-3_WTX/B2-3_WTX_R2.fastq.gz
B2_3	/g/steinmetz/STOCKS/User_Dropboxes/moonen/demultiplexing_done/20250408_AV233701_20250408_CL_PS-library2-5/Demultiplexed/Samples/Moonen/B2-3_gRNA/B2-3_gRNA_R1.fastq.gz
B2_3	/g/steinmetz/STOCKS/User_Dropboxes/moonen/demultiplexing_done/20250408_AV233701_20250408_CL_PS-library2-5/Demultiplexed/Samples/Moonen/B2-3_gRNA/B2-3_gRNA_R2.fastq.gz
B2_3	/g/steinmetz/STOCKS/User_Dropboxes/moonen/demultiplexing_done/20250408_AV233701_20250408_CL_PS-library2-5/Demultiplexed/Samples/Moonen/B2-3_WTX/B2-3_WTX_R1.fastq.gz
B2_3	/g/steinmetz/STOCKS/User_Dropboxes/moonen/demultiplexing_done/20250408_AV233701_20250408_CL_PS-library2-5/Demultiplexed/Samples/Moonen/B2-3_WTX/B2-3_WTX_R2.fastq.gz
B2_3	/g/steinmetz/STOCKS/User_Dropboxes/moonen/demultiplexing_done/20250408_AV233701_20250408_CL_PS-library2-6/Demultiplexed/Samples/Moonen/B2-3_gRNA/B2-3_gRNA_R1.fastq.gz
B2_3	/g/steinmetz/STOCKS/User_Dropboxes/moonen/demultiplexing_done/20250408_AV233701_20250408_CL_PS-library2-6/Demultiplexed/Samples/Moonen/B2-3_gRNA/B2-3_gRNA_R2.fastq.gz
B2_3	/g/steinmetz/STOCKS/User_Dropboxes/moonen/demultiplexing_done/20250408_AV233701_20250408_CL_PS-library2-6/Demultiplexed/Samples/Moonen/B2-3_WTX/B2-3_WTX_R1.fastq.gz
B2_3	/g/steinmetz/STOCKS/User_Dropboxes/moonen/demultiplexing_done/20250408_AV233701_20250408_CL_PS-library2-6/Demultiplexed/Samples/Moonen/B2-3_WTX/B2-3_WTX_R2.fastq.gz
B2_3	/g/steinmetz/STOCKS/User_Dropboxes/moonen/demultiplexing_done/20250411_AV233701_20250410_CL_PS-library2-7/Demultiplexed/Samples/Moonen/B2-3_gRNA/B2-3_gRNA_R1.fastq.gz
B2_3	/g/steinmetz/STOCKS/User_Dropboxes/moonen/demultiplexing_done/20250411_AV233701_20250410_CL_PS-library2-7/Demultiplexed/Samples/Moonen/B2-3_gRNA/B2-3_gRNA_R2.fastq.gz
B2_3	/g/steinmetz/STOCKS/User_Dropboxes/moonen/demultiplexing_done/20250411_AV233701_20250410_CL_PS-library2-7/Demultiplexed/Samples/Moonen/B2-3_WTX/B2-3_WTX_R1.fastq.gz
B2_3	/g/steinmetz/STOCKS/User_Dropboxes/moonen/demultiplexing_done/20250411_AV233701_20250410_CL_PS-library2-7/Demultiplexed/Samples/Moonen/B2-3_WTX/B2-3_WTX_R2.fastq.gz
B2_4	/g/steinmetz/STOCKS/User_Dropboxes/moonen/demultiplexing_done/20250403_AV233701_dewi-ps-library2-1/Demultiplexed/Samples/Moonen/B2-4_gRNA/B2-4_gRNA_R1.fastq.gz
B2_4	/g/steinmetz/STOCKS/User_Dropboxes/moonen/demultiplexing_done/20250403_AV233701_dewi-ps-library2-1/Demultiplexed/Samples/Moonen/B2-4_gRNA/B2-4_gRNA_R2.fastq.gz
B2_4	/g/steinmetz/STOCKS/User_Dropboxes/moonen/demultiplexing_done/20250403_AV233701_dewi-ps-library2-1/Demultiplexed/Samples/Moonen/B2-4_WTX/B2-4_WTX_R1.fastq.gz
B2_4	/g/steinmetz/STOCKS/User_Dropboxes/moonen/demultiplexing_done/20250403_AV233701_dewi-ps-library2-1/Demultiplexed/Samples/Moonen/B2-4_WTX/B2-4_WTX_R2.fastq.gz
B2_4	/g/steinmetz/STOCKS/User_Dropboxes/moonen/demultiplexing_done/20250403_AV233701_dewi-ps-library2-2/Demultiplexed/Samples/Moonen/B2-4_gRNA/B2-4_gRNA_R1.fastq.gz
B2_4	/g/steinmetz/STOCKS/User_Dropboxes/moonen/demultiplexing_done/20250403_AV233701_dewi-ps-library2-2/Demultiplexed/Samples/Moonen/B2-4_gRNA/B2-4_gRNA_R2.fastq.gz
B2_4	/g/steinmetz/STOCKS/User_Dropboxes/moonen/demultiplexing_done/20250403_AV233701_dewi-ps-library2-2/Demultiplexed/Samples/Moonen/B2-4_WTX/B2-4_WTX_R1.fastq.gz
B2_4	/g/steinmetz/STOCKS/User_Dropboxes/moonen/demultiplexing_done/20250403_AV233701_dewi-ps-library2-2/Demultiplexed/Samples/Moonen/B2-4_WTX/B2-4_WTX_R2.fastq.gz
B2_4	/g/steinmetz/STOCKS/User_Dropboxes/moonen/demultiplexing_done/20250404_AV233701_20250404_CL_PS_library2-3/Demultiplexed/Samples/Moonen/B2-4_gRNA/B2-4_gRNA_R1.fastq.gz
B2_4	/g/steinmetz/STOCKS/User_Dropboxes/moonen/demultiplexing_done/20250404_AV233701_20250404_CL_PS_library2-3/Demultiplexed/Samples/Moonen/B2-4_gRNA/B2-4_gRNA_R2.fastq.gz
B2_4	/g/steinmetz/STOCKS/User_Dropboxes/moonen/demultiplexing_done/20250404_AV233701_20250404_CL_PS_library2-3/Demultiplexed/Samples/Moonen/B2-4_WTX/B2-4_WTX_R1.fastq.gz
B2_4	/g/steinmetz/STOCKS/User_Dropboxes/moonen/demultiplexing_done/20250404_AV233701_20250404_CL_PS_library2-3/Demultiplexed/Samples/Moonen/B2-4_WTX/B2-4_WTX_R2.fastq.gz
B2_4	/g/steinmetz/STOCKS/User_Dropboxes/moonen/demultiplexing_done/20250404_AV233701_20250404_CL_PS-library2-4/Demultiplexed/Samples/Moonen/B2-4_gRNA/B2-4_gRNA_R1.fastq.gz
B2_4	/g/steinmetz/STOCKS/User_Dropboxes/moonen/demultiplexing_done/20250404_AV233701_20250404_CL_PS-library2-4/Demultiplexed/Samples/Moonen/B2-4_gRNA/B2-4_gRNA_R2.fastq.gz
B2_4	/g/steinmetz/STOCKS/User_Dropboxes/moonen/demultiplexing_done/20250404_AV233701_20250404_CL_PS-library2-4/Demultiplexed/Samples/Moonen/B2-4_WTX/B2-4_WTX_R1.fastq.gz
B2_4	/g/steinmetz/STOCKS/User_Dropboxes/moonen/demultiplexing_done/20250404_AV233701_20250404_CL_PS-library2-4/Demultiplexed/Samples/Moonen/B2-4_WTX/B2-4_WTX_R2.fastq.gz
B2_4	/g/steinmetz/STOCKS/User_Dropboxes/moonen/demultiplexing_done/20250408_AV233701_20250408_CL_PS-library2-5/Demultiplexed/Samples/Moonen/B2-4_gRNA/B2-4_gRNA_R1.fastq.gz
B2_4	/g/steinmetz/STOCKS/User_Dropboxes/moonen/demultiplexing_done/20250408_AV233701_20250408_CL_PS-library2-5/Demultiplexed/Samples/Moonen/B2-4_gRNA/B2-4_gRNA_R2.fastq.gz
B2_4	/g/steinmetz/STOCKS/User_Dropboxes/moonen/demultiplexing_done/20250408_AV233701_20250408_CL_PS-library2-5/Demultiplexed/Samples/Moonen/B2-4_WTX/B2-4_WTX_R1.fastq.gz
B2_4	/g/steinmetz/STOCKS/User_Dropboxes/moonen/demultiplexing_done/20250408_AV233701_20250408_CL_PS-library2-5/Demultiplexed/Samples/Moonen/B2-4_WTX/B2-4_WTX_R2.fastq.gz
B2_4	/g/steinmetz/STOCKS/User_Dropboxes/moonen/demultiplexing_done/20250408_AV233701_20250408_CL_PS-library2-6/Demultiplexed/Samples/Moonen/B2-4_gRNA/B2-4_gRNA_R1.fastq.gz
B2_4	/g/steinmetz/STOCKS/User_Dropboxes/moonen/demultiplexing_done/20250408_AV233701_20250408_CL_PS-library2-6/Demultiplexed/Samples/Moonen/B2-4_gRNA/B2-4_gRNA_R2.fastq.gz
B2_4	/g/steinmetz/STOCKS/User_Dropboxes/moonen/demultiplexing_done/20250408_AV233701_20250408_CL_PS-library2-6/Demultiplexed/Samples/Moonen/B2-4_WTX/B2-4_WTX_R1.fastq.gz
B2_4	/g/steinmetz/STOCKS/User_Dropboxes/moonen/demultiplexing_done/20250408_AV233701_20250408_CL_PS-library2-6/Demultiplexed/Samples/Moonen/B2-4_WTX/B2-4_WTX_R2.fastq.gz
B2_4	/g/steinmetz/STOCKS/User_Dropboxes/moonen/demultiplexing_done/20250411_AV233701_20250410_CL_PS-library2-7/Demultiplexed/Samples/Moonen/B2-4_gRNA/B2-4_gRNA_R1.fastq.gz
B2_4	/g/steinmetz/STOCKS/User_Dropboxes/moonen/demultiplexing_done/20250411_AV233701_20250410_CL_PS-library2-7/Demultiplexed/Samples/Moonen/B2-4_gRNA/B2-4_gRNA_R2.fastq.gz
B2_4	/g/steinmetz/STOCKS/User_Dropboxes/moonen/demultiplexing_done/20250411_AV233701_20250410_CL_PS-library2-7/Demultiplexed/Samples/Moonen/B2-4_WTX/B2-4_WTX_R1.fastq.gz
B2_4	/g/steinmetz/STOCKS/User_Dropboxes/moonen/demultiplexing_done/20250411_AV233701_20250410_CL_PS-library2-7/Demultiplexed/Samples/Moonen/B2-4_WTX/B2-4_WTX_R2.fastq.gz
B2_5	/g/steinmetz/STOCKS/User_Dropboxes/moonen/demultiplexing_done/20250403_AV233701_dewi-ps-library2-1/Demultiplexed/Samples/Moonen/B2-5_gRNA/B2-5_gRNA_R1.fastq.gz
B2_5	/g/steinmetz/STOCKS/User_Dropboxes/moonen/demultiplexing_done/20250403_AV233701_dewi-ps-library2-1/Demultiplexed/Samples/Moonen/B2-5_gRNA/B2-5_gRNA_R2.fastq.gz
B2_5	/g/steinmetz/STOCKS/User_Dropboxes/moonen/demultiplexing_done/20250403_AV233701_dewi-ps-library2-1/Demultiplexed/Samples/Moonen/B2-5_WTX/B2-5_WTX_R1.fastq.gz
B2_5	/g/steinmetz/STOCKS/User_Dropboxes/moonen/demultiplexing_done/20250403_AV233701_dewi-ps-library2-1/Demultiplexed/Samples/Moonen/B2-5_WTX/B2-5_WTX_R2.fastq.gz
B2_5	/g/steinmetz/STOCKS/User_Dropboxes/moonen/demultiplexing_done/20250403_AV233701_dewi-ps-library2-2/Demultiplexed/Samples/Moonen/B2-5_gRNA/B2-5_gRNA_R1.fastq.gz
B2_5	/g/steinmetz/STOCKS/User_Dropboxes/moonen/demultiplexing_done/20250403_AV233701_dewi-ps-library2-2/Demultiplexed/Samples/Moonen/B2-5_gRNA/B2-5_gRNA_R2.fastq.gz
B2_5	/g/steinmetz/STOCKS/User_Dropboxes/moonen/demultiplexing_done/20250403_AV233701_dewi-ps-library2-2/Demultiplexed/Samples/Moonen/B2-5_WTX/B2-5_WTX_R1.fastq.gz
B2_5	/g/steinmetz/STOCKS/User_Dropboxes/moonen/demultiplexing_done/20250403_AV233701_dewi-ps-library2-2/Demultiplexed/Samples/Moonen/B2-5_WTX/B2-5_WTX_R2.fastq.gz
B2_5	/g/steinmetz/STOCKS/User_Dropboxes/moonen/demultiplexing_done/20250404_AV233701_20250404_CL_PS_library2-3/Demultiplexed/Samples/Moonen/B2-5_gRNA/B2-5_gRNA_R1.fastq.gz
B2_5	/g/steinmetz/STOCKS/User_Dropboxes/moonen/demultiplexing_done/20250404_AV233701_20250404_CL_PS_library2-3/Demultiplexed/Samples/Moonen/B2-5_gRNA/B2-5_gRNA_R2.fastq.gz
B2_5	/g/steinmetz/STOCKS/User_Dropboxes/moonen/demultiplexing_done/20250404_AV233701_20250404_CL_PS_library2-3/Demultiplexed/Samples/Moonen/B2-5_WTX/B2-5_WTX_R1.fastq.gz
B2_5	/g/steinmetz/STOCKS/User_Dropboxes/moonen/demultiplexing_done/20250404_AV233701_20250404_CL_PS_library2-3/Demultiplexed/Samples/Moonen/B2-5_WTX/B2-5_WTX_R2.fastq.gz
B2_5	/g/steinmetz/STOCKS/User_Dropboxes/moonen/demultiplexing_done/20250404_AV233701_20250404_CL_PS-library2-4/Demultiplexed/Samples/Moonen/B2-5_gRNA/B2-5_gRNA_R1.fastq.gz
B2_5	/g/steinmetz/STOCKS/User_Dropboxes/moonen/demultiplexing_done/20250404_AV233701_20250404_CL_PS-library2-4/Demultiplexed/Samples/Moonen/B2-5_gRNA/B2-5_gRNA_R2.fastq.gz
B2_5	/g/steinmetz/STOCKS/User_Dropboxes/moonen/demultiplexing_done/20250404_AV233701_20250404_CL_PS-library2-4/Demultiplexed/Samples/Moonen/B2-5_WTX/B2-5_WTX_R1.fastq.gz
B2_5	/g/steinmetz/STOCKS/User_Dropboxes/moonen/demultiplexing_done/20250404_AV233701_20250404_CL_PS-library2-4/Demultiplexed/Samples/Moonen/B2-5_WTX/B2-5_WTX_R2.fastq.gz
B2_5	/g/steinmetz/STOCKS/User_Dropboxes/moonen/demultiplexing_done/20250408_AV233701_20250408_CL_PS-library2-5/Demultiplexed/Samples/Moonen/B2-5_gRNA/B2-5_gRNA_R1.fastq.gz
B2_5	/g/steinmetz/STOCKS/User_Dropboxes/moonen/demultiplexing_done/20250408_AV233701_20250408_CL_PS-library2-5/Demultiplexed/Samples/Moonen/B2-5_gRNA/B2-5_gRNA_R2.fastq.gz
B2_5	/g/steinmetz/STOCKS/User_Dropboxes/moonen/demultiplexing_done/20250408_AV233701_20250408_CL_PS-library2-5/Demultiplexed/Samples/Moonen/B2-5_WTX/B2-5_WTX_R1.fastq.gz
B2_5	/g/steinmetz/STOCKS/User_Dropboxes/moonen/demultiplexing_done/20250408_AV233701_20250408_CL_PS-library2-5/Demultiplexed/Samples/Moonen/B2-5_WTX/B2-5_WTX_R2.fastq.gz
B2_5	/g/steinmetz/STOCKS/User_Dropboxes/moonen/demultiplexing_done/20250408_AV233701_20250408_CL_PS-library2-6/Demultiplexed/Samples/Moonen/B2-5_gRNA/B2-5_gRNA_R1.fastq.gz
B2_5	/g/steinmetz/STOCKS/User_Dropboxes/moonen/demultiplexing_done/20250408_AV233701_20250408_CL_PS-library2-6/Demultiplexed/Samples/Moonen/B2-5_gRNA/B2-5_gRNA_R2.fastq.gz
B2_5	/g/steinmetz/STOCKS/User_Dropboxes/moonen/demultiplexing_done/20250408_AV233701_20250408_CL_PS-library2-6/Demultiplexed/Samples/Moonen/B2-5_WTX/B2-5_WTX_R1.fastq.gz
B2_5	/g/steinmetz/STOCKS/User_Dropboxes/moonen/demultiplexing_done/20250408_AV233701_20250408_CL_PS-library2-6/Demultiplexed/Samples/Moonen/B2-5_WTX/B2-5_WTX_R2.fastq.gz
B2_5	/g/steinmetz/STOCKS/User_Dropboxes/moonen/demultiplexing_done/20250411_AV233701_20250410_CL_PS-library2-7/Demultiplexed/Samples/Moonen/B2-5_gRNA/B2-5_gRNA_R1.fastq.gz
B2_5	/g/steinmetz/STOCKS/User_Dropboxes/moonen/demultiplexing_done/20250411_AV233701_20250410_CL_PS-library2-7/Demultiplexed/Samples/Moonen/B2-5_gRNA/B2-5_gRNA_R2.fastq.gz
B2_5	/g/steinmetz/STOCKS/User_Dropboxes/moonen/demultiplexing_done/20250411_AV233701_20250410_CL_PS-library2-7/Demultiplexed/Samples/Moonen/B2-5_WTX/B2-5_WTX_R1.fastq.gz
B2_5	/g/steinmetz/STOCKS/User_Dropboxes/moonen/demultiplexing_done/20250411_AV233701_20250410_CL_PS-library2-7/Demultiplexed/Samples/Moonen/B2-5_WTX/B2-5_WTX_R2.fastq.gz
B2_6	/g/steinmetz/STOCKS/User_Dropboxes/moonen/demultiplexing_done/20250403_AV233701_dewi-ps-library2-1/Demultiplexed/Samples/Moonen/B2-6_gRNA/B2-6_gRNA_R1.fastq.gz
B2_6	/g/steinmetz/STOCKS/User_Dropboxes/moonen/demultiplexing_done/20250403_AV233701_dewi-ps-library2-1/Demultiplexed/Samples/Moonen/B2-6_gRNA/B2-6_gRNA_R2.fastq.gz
B2_6	/g/steinmetz/STOCKS/User_Dropboxes/moonen/demultiplexing_done/20250403_AV233701_dewi-ps-library2-1/Demultiplexed/Samples/Moonen/B2-6_WTX/B2-6_WTX_R1.fastq.gz
B2_6	/g/steinmetz/STOCKS/User_Dropboxes/moonen/demultiplexing_done/20250403_AV233701_dewi-ps-library2-1/Demultiplexed/Samples/Moonen/B2-6_WTX/B2-6_WTX_R2.fastq.gz
B2_6	/g/steinmetz/STOCKS/User_Dropboxes/moonen/demultiplexing_done/20250403_AV233701_dewi-ps-library2-2/Demultiplexed/Samples/Moonen/B2-6_gRNA/B2-6_gRNA_R1.fastq.gz
B2_6	/g/steinmetz/STOCKS/User_Dropboxes/moonen/demultiplexing_done/20250403_AV233701_dewi-ps-library2-2/Demultiplexed/Samples/Moonen/B2-6_gRNA/B2-6_gRNA_R2.fastq.gz
B2_6	/g/steinmetz/STOCKS/User_Dropboxes/moonen/demultiplexing_done/20250403_AV233701_dewi-ps-library2-2/Demultiplexed/Samples/Moonen/B2-6_WTX/B2-6_WTX_R1.fastq.gz
B2_6	/g/steinmetz/STOCKS/User_Dropboxes/moonen/demultiplexing_done/20250403_AV233701_dewi-ps-library2-2/Demultiplexed/Samples/Moonen/B2-6_WTX/B2-6_WTX_R2.fastq.gz
B2_6	/g/steinmetz/STOCKS/User_Dropboxes/moonen/demultiplexing_done/20250404_AV233701_20250404_CL_PS_library2-3/Demultiplexed/Samples/Moonen/B2-6_gRNA/B2-6_gRNA_R1.fastq.gz
B2_6	/g/steinmetz/STOCKS/User_Dropboxes/moonen/demultiplexing_done/20250404_AV233701_20250404_CL_PS_library2-3/Demultiplexed/Samples/Moonen/B2-6_gRNA/B2-6_gRNA_R2.fastq.gz
B2_6	/g/steinmetz/STOCKS/User_Dropboxes/moonen/demultiplexing_done/20250404_AV233701_20250404_CL_PS_library2-3/Demultiplexed/Samples/Moonen/B2-6_WTX/B2-6_WTX_R1.fastq.gz
B2_6	/g/steinmetz/STOCKS/User_Dropboxes/moonen/demultiplexing_done/20250404_AV233701_20250404_CL_PS_library2-3/Demultiplexed/Samples/Moonen/B2-6_WTX/B2-6_WTX_R2.fastq.gz
B2_6	/g/steinmetz/STOCKS/User_Dropboxes/moonen/demultiplexing_done/20250404_AV233701_20250404_CL_PS-library2-4/Demultiplexed/Samples/Moonen/B2-6_gRNA/B2-6_gRNA_R1.fastq.gz
B2_6	/g/steinmetz/STOCKS/User_Dropboxes/moonen/demultiplexing_done/20250404_AV233701_20250404_CL_PS-library2-4/Demultiplexed/Samples/Moonen/B2-6_gRNA/B2-6_gRNA_R2.fastq.gz
B2_6	/g/steinmetz/STOCKS/User_Dropboxes/moonen/demultiplexing_done/20250404_AV233701_20250404_CL_PS-library2-4/Demultiplexed/Samples/Moonen/B2-6_WTX/B2-6_WTX_R1.fastq.gz
B2_6	/g/steinmetz/STOCKS/User_Dropboxes/moonen/demultiplexing_done/20250404_AV233701_20250404_CL_PS-library2-4/Demultiplexed/Samples/Moonen/B2-6_WTX/B2-6_WTX_R2.fastq.gz
B2_6	/g/steinmetz/STOCKS/User_Dropboxes/moonen/demultiplexing_done/20250408_AV233701_20250408_CL_PS-library2-5/Demultiplexed/Samples/Moonen/B2-6_gRNA/B2-6_gRNA_R1.fastq.gz
B2_6	/g/steinmetz/STOCKS/User_Dropboxes/moonen/demultiplexing_done/20250408_AV233701_20250408_CL_PS-library2-5/Demultiplexed/Samples/Moonen/B2-6_gRNA/B2-6_gRNA_R2.fastq.gz
B2_6	/g/steinmetz/STOCKS/User_Dropboxes/moonen/demultiplexing_done/20250408_AV233701_20250408_CL_PS-library2-5/Demultiplexed/Samples/Moonen/B2-6_WTX/B2-6_WTX_R1.fastq.gz
B2_6	/g/steinmetz/STOCKS/User_Dropboxes/moonen/demultiplexing_done/20250408_AV233701_20250408_CL_PS-library2-5/Demultiplexed/Samples/Moonen/B2-6_WTX/B2-6_WTX_R2.fastq.gz
B2_6	/g/steinmetz/STOCKS/User_Dropboxes/moonen/demultiplexing_done/20250408_AV233701_20250408_CL_PS-library2-6/Demultiplexed/Samples/Moonen/B2-6_gRNA/B2-6_gRNA_R1.fastq.gz
B2_6	/g/steinmetz/STOCKS/User_Dropboxes/moonen/demultiplexing_done/20250408_AV233701_20250408_CL_PS-library2-6/Demultiplexed/Samples/Moonen/B2-6_gRNA/B2-6_gRNA_R2.fastq.gz
B2_6	/g/steinmetz/STOCKS/User_Dropboxes/moonen/demultiplexing_done/20250408_AV233701_20250408_CL_PS-library2-6/Demultiplexed/Samples/Moonen/B2-6_WTX/B2-6_WTX_R1.fastq.gz
B2_6	/g/steinmetz/STOCKS/User_Dropboxes/moonen/demultiplexing_done/20250408_AV233701_20250408_CL_PS-library2-6/Demultiplexed/Samples/Moonen/B2-6_WTX/B2-6_WTX_R2.fastq.gz
B2_6	/g/steinmetz/STOCKS/User_Dropboxes/moonen/demultiplexing_done/20250411_AV233701_20250410_CL_PS-library2-7/Demultiplexed/Samples/Moonen/B2-6_gRNA/B2-6_gRNA_R1.fastq.gz
B2_6	/g/steinmetz/STOCKS/User_Dropboxes/moonen/demultiplexing_done/20250411_AV233701_20250410_CL_PS-library2-7/Demultiplexed/Samples/Moonen/B2-6_gRNA/B2-6_gRNA_R2.fastq.gz
B2_6	/g/steinmetz/STOCKS/User_Dropboxes/moonen/demultiplexing_done/20250411_AV233701_20250410_CL_PS-library2-7/Demultiplexed/Samples/Moonen/B2-6_WTX/B2-6_WTX_R1.fastq.gz
B2_6	/g/steinmetz/STOCKS/User_Dropboxes/moonen/demultiplexing_done/20250411_AV233701_20250410_CL_PS-library2-7/Demultiplexed/Samples/Moonen/B2-6_WTX/B2-6_WTX_R2.fastq.gz
B2_7	/g/steinmetz/STOCKS/User_Dropboxes/moonen/demultiplexing_done/20250403_AV233701_dewi-ps-library2-1/Demultiplexed/Samples/Moonen/B2-7_gRNA/B2-7_gRNA_R1.fastq.gz
B2_7	/g/steinmetz/STOCKS/User_Dropboxes/moonen/demultiplexing_done/20250403_AV233701_dewi-ps-library2-1/Demultiplexed/Samples/Moonen/B2-7_gRNA/B2-7_gRNA_R2.fastq.gz
B2_7	/g/steinmetz/STOCKS/User_Dropboxes/moonen/demultiplexing_done/20250403_AV233701_dewi-ps-library2-1/Demultiplexed/Samples/Moonen/B2-7_WTX/B2-7_WTX_R1.fastq.gz
B2_7	/g/steinmetz/STOCKS/User_Dropboxes/moonen/demultiplexing_done/20250403_AV233701_dewi-ps-library2-1/Demultiplexed/Samples/Moonen/B2-7_WTX/B2-7_WTX_R2.fastq.gz
B2_7	/g/steinmetz/STOCKS/User_Dropboxes/moonen/demultiplexing_done/20250403_AV233701_dewi-ps-library2-2/Demultiplexed/Samples/Moonen/B2-7_gRNA/B2-7_gRNA_R1.fastq.gz
B2_7	/g/steinmetz/STOCKS/User_Dropboxes/moonen/demultiplexing_done/20250403_AV233701_dewi-ps-library2-2/Demultiplexed/Samples/Moonen/B2-7_gRNA/B2-7_gRNA_R2.fastq.gz
B2_7	/g/steinmetz/STOCKS/User_Dropboxes/moonen/demultiplexing_done/20250403_AV233701_dewi-ps-library2-2/Demultiplexed/Samples/Moonen/B2-7_WTX/B2-7_WTX_R1.fastq.gz
B2_7	/g/steinmetz/STOCKS/User_Dropboxes/moonen/demultiplexing_done/20250403_AV233701_dewi-ps-library2-2/Demultiplexed/Samples/Moonen/B2-7_WTX/B2-7_WTX_R2.fastq.gz
B2_7	/g/steinmetz/STOCKS/User_Dropboxes/moonen/demultiplexing_done/20250404_AV233701_20250404_CL_PS_library2-3/Demultiplexed/Samples/Moonen/B2-7_gRNA/B2-7_gRNA_R1.fastq.gz
B2_7	/g/steinmetz/STOCKS/User_Dropboxes/moonen/demultiplexing_done/20250404_AV233701_20250404_CL_PS_library2-3/Demultiplexed/Samples/Moonen/B2-7_gRNA/B2-7_gRNA_R2.fastq.gz
B2_7	/g/steinmetz/STOCKS/User_Dropboxes/moonen/demultiplexing_done/20250404_AV233701_20250404_CL_PS_library2-3/Demultiplexed/Samples/Moonen/B2-7_WTX/B2-7_WTX_R1.fastq.gz
B2_7	/g/steinmetz/STOCKS/User_Dropboxes/moonen/demultiplexing_done/20250404_AV233701_20250404_CL_PS_library2-3/Demultiplexed/Samples/Moonen/B2-7_WTX/B2-7_WTX_R2.fastq.gz
B2_7	/g/steinmetz/STOCKS/User_Dropboxes/moonen/demultiplexing_done/20250404_AV233701_20250404_CL_PS-library2-4/Demultiplexed/Samples/Moonen/B2-7_gRNA/B2-7_gRNA_R1.fastq.gz
B2_7	/g/steinmetz/STOCKS/User_Dropboxes/moonen/demultiplexing_done/20250404_AV233701_20250404_CL_PS-library2-4/Demultiplexed/Samples/Moonen/B2-7_gRNA/B2-7_gRNA_R2.fastq.gz
B2_7	/g/steinmetz/STOCKS/User_Dropboxes/moonen/demultiplexing_done/20250404_AV233701_20250404_CL_PS-library2-4/Demultiplexed/Samples/Moonen/B2-7_WTX/B2-7_WTX_R1.fastq.gz
B2_7	/g/steinmetz/STOCKS/User_Dropboxes/moonen/demultiplexing_done/20250404_AV233701_20250404_CL_PS-library2-4/Demultiplexed/Samples/Moonen/B2-7_WTX/B2-7_WTX_R2.fastq.gz
B2_7	/g/steinmetz/STOCKS/User_Dropboxes/moonen/demultiplexing_done/20250408_AV233701_20250408_CL_PS-library2-5/Demultiplexed/Samples/Moonen/B2-7_gRNA/B2-7_gRNA_R1.fastq.gz
B2_7	/g/steinmetz/STOCKS/User_Dropboxes/moonen/demultiplexing_done/20250408_AV233701_20250408_CL_PS-library2-5/Demultiplexed/Samples/Moonen/B2-7_gRNA/B2-7_gRNA_R2.fastq.gz
B2_7	/g/steinmetz/STOCKS/User_Dropboxes/moonen/demultiplexing_done/20250408_AV233701_20250408_CL_PS-library2-5/Demultiplexed/Samples/Moonen/B2-7_WTX/B2-7_WTX_R1.fastq.gz
B2_7	/g/steinmetz/STOCKS/User_Dropboxes/moonen/demultiplexing_done/20250408_AV233701_20250408_CL_PS-library2-5/Demultiplexed/Samples/Moonen/B2-7_WTX/B2-7_WTX_R2.fastq.gz
B2_7	/g/steinmetz/STOCKS/User_Dropboxes/moonen/demultiplexing_done/20250408_AV233701_20250408_CL_PS-library2-6/Demultiplexed/Samples/Moonen/B2-7_gRNA/B2-7_gRNA_R1.fastq.gz
B2_7	/g/steinmetz/STOCKS/User_Dropboxes/moonen/demultiplexing_done/20250408_AV233701_20250408_CL_PS-library2-6/Demultiplexed/Samples/Moonen/B2-7_gRNA/B2-7_gRNA_R2.fastq.gz
B2_7	/g/steinmetz/STOCKS/User_Dropboxes/moonen/demultiplexing_done/20250408_AV233701_20250408_CL_PS-library2-6/Demultiplexed/Samples/Moonen/B2-7_WTX/B2-7_WTX_R1.fastq.gz
B2_7	/g/steinmetz/STOCKS/User_Dropboxes/moonen/demultiplexing_done/20250408_AV233701_20250408_CL_PS-library2-6/Demultiplexed/Samples/Moonen/B2-7_WTX/B2-7_WTX_R2.fastq.gz
B2_7	/g/steinmetz/STOCKS/User_Dropboxes/moonen/demultiplexing_done/20250411_AV233701_20250410_CL_PS-library2-7/Demultiplexed/Samples/Moonen/B2-7_gRNA/B2-7_gRNA_R1.fastq.gz
B2_7	/g/steinmetz/STOCKS/User_Dropboxes/moonen/demultiplexing_done/20250411_AV233701_20250410_CL_PS-library2-7/Demultiplexed/Samples/Moonen/B2-7_gRNA/B2-7_gRNA_R2.fastq.gz
B2_7	/g/steinmetz/STOCKS/User_Dropboxes/moonen/demultiplexing_done/20250411_AV233701_20250410_CL_PS-library2-7/Demultiplexed/Samples/Moonen/B2-7_WTX/B2-7_WTX_R1.fastq.gz
B2_7	/g/steinmetz/STOCKS/User_Dropboxes/moonen/demultiplexing_done/20250411_AV233701_20250410_CL_PS-library2-7/Demultiplexed/Samples/Moonen/B2-7_WTX/B2-7_WTX_R2.fastq.gz
B2_8	/g/steinmetz/STOCKS/User_Dropboxes/moonen/demultiplexing_done/20250403_AV233701_dewi-ps-library2-1/Demultiplexed/Samples/Moonen/B2-8_gRNA/B2-8_gRNA_R1.fastq.gz
B2_8	/g/steinmetz/STOCKS/User_Dropboxes/moonen/demultiplexing_done/20250403_AV233701_dewi-ps-library2-1/Demultiplexed/Samples/Moonen/B2-8_gRNA/B2-8_gRNA_R2.fastq.gz
B2_8	/g/steinmetz/STOCKS/User_Dropboxes/moonen/demultiplexing_done/20250403_AV233701_dewi-ps-library2-1/Demultiplexed/Samples/Moonen/B2-8_WTX/B2-8_WTX_R1.fastq.gz
B2_8	/g/steinmetz/STOCKS/User_Dropboxes/moonen/demultiplexing_done/20250403_AV233701_dewi-ps-library2-1/Demultiplexed/Samples/Moonen/B2-8_WTX/B2-8_WTX_R2.fastq.gz
B2_8	/g/steinmetz/STOCKS/User_Dropboxes/moonen/demultiplexing_done/20250403_AV233701_dewi-ps-library2-2/Demultiplexed/Samples/Moonen/B2-8_gRNA/B2-8_gRNA_R1.fastq.gz
B2_8	/g/steinmetz/STOCKS/User_Dropboxes/moonen/demultiplexing_done/20250403_AV233701_dewi-ps-library2-2/Demultiplexed/Samples/Moonen/B2-8_gRNA/B2-8_gRNA_R2.fastq.gz
B2_8	/g/steinmetz/STOCKS/User_Dropboxes/moonen/demultiplexing_done/20250403_AV233701_dewi-ps-library2-2/Demultiplexed/Samples/Moonen/B2-8_WTX/B2-8_WTX_R1.fastq.gz
B2_8	/g/steinmetz/STOCKS/User_Dropboxes/moonen/demultiplexing_done/20250403_AV233701_dewi-ps-library2-2/Demultiplexed/Samples/Moonen/B2-8_WTX/B2-8_WTX_R2.fastq.gz
B2_8	/g/steinmetz/STOCKS/User_Dropboxes/moonen/demultiplexing_done/20250404_AV233701_20250404_CL_PS_library2-3/Demultiplexed/Samples/Moonen/B2-8_gRNA/B2-8_gRNA_R1.fastq.gz
B2_8	/g/steinmetz/STOCKS/User_Dropboxes/moonen/demultiplexing_done/20250404_AV233701_20250404_CL_PS_library2-3/Demultiplexed/Samples/Moonen/B2-8_gRNA/B2-8_gRNA_R2.fastq.gz
B2_8	/g/steinmetz/STOCKS/User_Dropboxes/moonen/demultiplexing_done/20250404_AV233701_20250404_CL_PS_library2-3/Demultiplexed/Samples/Moonen/B2-8_WTX/B2-8_WTX_R1.fastq.gz
B2_8	/g/steinmetz/STOCKS/User_Dropboxes/moonen/demultiplexing_done/20250404_AV233701_20250404_CL_PS_library2-3/Demultiplexed/Samples/Moonen/B2-8_WTX/B2-8_WTX_R2.fastq.gz
B2_8	/g/steinmetz/STOCKS/User_Dropboxes/moonen/demultiplexing_done/20250404_AV233701_20250404_CL_PS-library2-4/Demultiplexed/Samples/Moonen/B2-8_gRNA/B2-8_gRNA_R1.fastq.gz
B2_8	/g/steinmetz/STOCKS/User_Dropboxes/moonen/demultiplexing_done/20250404_AV233701_20250404_CL_PS-library2-4/Demultiplexed/Samples/Moonen/B2-8_gRNA/B2-8_gRNA_R2.fastq.gz
B2_8	/g/steinmetz/STOCKS/User_Dropboxes/moonen/demultiplexing_done/20250404_AV233701_20250404_CL_PS-library2-4/Demultiplexed/Samples/Moonen/B2-8_WTX/B2-8_WTX_R1.fastq.gz
B2_8	/g/steinmetz/STOCKS/User_Dropboxes/moonen/demultiplexing_done/20250404_AV233701_20250404_CL_PS-library2-4/Demultiplexed/Samples/Moonen/B2-8_WTX/B2-8_WTX_R2.fastq.gz
B2_8	/g/steinmetz/STOCKS/User_Dropboxes/moonen/demultiplexing_done/20250408_AV233701_20250408_CL_PS-library2-5/Demultiplexed/Samples/Moonen/B2-8_gRNA/B2-8_gRNA_R1.fastq.gz
B2_8	/g/steinmetz/STOCKS/User_Dropboxes/moonen/demultiplexing_done/20250408_AV233701_20250408_CL_PS-library2-5/Demultiplexed/Samples/Moonen/B2-8_gRNA/B2-8_gRNA_R2.fastq.gz
B2_8	/g/steinmetz/STOCKS/User_Dropboxes/moonen/demultiplexing_done/20250408_AV233701_20250408_CL_PS-library2-5/Demultiplexed/Samples/Moonen/B2-8_WTX/B2-8_WTX_R1.fastq.gz
B2_8	/g/steinmetz/STOCKS/User_Dropboxes/moonen/demultiplexing_done/20250408_AV233701_20250408_CL_PS-library2-5/Demultiplexed/Samples/Moonen/B2-8_WTX/B2-8_WTX_R2.fastq.gz
B2_8	/g/steinmetz/STOCKS/User_Dropboxes/moonen/demultiplexing_done/20250408_AV233701_20250408_CL_PS-library2-6/Demultiplexed/Samples/Moonen/B2-8_gRNA/B2-8_gRNA_R1.fastq.gz
B2_8	/g/steinmetz/STOCKS/User_Dropboxes/moonen/demultiplexing_done/20250408_AV233701_20250408_CL_PS-library2-6/Demultiplexed/Samples/Moonen/B2-8_gRNA/B2-8_gRNA_R2.fastq.gz
B2_8	/g/steinmetz/STOCKS/User_Dropboxes/moonen/demultiplexing_done/20250408_AV233701_20250408_CL_PS-library2-6/Demultiplexed/Samples/Moonen/B2-8_WTX/B2-8_WTX_R1.fastq.gz
B2_8	/g/steinmetz/STOCKS/User_Dropboxes/moonen/demultiplexing_done/20250408_AV233701_20250408_CL_PS-library2-6/Demultiplexed/Samples/Moonen/B2-8_WTX/B2-8_WTX_R2.fastq.gz
B2_8	/g/steinmetz/STOCKS/User_Dropboxes/moonen/demultiplexing_done/20250411_AV233701_20250410_CL_PS-library2-7/Demultiplexed/Samples/Moonen/B2-8_gRNA/B2-8_gRNA_R1.fastq.gz
B2_8	/g/steinmetz/STOCKS/User_Dropboxes/moonen/demultiplexing_done/20250411_AV233701_20250410_CL_PS-library2-7/Demultiplexed/Samples/Moonen/B2-8_gRNA/B2-8_gRNA_R2.fastq.gz
B2_8	/g/steinmetz/STOCKS/User_Dropboxes/moonen/demultiplexing_done/20250411_AV233701_20250410_CL_PS-library2-7/Demultiplexed/Samples/Moonen/B2-8_WTX/B2-8_WTX_R1.fastq.gz
B2_8	/g/steinmetz/STOCKS/User_Dropboxes/moonen/demultiplexing_done/20250411_AV233701_20250410_CL_PS-library2-7/Demultiplexed/Samples/Moonen/B2-8_WTX/B2-8_WTX_R2.fastq.gz
B5_1	/g/steinmetz/STOCKS/Data/Assay/sequencing/2025/2025-05-04_AV233002_Moonen_2438676529/Samples/Moonen/B5-1_gRNA/B5-1_gRNA_R1.fastq.gz
B5_1	/g/steinmetz/STOCKS/Data/Assay/sequencing/2025/2025-05-04_AV233002_Moonen_2438676529/Samples/Moonen/B5-1_gRNA/B5-1_gRNA_R2.fastq.gz
B5_1	/g/steinmetz/STOCKS/Data/Assay/sequencing/2025/2025-05-04_AV233002_Moonen_2438676529/Samples/Moonen/B5-1_WTX/B5-1_WTX_R1.fastq.gz
B5_1	/g/steinmetz/STOCKS/Data/Assay/sequencing/2025/2025-05-04_AV233002_Moonen_2438676529/Samples/Moonen/B5-1_WTX/B5-1_WTX_R2.fastq.gz
B5_1	/g/steinmetz/STOCKS/Data/Assay/sequencing/2025/2025-05-06_AV233002_Moonen_2438513022/Samples/Moonen/B5-1_gRNA/B5-1_gRNA_R1.fastq.gz
B5_1	/g/steinmetz/STOCKS/Data/Assay/sequencing/2025/2025-05-06_AV233002_Moonen_2438513022/Samples/Moonen/B5-1_gRNA/B5-1_gRNA_R2.fastq.gz
B5_1	/g/steinmetz/STOCKS/Data/Assay/sequencing/2025/2025-05-06_AV233002_Moonen_2438513022/Samples/Moonen/B5-1_WTX/B5-1_WTX_R1.fastq.gz
B5_1	/g/steinmetz/STOCKS/Data/Assay/sequencing/2025/2025-05-06_AV233002_Moonen_2438513022/Samples/Moonen/B5-1_WTX/B5-1_WTX_R2.fastq.gz
B5_1	/g/steinmetz/STOCKS/Data/Assay/sequencing/2025/2025-05-06_AV233002_Moonen_2438546157/Samples/Moonen/B5-1_gRNA/B5-1_gRNA_R1.fastq.gz
B5_1	/g/steinmetz/STOCKS/Data/Assay/sequencing/2025/2025-05-06_AV233002_Moonen_2438546157/Samples/Moonen/B5-1_gRNA/B5-1_gRNA_R2.fastq.gz
B5_1	/g/steinmetz/STOCKS/Data/Assay/sequencing/2025/2025-05-06_AV233002_Moonen_2438546157/Samples/Moonen/B5-1_WTX/B5-1_WTX_R1.fastq.gz
B5_1	/g/steinmetz/STOCKS/Data/Assay/sequencing/2025/2025-05-06_AV233002_Moonen_2438546157/Samples/Moonen/B5-1_WTX/B5-1_WTX_R2.fastq.gz
B5_1	/g/steinmetz/STOCKS/Data/Assay/sequencing/2025/2025-05-07_AV233002_Moonen_2438486684/Samples/Moonen/B5_1_gRNA/B5_1_gRNA_R1.fastq.gz
B5_1	/g/steinmetz/STOCKS/Data/Assay/sequencing/2025/2025-05-07_AV233002_Moonen_2438486684/Samples/Moonen/B5_1_gRNA/B5_1_gRNA_R2.fastq.gz
B5_1	/g/steinmetz/STOCKS/Data/Assay/sequencing/2025/2025-05-07_AV233002_Moonen_2438486684/Samples/Moonen/B5_1_WTX/B5_1_WTX_R1.fastq.gz
B5_1	/g/steinmetz/STOCKS/Data/Assay/sequencing/2025/2025-05-07_AV233002_Moonen_2438486684/Samples/Moonen/B5_1_WTX/B5_1_WTX_R2.fastq.gz
B5_1	/g/steinmetz/STOCKS/Data/Assay/sequencing/2025/2025-05-10_AV233002_Moonen_2438516632/Samples/Moonen/B5-1_gRNA/B5-1_gRNA_R1.fastq.gz
B5_1	/g/steinmetz/STOCKS/Data/Assay/sequencing/2025/2025-05-10_AV233002_Moonen_2438516632/Samples/Moonen/B5-1_gRNA/B5-1_gRNA_R2.fastq.gz
B5_1	/g/steinmetz/STOCKS/Data/Assay/sequencing/2025/2025-05-10_AV233002_Moonen_2438516632/Samples/Moonen/B5-1_WTX/B5-1_WTX_R1.fastq.gz
B5_1	/g/steinmetz/STOCKS/Data/Assay/sequencing/2025/2025-05-10_AV233002_Moonen_2438516632/Samples/Moonen/B5-1_WTX/B5-1_WTX_R2.fastq.gz
B5_1	/g/steinmetz/STOCKS/Data/Assay/sequencing/2025/2025-05-10_AV233002_Moonen_2438529857/Samples/Moonen/B5-1_gRNA/B5-1_gRNA_R1.fastq.gz
B5_1	/g/steinmetz/STOCKS/Data/Assay/sequencing/2025/2025-05-10_AV233002_Moonen_2438529857/Samples/Moonen/B5-1_gRNA/B5-1_gRNA_R2.fastq.gz
B5_1	/g/steinmetz/STOCKS/Data/Assay/sequencing/2025/2025-05-10_AV233002_Moonen_2438529857/Samples/Moonen/B5-1_WTX/B5-1_WTX_R1.fastq.gz
B5_1	/g/steinmetz/STOCKS/Data/Assay/sequencing/2025/2025-05-10_AV233002_Moonen_2438529857/Samples/Moonen/B5-1_WTX/B5-1_WTX_R2.fastq.gz
B5_1	/g/steinmetz/STOCKS/Data/Assay/sequencing/2025/2025-05-11_AV233002_Moonen_2436429308/Samples/Moonen/B5-1_gRNA/B5-1_gRNA_R1.fastq.gz
B5_1	/g/steinmetz/STOCKS/Data/Assay/sequencing/2025/2025-05-11_AV233002_Moonen_2436429308/Samples/Moonen/B5-1_gRNA/B5-1_gRNA_R2.fastq.gz
B5_1	/g/steinmetz/STOCKS/Data/Assay/sequencing/2025/2025-05-11_AV233002_Moonen_2436429308/Samples/Moonen/B5-1_WTX/B5-1_WTX_R1.fastq.gz
B5_1	/g/steinmetz/STOCKS/Data/Assay/sequencing/2025/2025-05-11_AV233002_Moonen_2436429308/Samples/Moonen/B5-1_WTX/B5-1_WTX_R2.fastq.gz
B5_1	/g/steinmetz/STOCKS/Data/Assay/sequencing/2025/2025-05-11_AV233002_Moonen_2438526948/Samples/Moonen/B5-1_gRNA/B5-1_gRNA_R1.fastq.gz
B5_1	/g/steinmetz/STOCKS/Data/Assay/sequencing/2025/2025-05-11_AV233002_Moonen_2438526948/Samples/Moonen/B5-1_gRNA/B5-1_gRNA_R2.fastq.gz
B5_1	/g/steinmetz/STOCKS/Data/Assay/sequencing/2025/2025-05-11_AV233002_Moonen_2438526948/Samples/Moonen/B5-1_WTX/B5-1_WTX_R1.fastq.gz
B5_1	/g/steinmetz/STOCKS/Data/Assay/sequencing/2025/2025-05-11_AV233002_Moonen_2438526948/Samples/Moonen/B5-1_WTX/B5-1_WTX_R2.fastq.gz
B5_1	/g/steinmetz/STOCKS/Data/Assay/sequencing/2025/2025-05-13_AV233002_Moonen_2438654814/Samples/Moonen/B5_1_gRNA/B5_1_gRNA_R1.fastq.gz
B5_1	/g/steinmetz/STOCKS/Data/Assay/sequencing/2025/2025-05-13_AV233002_Moonen_2438654814/Samples/Moonen/B5_1_gRNA/B5_1_gRNA_R2.fastq.gz
B5_1	/g/steinmetz/STOCKS/Data/Assay/sequencing/2025/2025-05-13_AV233002_Moonen_2438654814/Samples/Moonen/B5_1_WTX/B5_1_WTX_R1.fastq.gz
B5_1	/g/steinmetz/STOCKS/Data/Assay/sequencing/2025/2025-05-13_AV233002_Moonen_2438654814/Samples/Moonen/B5_1_WTX/B5_1_WTX_R2.fastq.gz
B5_2	/g/steinmetz/STOCKS/Data/Assay/sequencing/2025/2025-05-04_AV233002_Moonen_2438676529/Samples/Moonen/B5-2_gRNA/B5-2_gRNA_R1.fastq.gz
B5_2	/g/steinmetz/STOCKS/Data/Assay/sequencing/2025/2025-05-04_AV233002_Moonen_2438676529/Samples/Moonen/B5-2_gRNA/B5-2_gRNA_R2.fastq.gz
B5_2	/g/steinmetz/STOCKS/Data/Assay/sequencing/2025/2025-05-04_AV233002_Moonen_2438676529/Samples/Moonen/B5-2_WTX/B5-2_WTX_R1.fastq.gz
B5_2	/g/steinmetz/STOCKS/Data/Assay/sequencing/2025/2025-05-04_AV233002_Moonen_2438676529/Samples/Moonen/B5-2_WTX/B5-2_WTX_R2.fastq.gz
B5_2	/g/steinmetz/STOCKS/Data/Assay/sequencing/2025/2025-05-06_AV233002_Moonen_2438513022/Samples/Moonen/B5-2_gRNA/B5-2_gRNA_R1.fastq.gz
B5_2	/g/steinmetz/STOCKS/Data/Assay/sequencing/2025/2025-05-06_AV233002_Moonen_2438513022/Samples/Moonen/B5-2_gRNA/B5-2_gRNA_R2.fastq.gz
B5_2	/g/steinmetz/STOCKS/Data/Assay/sequencing/2025/2025-05-06_AV233002_Moonen_2438513022/Samples/Moonen/B5-2_WTX/B5-2_WTX_R1.fastq.gz
B5_2	/g/steinmetz/STOCKS/Data/Assay/sequencing/2025/2025-05-06_AV233002_Moonen_2438513022/Samples/Moonen/B5-2_WTX/B5-2_WTX_R2.fastq.gz
B5_2	/g/steinmetz/STOCKS/Data/Assay/sequencing/2025/2025-05-06_AV233002_Moonen_2438546157/Samples/Moonen/B5-2_gRNA/B5-2_gRNA_R1.fastq.gz
B5_2	/g/steinmetz/STOCKS/Data/Assay/sequencing/2025/2025-05-06_AV233002_Moonen_2438546157/Samples/Moonen/B5-2_gRNA/B5-2_gRNA_R2.fastq.gz
B5_2	/g/steinmetz/STOCKS/Data/Assay/sequencing/2025/2025-05-06_AV233002_Moonen_2438546157/Samples/Moonen/B5-2_WTX/B5-2_WTX_R1.fastq.gz
B5_2	/g/steinmetz/STOCKS/Data/Assay/sequencing/2025/2025-05-06_AV233002_Moonen_2438546157/Samples/Moonen/B5-2_WTX/B5-2_WTX_R2.fastq.gz
B5_2	/g/steinmetz/STOCKS/Data/Assay/sequencing/2025/2025-05-07_AV233002_Moonen_2438486684/Samples/Moonen/B5_2_gRNA/B5_2_gRNA_R1.fastq.gz
B5_2	/g/steinmetz/STOCKS/Data/Assay/sequencing/2025/2025-05-07_AV233002_Moonen_2438486684/Samples/Moonen/B5_2_gRNA/B5_2_gRNA_R2.fastq.gz
B5_2	/g/steinmetz/STOCKS/Data/Assay/sequencing/2025/2025-05-07_AV233002_Moonen_2438486684/Samples/Moonen/B5_2_WTX/B5_2_WTX_R1.fastq.gz
B5_2	/g/steinmetz/STOCKS/Data/Assay/sequencing/2025/2025-05-07_AV233002_Moonen_2438486684/Samples/Moonen/B5_2_WTX/B5_2_WTX_R2.fastq.gz
B5_2	/g/steinmetz/STOCKS/Data/Assay/sequencing/2025/2025-05-10_AV233002_Moonen_2438516632/Samples/Moonen/B5-2_gRNA/B5-2_gRNA_R1.fastq.gz
B5_2	/g/steinmetz/STOCKS/Data/Assay/sequencing/2025/2025-05-10_AV233002_Moonen_2438516632/Samples/Moonen/B5-2_gRNA/B5-2_gRNA_R2.fastq.gz
B5_2	/g/steinmetz/STOCKS/Data/Assay/sequencing/2025/2025-05-10_AV233002_Moonen_2438516632/Samples/Moonen/B5-2_WTX/B5-2_WTX_R1.fastq.gz
B5_2	/g/steinmetz/STOCKS/Data/Assay/sequencing/2025/2025-05-10_AV233002_Moonen_2438516632/Samples/Moonen/B5-2_WTX/B5-2_WTX_R2.fastq.gz
B5_2	/g/steinmetz/STOCKS/Data/Assay/sequencing/2025/2025-05-10_AV233002_Moonen_2438529857/Samples/Moonen/B5-2_gRNA/B5-2_gRNA_R1.fastq.gz
B5_2	/g/steinmetz/STOCKS/Data/Assay/sequencing/2025/2025-05-10_AV233002_Moonen_2438529857/Samples/Moonen/B5-2_gRNA/B5-2_gRNA_R2.fastq.gz
B5_2	/g/steinmetz/STOCKS/Data/Assay/sequencing/2025/2025-05-10_AV233002_Moonen_2438529857/Samples/Moonen/B5-2_WTX/B5-2_WTX_R1.fastq.gz
B5_2	/g/steinmetz/STOCKS/Data/Assay/sequencing/2025/2025-05-10_AV233002_Moonen_2438529857/Samples/Moonen/B5-2_WTX/B5-2_WTX_R2.fastq.gz
B5_2	/g/steinmetz/STOCKS/Data/Assay/sequencing/2025/2025-05-11_AV233002_Moonen_2436429308/Samples/Moonen/B5-2_gRNA/B5-2_gRNA_R1.fastq.gz
B5_2	/g/steinmetz/STOCKS/Data/Assay/sequencing/2025/2025-05-11_AV233002_Moonen_2436429308/Samples/Moonen/B5-2_gRNA/B5-2_gRNA_R2.fastq.gz
B5_2	/g/steinmetz/STOCKS/Data/Assay/sequencing/2025/2025-05-11_AV233002_Moonen_2436429308/Samples/Moonen/B5-2_WTX/B5-2_WTX_R1.fastq.gz
B5_2	/g/steinmetz/STOCKS/Data/Assay/sequencing/2025/2025-05-11_AV233002_Moonen_2436429308/Samples/Moonen/B5-2_WTX/B5-2_WTX_R2.fastq.gz
B5_2	/g/steinmetz/STOCKS/Data/Assay/sequencing/2025/2025-05-11_AV233002_Moonen_2438526948/Samples/Moonen/B5-2_gRNA/B5-2_gRNA_R1.fastq.gz
B5_2	/g/steinmetz/STOCKS/Data/Assay/sequencing/2025/2025-05-11_AV233002_Moonen_2438526948/Samples/Moonen/B5-2_gRNA/B5-2_gRNA_R2.fastq.gz
B5_2	/g/steinmetz/STOCKS/Data/Assay/sequencing/2025/2025-05-11_AV233002_Moonen_2438526948/Samples/Moonen/B5-2_WTX/B5-2_WTX_R1.fastq.gz
B5_2	/g/steinmetz/STOCKS/Data/Assay/sequencing/2025/2025-05-11_AV233002_Moonen_2438526948/Samples/Moonen/B5-2_WTX/B5-2_WTX_R2.fastq.gz
B5_2	/g/steinmetz/STOCKS/Data/Assay/sequencing/2025/2025-05-13_AV233002_Moonen_2438654814/Samples/Moonen/B5_2_gRNA/B5_2_gRNA_R1.fastq.gz
B5_2	/g/steinmetz/STOCKS/Data/Assay/sequencing/2025/2025-05-13_AV233002_Moonen_2438654814/Samples/Moonen/B5_2_gRNA/B5_2_gRNA_R2.fastq.gz
B5_2	/g/steinmetz/STOCKS/Data/Assay/sequencing/2025/2025-05-13_AV233002_Moonen_2438654814/Samples/Moonen/B5_2_WTX/B5_2_WTX_R1.fastq.gz
B5_2	/g/steinmetz/STOCKS/Data/Assay/sequencing/2025/2025-05-13_AV233002_Moonen_2438654814/Samples/Moonen/B5_2_WTX/B5_2_WTX_R2.fastq.gz
B5_3	/g/steinmetz/STOCKS/Data/Assay/sequencing/2025/2025-05-04_AV233002_Moonen_2438676529/Samples/Moonen/B5-3_gRNA/B5-3_gRNA_R1.fastq.gz
B5_3	/g/steinmetz/STOCKS/Data/Assay/sequencing/2025/2025-05-04_AV233002_Moonen_2438676529/Samples/Moonen/B5-3_gRNA/B5-3_gRNA_R2.fastq.gz
B5_3	/g/steinmetz/STOCKS/Data/Assay/sequencing/2025/2025-05-04_AV233002_Moonen_2438676529/Samples/Moonen/B5-3_WTX/B5-3_WTX_R1.fastq.gz
B5_3	/g/steinmetz/STOCKS/Data/Assay/sequencing/2025/2025-05-04_AV233002_Moonen_2438676529/Samples/Moonen/B5-3_WTX/B5-3_WTX_R2.fastq.gz
B5_3	/g/steinmetz/STOCKS/Data/Assay/sequencing/2025/2025-05-06_AV233002_Moonen_2438513022/Samples/Moonen/B5-3_gRNA/B5-3_gRNA_R1.fastq.gz
B5_3	/g/steinmetz/STOCKS/Data/Assay/sequencing/2025/2025-05-06_AV233002_Moonen_2438513022/Samples/Moonen/B5-3_gRNA/B5-3_gRNA_R2.fastq.gz
B5_3	/g/steinmetz/STOCKS/Data/Assay/sequencing/2025/2025-05-06_AV233002_Moonen_2438513022/Samples/Moonen/B5-3_WTX/B5-3_WTX_R1.fastq.gz
B5_3	/g/steinmetz/STOCKS/Data/Assay/sequencing/2025/2025-05-06_AV233002_Moonen_2438513022/Samples/Moonen/B5-3_WTX/B5-3_WTX_R2.fastq.gz
B5_3	/g/steinmetz/STOCKS/Data/Assay/sequencing/2025/2025-05-06_AV233002_Moonen_2438546157/Samples/Moonen/B5-3_gRNA/B5-3_gRNA_R1.fastq.gz
B5_3	/g/steinmetz/STOCKS/Data/Assay/sequencing/2025/2025-05-06_AV233002_Moonen_2438546157/Samples/Moonen/B5-3_gRNA/B5-3_gRNA_R2.fastq.gz
B5_3	/g/steinmetz/STOCKS/Data/Assay/sequencing/2025/2025-05-06_AV233002_Moonen_2438546157/Samples/Moonen/B5-3_WTX/B5-3_WTX_R1.fastq.gz
B5_3	/g/steinmetz/STOCKS/Data/Assay/sequencing/2025/2025-05-06_AV233002_Moonen_2438546157/Samples/Moonen/B5-3_WTX/B5-3_WTX_R2.fastq.gz
B5_3	/g/steinmetz/STOCKS/Data/Assay/sequencing/2025/2025-05-07_AV233002_Moonen_2438486684/Samples/Moonen/B5_3_gRNA/B5_3_gRNA_R1.fastq.gz
B5_3	/g/steinmetz/STOCKS/Data/Assay/sequencing/2025/2025-05-07_AV233002_Moonen_2438486684/Samples/Moonen/B5_3_gRNA/B5_3_gRNA_R2.fastq.gz
B5_3	/g/steinmetz/STOCKS/Data/Assay/sequencing/2025/2025-05-07_AV233002_Moonen_2438486684/Samples/Moonen/B5_3_WTX/B5_3_WTX_R1.fastq.gz
B5_3	/g/steinmetz/STOCKS/Data/Assay/sequencing/2025/2025-05-07_AV233002_Moonen_2438486684/Samples/Moonen/B5_3_WTX/B5_3_WTX_R2.fastq.gz
B5_3	/g/steinmetz/STOCKS/Data/Assay/sequencing/2025/2025-05-10_AV233002_Moonen_2438516632/Samples/Moonen/B5-3_gRNA/B5-3_gRNA_R1.fastq.gz
B5_3	/g/steinmetz/STOCKS/Data/Assay/sequencing/2025/2025-05-10_AV233002_Moonen_2438516632/Samples/Moonen/B5-3_gRNA/B5-3_gRNA_R2.fastq.gz
B5_3	/g/steinmetz/STOCKS/Data/Assay/sequencing/2025/2025-05-10_AV233002_Moonen_2438516632/Samples/Moonen/B5-3_WTX/B5-3_WTX_R1.fastq.gz
B5_3	/g/steinmetz/STOCKS/Data/Assay/sequencing/2025/2025-05-10_AV233002_Moonen_2438516632/Samples/Moonen/B5-3_WTX/B5-3_WTX_R2.fastq.gz
B5_3	/g/steinmetz/STOCKS/Data/Assay/sequencing/2025/2025-05-10_AV233002_Moonen_2438529857/Samples/Moonen/B5-3_gRNA/B5-3_gRNA_R1.fastq.gz
B5_3	/g/steinmetz/STOCKS/Data/Assay/sequencing/2025/2025-05-10_AV233002_Moonen_2438529857/Samples/Moonen/B5-3_gRNA/B5-3_gRNA_R2.fastq.gz
B5_3	/g/steinmetz/STOCKS/Data/Assay/sequencing/2025/2025-05-10_AV233002_Moonen_2438529857/Samples/Moonen/B5-3_WTX/B5-3_WTX_R1.fastq.gz
B5_3	/g/steinmetz/STOCKS/Data/Assay/sequencing/2025/2025-05-10_AV233002_Moonen_2438529857/Samples/Moonen/B5-3_WTX/B5-3_WTX_R2.fastq.gz
B5_3	/g/steinmetz/STOCKS/Data/Assay/sequencing/2025/2025-05-11_AV233002_Moonen_2436429308/Samples/Moonen/B5-3_gRNA/B5-3_gRNA_R1.fastq.gz
B5_3	/g/steinmetz/STOCKS/Data/Assay/sequencing/2025/2025-05-11_AV233002_Moonen_2436429308/Samples/Moonen/B5-3_gRNA/B5-3_gRNA_R2.fastq.gz
B5_3	/g/steinmetz/STOCKS/Data/Assay/sequencing/2025/2025-05-11_AV233002_Moonen_2436429308/Samples/Moonen/B5-3_WTX/B5-3_WTX_R1.fastq.gz
B5_3	/g/steinmetz/STOCKS/Data/Assay/sequencing/2025/2025-05-11_AV233002_Moonen_2436429308/Samples/Moonen/B5-3_WTX/B5-3_WTX_R2.fastq.gz
B5_3	/g/steinmetz/STOCKS/Data/Assay/sequencing/2025/2025-05-11_AV233002_Moonen_2438526948/Samples/Moonen/B5-3_gRNA/B5-3_gRNA_R1.fastq.gz
B5_3	/g/steinmetz/STOCKS/Data/Assay/sequencing/2025/2025-05-11_AV233002_Moonen_2438526948/Samples/Moonen/B5-3_gRNA/B5-3_gRNA_R2.fastq.gz
B5_3	/g/steinmetz/STOCKS/Data/Assay/sequencing/2025/2025-05-11_AV233002_Moonen_2438526948/Samples/Moonen/B5-3_WTX/B5-3_WTX_R1.fastq.gz
B5_3	/g/steinmetz/STOCKS/Data/Assay/sequencing/2025/2025-05-11_AV233002_Moonen_2438526948/Samples/Moonen/B5-3_WTX/B5-3_WTX_R2.fastq.gz
B5_3	/g/steinmetz/STOCKS/Data/Assay/sequencing/2025/2025-05-13_AV233002_Moonen_2438654814/Samples/Moonen/B5_3_gRNA/B5_3_gRNA_R1.fastq.gz
B5_3	/g/steinmetz/STOCKS/Data/Assay/sequencing/2025/2025-05-13_AV233002_Moonen_2438654814/Samples/Moonen/B5_3_gRNA/B5_3_gRNA_R2.fastq.gz
B5_3	/g/steinmetz/STOCKS/Data/Assay/sequencing/2025/2025-05-13_AV233002_Moonen_2438654814/Samples/Moonen/B5_3_WTX/B5_3_WTX_R1.fastq.gz
B5_3	/g/steinmetz/STOCKS/Data/Assay/sequencing/2025/2025-05-13_AV233002_Moonen_2438654814/Samples/Moonen/B5_3_WTX/B5_3_WTX_R2.fastq.gz
B5_4	/g/steinmetz/STOCKS/Data/Assay/sequencing/2025/2025-05-04_AV233002_Moonen_2438676529/Samples/Moonen/B5-4_gRNA/B5-4_gRNA_R1.fastq.gz
B5_4	/g/steinmetz/STOCKS/Data/Assay/sequencing/2025/2025-05-04_AV233002_Moonen_2438676529/Samples/Moonen/B5-4_gRNA/B5-4_gRNA_R2.fastq.gz
B5_4	/g/steinmetz/STOCKS/Data/Assay/sequencing/2025/2025-05-04_AV233002_Moonen_2438676529/Samples/Moonen/B5-4_WTX/B5-4_WTX_R1.fastq.gz
B5_4	/g/steinmetz/STOCKS/Data/Assay/sequencing/2025/2025-05-04_AV233002_Moonen_2438676529/Samples/Moonen/B5-4_WTX/B5-4_WTX_R2.fastq.gz
B5_4	/g/steinmetz/STOCKS/Data/Assay/sequencing/2025/2025-05-06_AV233002_Moonen_2438513022/Samples/Moonen/B5-4_gRNA/B5-4_gRNA_R1.fastq.gz
B5_4	/g/steinmetz/STOCKS/Data/Assay/sequencing/2025/2025-05-06_AV233002_Moonen_2438513022/Samples/Moonen/B5-4_gRNA/B5-4_gRNA_R2.fastq.gz
B5_4	/g/steinmetz/STOCKS/Data/Assay/sequencing/2025/2025-05-06_AV233002_Moonen_2438513022/Samples/Moonen/B5-4_WTX/B5-4_WTX_R1.fastq.gz
B5_4	/g/steinmetz/STOCKS/Data/Assay/sequencing/2025/2025-05-06_AV233002_Moonen_2438513022/Samples/Moonen/B5-4_WTX/B5-4_WTX_R2.fastq.gz
B5_4	/g/steinmetz/STOCKS/Data/Assay/sequencing/2025/2025-05-06_AV233002_Moonen_2438546157/Samples/Moonen/B5-4_gRNA/B5-4_gRNA_R1.fastq.gz
B5_4	/g/steinmetz/STOCKS/Data/Assay/sequencing/2025/2025-05-06_AV233002_Moonen_2438546157/Samples/Moonen/B5-4_gRNA/B5-4_gRNA_R2.fastq.gz
B5_4	/g/steinmetz/STOCKS/Data/Assay/sequencing/2025/2025-05-06_AV233002_Moonen_2438546157/Samples/Moonen/B5-4_WTX/B5-4_WTX_R1.fastq.gz
B5_4	/g/steinmetz/STOCKS/Data/Assay/sequencing/2025/2025-05-06_AV233002_Moonen_2438546157/Samples/Moonen/B5-4_WTX/B5-4_WTX_R2.fastq.gz
B5_4	/g/steinmetz/STOCKS/Data/Assay/sequencing/2025/2025-05-07_AV233002_Moonen_2438486684/Samples/Moonen/B5_4_gRNA/B5_4_gRNA_R1.fastq.gz
B5_4	/g/steinmetz/STOCKS/Data/Assay/sequencing/2025/2025-05-07_AV233002_Moonen_2438486684/Samples/Moonen/B5_4_gRNA/B5_4_gRNA_R2.fastq.gz
B5_4	/g/steinmetz/STOCKS/Data/Assay/sequencing/2025/2025-05-07_AV233002_Moonen_2438486684/Samples/Moonen/B5_4_WTX/B5_4_WTX_R1.fastq.gz
B5_4	/g/steinmetz/STOCKS/Data/Assay/sequencing/2025/2025-05-07_AV233002_Moonen_2438486684/Samples/Moonen/B5_4_WTX/B5_4_WTX_R2.fastq.gz
B5_4	/g/steinmetz/STOCKS/Data/Assay/sequencing/2025/2025-05-10_AV233002_Moonen_2438516632/Samples/Moonen/B5-4_gRNA/B5-4_gRNA_R1.fastq.gz
B5_4	/g/steinmetz/STOCKS/Data/Assay/sequencing/2025/2025-05-10_AV233002_Moonen_2438516632/Samples/Moonen/B5-4_gRNA/B5-4_gRNA_R2.fastq.gz
B5_4	/g/steinmetz/STOCKS/Data/Assay/sequencing/2025/2025-05-10_AV233002_Moonen_2438516632/Samples/Moonen/B5-4_WTX/B5-4_WTX_R1.fastq.gz
B5_4	/g/steinmetz/STOCKS/Data/Assay/sequencing/2025/2025-05-10_AV233002_Moonen_2438516632/Samples/Moonen/B5-4_WTX/B5-4_WTX_R2.fastq.gz
B5_4	/g/steinmetz/STOCKS/Data/Assay/sequencing/2025/2025-05-10_AV233002_Moonen_2438529857/Samples/Moonen/B5-4_gRNA/B5-4_gRNA_R1.fastq.gz
B5_4	/g/steinmetz/STOCKS/Data/Assay/sequencing/2025/2025-05-10_AV233002_Moonen_2438529857/Samples/Moonen/B5-4_gRNA/B5-4_gRNA_R2.fastq.gz
B5_4	/g/steinmetz/STOCKS/Data/Assay/sequencing/2025/2025-05-10_AV233002_Moonen_2438529857/Samples/Moonen/B5-4_WTX/B5-4_WTX_R1.fastq.gz
B5_4	/g/steinmetz/STOCKS/Data/Assay/sequencing/2025/2025-05-10_AV233002_Moonen_2438529857/Samples/Moonen/B5-4_WTX/B5-4_WTX_R2.fastq.gz
B5_4	/g/steinmetz/STOCKS/Data/Assay/sequencing/2025/2025-05-11_AV233002_Moonen_2436429308/Samples/Moonen/B5-4_gRNA/B5-4_gRNA_R1.fastq.gz
B5_4	/g/steinmetz/STOCKS/Data/Assay/sequencing/2025/2025-05-11_AV233002_Moonen_2436429308/Samples/Moonen/B5-4_gRNA/B5-4_gRNA_R2.fastq.gz
B5_4	/g/steinmetz/STOCKS/Data/Assay/sequencing/2025/2025-05-11_AV233002_Moonen_2436429308/Samples/Moonen/B5-4_WTX/B5-4_WTX_R1.fastq.gz
B5_4	/g/steinmetz/STOCKS/Data/Assay/sequencing/2025/2025-05-11_AV233002_Moonen_2436429308/Samples/Moonen/B5-4_WTX/B5-4_WTX_R2.fastq.gz
B5_4	/g/steinmetz/STOCKS/Data/Assay/sequencing/2025/2025-05-11_AV233002_Moonen_2438526948/Samples/Moonen/B5-4_gRNA/B5-4_gRNA_R1.fastq.gz
B5_4	/g/steinmetz/STOCKS/Data/Assay/sequencing/2025/2025-05-11_AV233002_Moonen_2438526948/Samples/Moonen/B5-4_gRNA/B5-4_gRNA_R2.fastq.gz
B5_4	/g/steinmetz/STOCKS/Data/Assay/sequencing/2025/2025-05-11_AV233002_Moonen_2438526948/Samples/Moonen/B5-4_WTX/B5-4_WTX_R1.fastq.gz
B5_4	/g/steinmetz/STOCKS/Data/Assay/sequencing/2025/2025-05-11_AV233002_Moonen_2438526948/Samples/Moonen/B5-4_WTX/B5-4_WTX_R2.fastq.gz
B5_4	/g/steinmetz/STOCKS/Data/Assay/sequencing/2025/2025-05-13_AV233002_Moonen_2438654814/Samples/Moonen/B5_4_gRNA/B5_4_gRNA_R1.fastq.gz
B5_4	/g/steinmetz/STOCKS/Data/Assay/sequencing/2025/2025-05-13_AV233002_Moonen_2438654814/Samples/Moonen/B5_4_gRNA/B5_4_gRNA_R2.fastq.gz
B5_4	/g/steinmetz/STOCKS/Data/Assay/sequencing/2025/2025-05-13_AV233002_Moonen_2438654814/Samples/Moonen/B5_4_WTX/B5_4_WTX_R1.fastq.gz
B5_4	/g/steinmetz/STOCKS/Data/Assay/sequencing/2025/2025-05-13_AV233002_Moonen_2438654814/Samples/Moonen/B5_4_WTX/B5_4_WTX_R2.fastq.gz
B5_5	/g/steinmetz/STOCKS/Data/Assay/sequencing/2025/2025-05-04_AV233002_Moonen_2438676529/Samples/Moonen/B5-5_gRNA/B5-5_gRNA_R1.fastq.gz
B5_5	/g/steinmetz/STOCKS/Data/Assay/sequencing/2025/2025-05-04_AV233002_Moonen_2438676529/Samples/Moonen/B5-5_gRNA/B5-5_gRNA_R2.fastq.gz
B5_5	/g/steinmetz/STOCKS/Data/Assay/sequencing/2025/2025-05-04_AV233002_Moonen_2438676529/Samples/Moonen/B5-5_WTX/B5-5_WTX_R1.fastq.gz
B5_5	/g/steinmetz/STOCKS/Data/Assay/sequencing/2025/2025-05-04_AV233002_Moonen_2438676529/Samples/Moonen/B5-5_WTX/B5-5_WTX_R2.fastq.gz
B5_5	/g/steinmetz/STOCKS/Data/Assay/sequencing/2025/2025-05-06_AV233002_Moonen_2438513022/Samples/Moonen/B5-5_gRNA/B5-5_gRNA_R1.fastq.gz
B5_5	/g/steinmetz/STOCKS/Data/Assay/sequencing/2025/2025-05-06_AV233002_Moonen_2438513022/Samples/Moonen/B5-5_gRNA/B5-5_gRNA_R2.fastq.gz
B5_5	/g/steinmetz/STOCKS/Data/Assay/sequencing/2025/2025-05-06_AV233002_Moonen_2438513022/Samples/Moonen/B5-5_WTX/B5-5_WTX_R1.fastq.gz
B5_5	/g/steinmetz/STOCKS/Data/Assay/sequencing/2025/2025-05-06_AV233002_Moonen_2438513022/Samples/Moonen/B5-5_WTX/B5-5_WTX_R2.fastq.gz
B5_5	/g/steinmetz/STOCKS/Data/Assay/sequencing/2025/2025-05-06_AV233002_Moonen_2438546157/Samples/Moonen/B5-5_gRNA/B5-5_gRNA_R1.fastq.gz
B5_5	/g/steinmetz/STOCKS/Data/Assay/sequencing/2025/2025-05-06_AV233002_Moonen_2438546157/Samples/Moonen/B5-5_gRNA/B5-5_gRNA_R2.fastq.gz
B5_5	/g/steinmetz/STOCKS/Data/Assay/sequencing/2025/2025-05-06_AV233002_Moonen_2438546157/Samples/Moonen/B5-5_WTX/B5-5_WTX_R1.fastq.gz
B5_5	/g/steinmetz/STOCKS/Data/Assay/sequencing/2025/2025-05-06_AV233002_Moonen_2438546157/Samples/Moonen/B5-5_WTX/B5-5_WTX_R2.fastq.gz
B5_5	/g/steinmetz/STOCKS/Data/Assay/sequencing/2025/2025-05-07_AV233002_Moonen_2438486684/Samples/Moonen/B5_5_gRNA/B5_5_gRNA_R1.fastq.gz
B5_5	/g/steinmetz/STOCKS/Data/Assay/sequencing/2025/2025-05-07_AV233002_Moonen_2438486684/Samples/Moonen/B5_5_gRNA/B5_5_gRNA_R2.fastq.gz
B5_5	/g/steinmetz/STOCKS/Data/Assay/sequencing/2025/2025-05-07_AV233002_Moonen_2438486684/Samples/Moonen/B5_5_WTX/B5_5_WTX_R1.fastq.gz
B5_5	/g/steinmetz/STOCKS/Data/Assay/sequencing/2025/2025-05-07_AV233002_Moonen_2438486684/Samples/Moonen/B5_5_WTX/B5_5_WTX_R2.fastq.gz
B5_5	/g/steinmetz/STOCKS/Data/Assay/sequencing/2025/2025-05-10_AV233002_Moonen_2438516632/Samples/Moonen/B5-5_gRNA/B5-5_gRNA_R1.fastq.gz
B5_5	/g/steinmetz/STOCKS/Data/Assay/sequencing/2025/2025-05-10_AV233002_Moonen_2438516632/Samples/Moonen/B5-5_gRNA/B5-5_gRNA_R2.fastq.gz
B5_5	/g/steinmetz/STOCKS/Data/Assay/sequencing/2025/2025-05-10_AV233002_Moonen_2438516632/Samples/Moonen/B5-5_WTX/B5-5_WTX_R1.fastq.gz
B5_5	/g/steinmetz/STOCKS/Data/Assay/sequencing/2025/2025-05-10_AV233002_Moonen_2438516632/Samples/Moonen/B5-5_WTX/B5-5_WTX_R2.fastq.gz
B5_5	/g/steinmetz/STOCKS/Data/Assay/sequencing/2025/2025-05-10_AV233002_Moonen_2438529857/Samples/Moonen/B5-5_gRNA/B5-5_gRNA_R1.fastq.gz
B5_5	/g/steinmetz/STOCKS/Data/Assay/sequencing/2025/2025-05-10_AV233002_Moonen_2438529857/Samples/Moonen/B5-5_gRNA/B5-5_gRNA_R2.fastq.gz
B5_5	/g/steinmetz/STOCKS/Data/Assay/sequencing/2025/2025-05-10_AV233002_Moonen_2438529857/Samples/Moonen/B5-5_WTX/B5-5_WTX_R1.fastq.gz
B5_5	/g/steinmetz/STOCKS/Data/Assay/sequencing/2025/2025-05-10_AV233002_Moonen_2438529857/Samples/Moonen/B5-5_WTX/B5-5_WTX_R2.fastq.gz
B5_5	/g/steinmetz/STOCKS/Data/Assay/sequencing/2025/2025-05-11_AV233002_Moonen_2436429308/Samples/Moonen/B5-5_gRNA/B5-5_gRNA_R1.fastq.gz
B5_5	/g/steinmetz/STOCKS/Data/Assay/sequencing/2025/2025-05-11_AV233002_Moonen_2436429308/Samples/Moonen/B5-5_gRNA/B5-5_gRNA_R2.fastq.gz
B5_5	/g/steinmetz/STOCKS/Data/Assay/sequencing/2025/2025-05-11_AV233002_Moonen_2436429308/Samples/Moonen/B5-5_WTX/B5-5_WTX_R1.fastq.gz
B5_5	/g/steinmetz/STOCKS/Data/Assay/sequencing/2025/2025-05-11_AV233002_Moonen_2436429308/Samples/Moonen/B5-5_WTX/B5-5_WTX_R2.fastq.gz
B5_5	/g/steinmetz/STOCKS/Data/Assay/sequencing/2025/2025-05-11_AV233002_Moonen_2438526948/Samples/Moonen/B5-5_gRNA/B5-5_gRNA_R1.fastq.gz
B5_5	/g/steinmetz/STOCKS/Data/Assay/sequencing/2025/2025-05-11_AV233002_Moonen_2438526948/Samples/Moonen/B5-5_gRNA/B5-5_gRNA_R2.fastq.gz
B5_5	/g/steinmetz/STOCKS/Data/Assay/sequencing/2025/2025-05-11_AV233002_Moonen_2438526948/Samples/Moonen/B5-5_WTX/B5-5_WTX_R1.fastq.gz
B5_5	/g/steinmetz/STOCKS/Data/Assay/sequencing/2025/2025-05-11_AV233002_Moonen_2438526948/Samples/Moonen/B5-5_WTX/B5-5_WTX_R2.fastq.gz
B5_5	/g/steinmetz/STOCKS/Data/Assay/sequencing/2025/2025-05-13_AV233002_Moonen_2438654814/Samples/Moonen/B5_5_gRNA/B5_5_gRNA_R1.fastq.gz
B5_5	/g/steinmetz/STOCKS/Data/Assay/sequencing/2025/2025-05-13_AV233002_Moonen_2438654814/Samples/Moonen/B5_5_gRNA/B5_5_gRNA_R2.fastq.gz
B5_5	/g/steinmetz/STOCKS/Data/Assay/sequencing/2025/2025-05-13_AV233002_Moonen_2438654814/Samples/Moonen/B5_5_WTX/B5_5_WTX_R1.fastq.gz
B5_5	/g/steinmetz/STOCKS/Data/Assay/sequencing/2025/2025-05-13_AV233002_Moonen_2438654814/Samples/Moonen/B5_5_WTX/B5_5_WTX_R2.fastq.gz
B5_6	/g/steinmetz/STOCKS/Data/Assay/sequencing/2025/2025-05-04_AV233002_Moonen_2438676529/Samples/Moonen/B5-6_gRNA/B5-6_gRNA_R1.fastq.gz
B5_6	/g/steinmetz/STOCKS/Data/Assay/sequencing/2025/2025-05-04_AV233002_Moonen_2438676529/Samples/Moonen/B5-6_gRNA/B5-6_gRNA_R2.fastq.gz
B5_6	/g/steinmetz/STOCKS/Data/Assay/sequencing/2025/2025-05-04_AV233002_Moonen_2438676529/Samples/Moonen/B5-6_WTX/B5-6_WTX_R1.fastq.gz
B5_6	/g/steinmetz/STOCKS/Data/Assay/sequencing/2025/2025-05-04_AV233002_Moonen_2438676529/Samples/Moonen/B5-6_WTX/B5-6_WTX_R2.fastq.gz
B5_6	/g/steinmetz/STOCKS/Data/Assay/sequencing/2025/2025-05-06_AV233002_Moonen_2438513022/Samples/Moonen/B5-6_gRNA/B5-6_gRNA_R1.fastq.gz
B5_6	/g/steinmetz/STOCKS/Data/Assay/sequencing/2025/2025-05-06_AV233002_Moonen_2438513022/Samples/Moonen/B5-6_gRNA/B5-6_gRNA_R2.fastq.gz
B5_6	/g/steinmetz/STOCKS/Data/Assay/sequencing/2025/2025-05-06_AV233002_Moonen_2438513022/Samples/Moonen/B5-6_WTX/B5-6_WTX_R1.fastq.gz
B5_6	/g/steinmetz/STOCKS/Data/Assay/sequencing/2025/2025-05-06_AV233002_Moonen_2438513022/Samples/Moonen/B5-6_WTX/B5-6_WTX_R2.fastq.gz
B5_6	/g/steinmetz/STOCKS/Data/Assay/sequencing/2025/2025-05-06_AV233002_Moonen_2438546157/Samples/Moonen/B5-6_gRNA/B5-6_gRNA_R1.fastq.gz
B5_6	/g/steinmetz/STOCKS/Data/Assay/sequencing/2025/2025-05-06_AV233002_Moonen_2438546157/Samples/Moonen/B5-6_gRNA/B5-6_gRNA_R2.fastq.gz
B5_6	/g/steinmetz/STOCKS/Data/Assay/sequencing/2025/2025-05-06_AV233002_Moonen_2438546157/Samples/Moonen/B5-6_WTX/B5-6_WTX_R1.fastq.gz
B5_6	/g/steinmetz/STOCKS/Data/Assay/sequencing/2025/2025-05-06_AV233002_Moonen_2438546157/Samples/Moonen/B5-6_WTX/B5-6_WTX_R2.fastq.gz
B5_6	/g/steinmetz/STOCKS/Data/Assay/sequencing/2025/2025-05-07_AV233002_Moonen_2438486684/Samples/Moonen/B5_6_gRNA/B5_6_gRNA_R1.fastq.gz
B5_6	/g/steinmetz/STOCKS/Data/Assay/sequencing/2025/2025-05-07_AV233002_Moonen_2438486684/Samples/Moonen/B5_6_gRNA/B5_6_gRNA_R2.fastq.gz
B5_6	/g/steinmetz/STOCKS/Data/Assay/sequencing/2025/2025-05-07_AV233002_Moonen_2438486684/Samples/Moonen/B5_6_WTX/B5_6_WTX_R1.fastq.gz
B5_6	/g/steinmetz/STOCKS/Data/Assay/sequencing/2025/2025-05-07_AV233002_Moonen_2438486684/Samples/Moonen/B5_6_WTX/B5_6_WTX_R2.fastq.gz
B5_6	/g/steinmetz/STOCKS/Data/Assay/sequencing/2025/2025-05-10_AV233002_Moonen_2438516632/Samples/Moonen/B5-6_gRNA/B5-6_gRNA_R1.fastq.gz
B5_6	/g/steinmetz/STOCKS/Data/Assay/sequencing/2025/2025-05-10_AV233002_Moonen_2438516632/Samples/Moonen/B5-6_gRNA/B5-6_gRNA_R2.fastq.gz
B5_6	/g/steinmetz/STOCKS/Data/Assay/sequencing/2025/2025-05-10_AV233002_Moonen_2438516632/Samples/Moonen/B5-6_WTX/B5-6_WTX_R1.fastq.gz
B5_6	/g/steinmetz/STOCKS/Data/Assay/sequencing/2025/2025-05-10_AV233002_Moonen_2438516632/Samples/Moonen/B5-6_WTX/B5-6_WTX_R2.fastq.gz
B5_6	/g/steinmetz/STOCKS/Data/Assay/sequencing/2025/2025-05-10_AV233002_Moonen_2438529857/Samples/Moonen/B5-6_gRNA/B5-6_gRNA_R1.fastq.gz
B5_6	/g/steinmetz/STOCKS/Data/Assay/sequencing/2025/2025-05-10_AV233002_Moonen_2438529857/Samples/Moonen/B5-6_gRNA/B5-6_gRNA_R2.fastq.gz
B5_6	/g/steinmetz/STOCKS/Data/Assay/sequencing/2025/2025-05-10_AV233002_Moonen_2438529857/Samples/Moonen/B5-6_WTX/B5-6_WTX_R1.fastq.gz
B5_6	/g/steinmetz/STOCKS/Data/Assay/sequencing/2025/2025-05-10_AV233002_Moonen_2438529857/Samples/Moonen/B5-6_WTX/B5-6_WTX_R2.fastq.gz
B5_6	/g/steinmetz/STOCKS/Data/Assay/sequencing/2025/2025-05-11_AV233002_Moonen_2436429308/Samples/Moonen/B5-6_gRNA/B5-6_gRNA_R1.fastq.gz
B5_6	/g/steinmetz/STOCKS/Data/Assay/sequencing/2025/2025-05-11_AV233002_Moonen_2436429308/Samples/Moonen/B5-6_gRNA/B5-6_gRNA_R2.fastq.gz
B5_6	/g/steinmetz/STOCKS/Data/Assay/sequencing/2025/2025-05-11_AV233002_Moonen_2436429308/Samples/Moonen/B5-6_WTX/B5-6_WTX_R1.fastq.gz
B5_6	/g/steinmetz/STOCKS/Data/Assay/sequencing/2025/2025-05-11_AV233002_Moonen_2436429308/Samples/Moonen/B5-6_WTX/B5-6_WTX_R2.fastq.gz
B5_6	/g/steinmetz/STOCKS/Data/Assay/sequencing/2025/2025-05-11_AV233002_Moonen_2438526948/Samples/Moonen/B5-6_gRNA/B5-6_gRNA_R1.fastq.gz
B5_6	/g/steinmetz/STOCKS/Data/Assay/sequencing/2025/2025-05-11_AV233002_Moonen_2438526948/Samples/Moonen/B5-6_gRNA/B5-6_gRNA_R2.fastq.gz
B5_6	/g/steinmetz/STOCKS/Data/Assay/sequencing/2025/2025-05-11_AV233002_Moonen_2438526948/Samples/Moonen/B5-6_WTX/B5-6_WTX_R1.fastq.gz
B5_6	/g/steinmetz/STOCKS/Data/Assay/sequencing/2025/2025-05-11_AV233002_Moonen_2438526948/Samples/Moonen/B5-6_WTX/B5-6_WTX_R2.fastq.gz
B5_6	/g/steinmetz/STOCKS/Data/Assay/sequencing/2025/2025-05-13_AV233002_Moonen_2438654814/Samples/Moonen/B5_6_gRNA/B5_6_gRNA_R1.fastq.gz
B5_6	/g/steinmetz/STOCKS/Data/Assay/sequencing/2025/2025-05-13_AV233002_Moonen_2438654814/Samples/Moonen/B5_6_gRNA/B5_6_gRNA_R2.fastq.gz
B5_6	/g/steinmetz/STOCKS/Data/Assay/sequencing/2025/2025-05-13_AV233002_Moonen_2438654814/Samples/Moonen/B5_6_WTX/B5_6_WTX_R1.fastq.gz
B5_6	/g/steinmetz/STOCKS/Data/Assay/sequencing/2025/2025-05-13_AV233002_Moonen_2438654814/Samples/Moonen/B5_6_WTX/B5_6_WTX_R2.fastq.gz
B5_7	/g/steinmetz/STOCKS/Data/Assay/sequencing/2025/2025-05-04_AV233002_Moonen_2438676529/Samples/Moonen/B5-7_gRNA/B5-7_gRNA_R1.fastq.gz
B5_7	/g/steinmetz/STOCKS/Data/Assay/sequencing/2025/2025-05-04_AV233002_Moonen_2438676529/Samples/Moonen/B5-7_gRNA/B5-7_gRNA_R2.fastq.gz
B5_7	/g/steinmetz/STOCKS/Data/Assay/sequencing/2025/2025-05-04_AV233002_Moonen_2438676529/Samples/Moonen/B5-7_WTX/B5-7_WTX_R1.fastq.gz
B5_7	/g/steinmetz/STOCKS/Data/Assay/sequencing/2025/2025-05-04_AV233002_Moonen_2438676529/Samples/Moonen/B5-7_WTX/B5-7_WTX_R2.fastq.gz
B5_7	/g/steinmetz/STOCKS/Data/Assay/sequencing/2025/2025-05-06_AV233002_Moonen_2438513022/Samples/Moonen/B5-7_gRNA/B5-7_gRNA_R1.fastq.gz
B5_7	/g/steinmetz/STOCKS/Data/Assay/sequencing/2025/2025-05-06_AV233002_Moonen_2438513022/Samples/Moonen/B5-7_gRNA/B5-7_gRNA_R2.fastq.gz
B5_7	/g/steinmetz/STOCKS/Data/Assay/sequencing/2025/2025-05-06_AV233002_Moonen_2438513022/Samples/Moonen/B5-7_WTX/B5-7_WTX_R1.fastq.gz
B5_7	/g/steinmetz/STOCKS/Data/Assay/sequencing/2025/2025-05-06_AV233002_Moonen_2438513022/Samples/Moonen/B5-7_WTX/B5-7_WTX_R2.fastq.gz
B5_7	/g/steinmetz/STOCKS/Data/Assay/sequencing/2025/2025-05-06_AV233002_Moonen_2438546157/Samples/Moonen/B5-7_gRNA/B5-7_gRNA_R1.fastq.gz
B5_7	/g/steinmetz/STOCKS/Data/Assay/sequencing/2025/2025-05-06_AV233002_Moonen_2438546157/Samples/Moonen/B5-7_gRNA/B5-7_gRNA_R2.fastq.gz
B5_7	/g/steinmetz/STOCKS/Data/Assay/sequencing/2025/2025-05-06_AV233002_Moonen_2438546157/Samples/Moonen/B5-7_WTX/B5-7_WTX_R1.fastq.gz
B5_7	/g/steinmetz/STOCKS/Data/Assay/sequencing/2025/2025-05-06_AV233002_Moonen_2438546157/Samples/Moonen/B5-7_WTX/B5-7_WTX_R2.fastq.gz
B5_7	/g/steinmetz/STOCKS/Data/Assay/sequencing/2025/2025-05-07_AV233002_Moonen_2438486684/Samples/Moonen/B5_7_gRNA/B5_7_gRNA_R1.fastq.gz
B5_7	/g/steinmetz/STOCKS/Data/Assay/sequencing/2025/2025-05-07_AV233002_Moonen_2438486684/Samples/Moonen/B5_7_gRNA/B5_7_gRNA_R2.fastq.gz
B5_7	/g/steinmetz/STOCKS/Data/Assay/sequencing/2025/2025-05-07_AV233002_Moonen_2438486684/Samples/Moonen/B5_7_WTX/B5_7_WTX_R1.fastq.gz
B5_7	/g/steinmetz/STOCKS/Data/Assay/sequencing/2025/2025-05-07_AV233002_Moonen_2438486684/Samples/Moonen/B5_7_WTX/B5_7_WTX_R2.fastq.gz
B5_7	/g/steinmetz/STOCKS/Data/Assay/sequencing/2025/2025-05-10_AV233002_Moonen_2438516632/Samples/Moonen/B5-7_gRNA/B5-7_gRNA_R1.fastq.gz
B5_7	/g/steinmetz/STOCKS/Data/Assay/sequencing/2025/2025-05-10_AV233002_Moonen_2438516632/Samples/Moonen/B5-7_gRNA/B5-7_gRNA_R2.fastq.gz
B5_7	/g/steinmetz/STOCKS/Data/Assay/sequencing/2025/2025-05-10_AV233002_Moonen_2438516632/Samples/Moonen/B5-7_WTX/B5-7_WTX_R1.fastq.gz
B5_7	/g/steinmetz/STOCKS/Data/Assay/sequencing/2025/2025-05-10_AV233002_Moonen_2438516632/Samples/Moonen/B5-7_WTX/B5-7_WTX_R2.fastq.gz
B5_7	/g/steinmetz/STOCKS/Data/Assay/sequencing/2025/2025-05-10_AV233002_Moonen_2438529857/Samples/Moonen/B5-7_gRNA/B5-7_gRNA_R1.fastq.gz
B5_7	/g/steinmetz/STOCKS/Data/Assay/sequencing/2025/2025-05-10_AV233002_Moonen_2438529857/Samples/Moonen/B5-7_gRNA/B5-7_gRNA_R2.fastq.gz
B5_7	/g/steinmetz/STOCKS/Data/Assay/sequencing/2025/2025-05-10_AV233002_Moonen_2438529857/Samples/Moonen/B5-7_WTX/B5-7_WTX_R1.fastq.gz
B5_7	/g/steinmetz/STOCKS/Data/Assay/sequencing/2025/2025-05-10_AV233002_Moonen_2438529857/Samples/Moonen/B5-7_WTX/B5-7_WTX_R2.fastq.gz
B5_7	/g/steinmetz/STOCKS/Data/Assay/sequencing/2025/2025-05-11_AV233002_Moonen_2436429308/Samples/Moonen/B5-7_gRNA/B5-7_gRNA_R1.fastq.gz
B5_7	/g/steinmetz/STOCKS/Data/Assay/sequencing/2025/2025-05-11_AV233002_Moonen_2436429308/Samples/Moonen/B5-7_gRNA/B5-7_gRNA_R2.fastq.gz
B5_7	/g/steinmetz/STOCKS/Data/Assay/sequencing/2025/2025-05-11_AV233002_Moonen_2436429308/Samples/Moonen/B5-7_WTX/B5-7_WTX_R1.fastq.gz
B5_7	/g/steinmetz/STOCKS/Data/Assay/sequencing/2025/2025-05-11_AV233002_Moonen_2436429308/Samples/Moonen/B5-7_WTX/B5-7_WTX_R2.fastq.gz
B5_7	/g/steinmetz/STOCKS/Data/Assay/sequencing/2025/2025-05-11_AV233002_Moonen_2438526948/Samples/Moonen/B5-7_gRNA/B5-7_gRNA_R1.fastq.gz
B5_7	/g/steinmetz/STOCKS/Data/Assay/sequencing/2025/2025-05-11_AV233002_Moonen_2438526948/Samples/Moonen/B5-7_gRNA/B5-7_gRNA_R2.fastq.gz
B5_7	/g/steinmetz/STOCKS/Data/Assay/sequencing/2025/2025-05-11_AV233002_Moonen_2438526948/Samples/Moonen/B5-7_WTX/B5-7_WTX_R1.fastq.gz
B5_7	/g/steinmetz/STOCKS/Data/Assay/sequencing/2025/2025-05-11_AV233002_Moonen_2438526948/Samples/Moonen/B5-7_WTX/B5-7_WTX_R2.fastq.gz
B5_7	/g/steinmetz/STOCKS/Data/Assay/sequencing/2025/2025-05-13_AV233002_Moonen_2438654814/Samples/Moonen/B5_7_gRNA/B5_7_gRNA_R1.fastq.gz
B5_7	/g/steinmetz/STOCKS/Data/Assay/sequencing/2025/2025-05-13_AV233002_Moonen_2438654814/Samples/Moonen/B5_7_gRNA/B5_7_gRNA_R2.fastq.gz
B5_7	/g/steinmetz/STOCKS/Data/Assay/sequencing/2025/2025-05-13_AV233002_Moonen_2438654814/Samples/Moonen/B5_7_WTX/B5_7_WTX_R1.fastq.gz
B5_7	/g/steinmetz/STOCKS/Data/Assay/sequencing/2025/2025-05-13_AV233002_Moonen_2438654814/Samples/Moonen/B5_7_WTX/B5_7_WTX_R2.fastq.gz
B5_8	/g/steinmetz/STOCKS/Data/Assay/sequencing/2025/2025-05-04_AV233002_Moonen_2438676529/Samples/Moonen/B5-8_gRNA/B5-8_gRNA_R1.fastq.gz
B5_8	/g/steinmetz/STOCKS/Data/Assay/sequencing/2025/2025-05-04_AV233002_Moonen_2438676529/Samples/Moonen/B5-8_gRNA/B5-8_gRNA_R2.fastq.gz
B5_8	/g/steinmetz/STOCKS/Data/Assay/sequencing/2025/2025-05-04_AV233002_Moonen_2438676529/Samples/Moonen/B5-8_WTX/B5-8_WTX_R1.fastq.gz
B5_8	/g/steinmetz/STOCKS/Data/Assay/sequencing/2025/2025-05-04_AV233002_Moonen_2438676529/Samples/Moonen/B5-8_WTX/B5-8_WTX_R2.fastq.gz
B5_8	/g/steinmetz/STOCKS/Data/Assay/sequencing/2025/2025-05-06_AV233002_Moonen_2438513022/Samples/Moonen/B5-8_gRNA/B5-8_gRNA_R1.fastq.gz
B5_8	/g/steinmetz/STOCKS/Data/Assay/sequencing/2025/2025-05-06_AV233002_Moonen_2438513022/Samples/Moonen/B5-8_gRNA/B5-8_gRNA_R2.fastq.gz
B5_8	/g/steinmetz/STOCKS/Data/Assay/sequencing/2025/2025-05-06_AV233002_Moonen_2438513022/Samples/Moonen/B5-8_WTX/B5-8_WTX_R1.fastq.gz
B5_8	/g/steinmetz/STOCKS/Data/Assay/sequencing/2025/2025-05-06_AV233002_Moonen_2438513022/Samples/Moonen/B5-8_WTX/B5-8_WTX_R2.fastq.gz
B5_8	/g/steinmetz/STOCKS/Data/Assay/sequencing/2025/2025-05-06_AV233002_Moonen_2438546157/Samples/Moonen/B5-8_gRNA/B5-8_gRNA_R1.fastq.gz
B5_8	/g/steinmetz/STOCKS/Data/Assay/sequencing/2025/2025-05-06_AV233002_Moonen_2438546157/Samples/Moonen/B5-8_gRNA/B5-8_gRNA_R2.fastq.gz
B5_8	/g/steinmetz/STOCKS/Data/Assay/sequencing/2025/2025-05-06_AV233002_Moonen_2438546157/Samples/Moonen/B5-8_WTX/B5-8_WTX_R1.fastq.gz
B5_8	/g/steinmetz/STOCKS/Data/Assay/sequencing/2025/2025-05-06_AV233002_Moonen_2438546157/Samples/Moonen/B5-8_WTX/B5-8_WTX_R2.fastq.gz
B5_8	/g/steinmetz/STOCKS/Data/Assay/sequencing/2025/2025-05-07_AV233002_Moonen_2438486684/Samples/Moonen/B5_8_gRNA/B5_8_gRNA_R1.fastq.gz
B5_8	/g/steinmetz/STOCKS/Data/Assay/sequencing/2025/2025-05-07_AV233002_Moonen_2438486684/Samples/Moonen/B5_8_gRNA/B5_8_gRNA_R2.fastq.gz
B5_8	/g/steinmetz/STOCKS/Data/Assay/sequencing/2025/2025-05-07_AV233002_Moonen_2438486684/Samples/Moonen/B5_8_WTX/B5_8_WTX_R1.fastq.gz
B5_8	/g/steinmetz/STOCKS/Data/Assay/sequencing/2025/2025-05-07_AV233002_Moonen_2438486684/Samples/Moonen/B5_8_WTX/B5_8_WTX_R2.fastq.gz
B5_8	/g/steinmetz/STOCKS/Data/Assay/sequencing/2025/2025-05-10_AV233002_Moonen_2438516632/Samples/Moonen/B5-8_gRNA/B5-8_gRNA_R1.fastq.gz
B5_8	/g/steinmetz/STOCKS/Data/Assay/sequencing/2025/2025-05-10_AV233002_Moonen_2438516632/Samples/Moonen/B5-8_gRNA/B5-8_gRNA_R2.fastq.gz
B5_8	/g/steinmetz/STOCKS/Data/Assay/sequencing/2025/2025-05-10_AV233002_Moonen_2438516632/Samples/Moonen/B5-8_WTX/B5-8_WTX_R1.fastq.gz
B5_8	/g/steinmetz/STOCKS/Data/Assay/sequencing/2025/2025-05-10_AV233002_Moonen_2438516632/Samples/Moonen/B5-8_WTX/B5-8_WTX_R2.fastq.gz
B5_8	/g/steinmetz/STOCKS/Data/Assay/sequencing/2025/2025-05-10_AV233002_Moonen_2438529857/Samples/Moonen/B5-8_gRNA/B5-8_gRNA_R1.fastq.gz
B5_8	/g/steinmetz/STOCKS/Data/Assay/sequencing/2025/2025-05-10_AV233002_Moonen_2438529857/Samples/Moonen/B5-8_gRNA/B5-8_gRNA_R2.fastq.gz
B5_8	/g/steinmetz/STOCKS/Data/Assay/sequencing/2025/2025-05-10_AV233002_Moonen_2438529857/Samples/Moonen/B5-8_WTX/B5-8_WTX_R1.fastq.gz
B5_8	/g/steinmetz/STOCKS/Data/Assay/sequencing/2025/2025-05-10_AV233002_Moonen_2438529857/Samples/Moonen/B5-8_WTX/B5-8_WTX_R2.fastq.gz
B5_8	/g/steinmetz/STOCKS/Data/Assay/sequencing/2025/2025-05-11_AV233002_Moonen_2436429308/Samples/Moonen/B5-8_gRNA/B5-8_gRNA_R1.fastq.gz
B5_8	/g/steinmetz/STOCKS/Data/Assay/sequencing/2025/2025-05-11_AV233002_Moonen_2436429308/Samples/Moonen/B5-8_gRNA/B5-8_gRNA_R2.fastq.gz
B5_8	/g/steinmetz/STOCKS/Data/Assay/sequencing/2025/2025-05-11_AV233002_Moonen_2436429308/Samples/Moonen/B5-8_WTX/B5-8_WTX_R1.fastq.gz
B5_8	/g/steinmetz/STOCKS/Data/Assay/sequencing/2025/2025-05-11_AV233002_Moonen_2436429308/Samples/Moonen/B5-8_WTX/B5-8_WTX_R2.fastq.gz
B5_8	/g/steinmetz/STOCKS/Data/Assay/sequencing/2025/2025-05-11_AV233002_Moonen_2438526948/Samples/Moonen/B5-8_gRNA/B5-8_gRNA_R1.fastq.gz
B5_8	/g/steinmetz/STOCKS/Data/Assay/sequencing/2025/2025-05-11_AV233002_Moonen_2438526948/Samples/Moonen/B5-8_gRNA/B5-8_gRNA_R2.fastq.gz
B5_8	/g/steinmetz/STOCKS/Data/Assay/sequencing/2025/2025-05-11_AV233002_Moonen_2438526948/Samples/Moonen/B5-8_WTX/B5-8_WTX_R1.fastq.gz
B5_8	/g/steinmetz/STOCKS/Data/Assay/sequencing/2025/2025-05-11_AV233002_Moonen_2438526948/Samples/Moonen/B5-8_WTX/B5-8_WTX_R2.fastq.gz
B5_8	/g/steinmetz/STOCKS/Data/Assay/sequencing/2025/2025-05-13_AV233002_Moonen_2438654814/Samples/Moonen/B5_8_gRNA/B5_8_gRNA_R1.fastq.gz
B5_8	/g/steinmetz/STOCKS/Data/Assay/sequencing/2025/2025-05-13_AV233002_Moonen_2438654814/Samples/Moonen/B5_8_gRNA/B5_8_gRNA_R2.fastq.gz
B5_8	/g/steinmetz/STOCKS/Data/Assay/sequencing/2025/2025-05-13_AV233002_Moonen_2438654814/Samples/Moonen/B5_8_WTX/B5_8_WTX_R1.fastq.gz
B5_8	/g/steinmetz/STOCKS/Data/Assay/sequencing/2025/2025-05-13_AV233002_Moonen_2438654814/Samples/Moonen/B5_8_WTX/B5_8_WTX_R2.fastq.gz
B8_1	/g/steinmetz/STOCKS/User_Dropboxes/moonen/demultiplexing_done/20250514_AV233701_Dewi-PS-library8-1/Demultiplexed/Samples/Moonen/B8-1_gRNA/B8-1_gRNA_R1.fastq.gz
B8_1	/g/steinmetz/STOCKS/User_Dropboxes/moonen/demultiplexing_done/20250514_AV233701_Dewi-PS-library8-1/Demultiplexed/Samples/Moonen/B8-1_gRNA/B8-1_gRNA_R2.fastq.gz
B8_1	/g/steinmetz/STOCKS/User_Dropboxes/moonen/demultiplexing_done/20250514_AV233701_Dewi-PS-library8-1/Demultiplexed/Samples/Moonen/B8-1_WTX/B8-1_WTX_R1.fastq.gz
B8_1	/g/steinmetz/STOCKS/User_Dropboxes/moonen/demultiplexing_done/20250514_AV233701_Dewi-PS-library8-1/Demultiplexed/Samples/Moonen/B8-1_WTX/B8-1_WTX_R2.fastq.gz
B8_1	/g/steinmetz/STOCKS/User_Dropboxes/moonen/demultiplexing_done/20250516_AV233701_Dewi-PS-library8-2/Demultiplexed/Samples/Moonen/B8-1_gRNA/B8-1_gRNA_R1.fastq.gz
B8_1	/g/steinmetz/STOCKS/User_Dropboxes/moonen/demultiplexing_done/20250516_AV233701_Dewi-PS-library8-2/Demultiplexed/Samples/Moonen/B8-1_gRNA/B8-1_gRNA_R2.fastq.gz
B8_1	/g/steinmetz/STOCKS/User_Dropboxes/moonen/demultiplexing_done/20250516_AV233701_Dewi-PS-library8-2/Demultiplexed/Samples/Moonen/B8-1_WTX/B8-1_WTX_R1.fastq.gz
B8_1	/g/steinmetz/STOCKS/User_Dropboxes/moonen/demultiplexing_done/20250516_AV233701_Dewi-PS-library8-2/Demultiplexed/Samples/Moonen/B8-1_WTX/B8-1_WTX_R2.fastq.gz
B8_1	/g/steinmetz/STOCKS/User_Dropboxes/moonen/demultiplexing_done/20250516_AV233701_Dewi-PS-library8-3/Demultiplexed/Samples/Moonen/B8-1_gRNA/B8-1_gRNA_R1.fastq.gz
B8_1	/g/steinmetz/STOCKS/User_Dropboxes/moonen/demultiplexing_done/20250516_AV233701_Dewi-PS-library8-3/Demultiplexed/Samples/Moonen/B8-1_gRNA/B8-1_gRNA_R2.fastq.gz
B8_1	/g/steinmetz/STOCKS/User_Dropboxes/moonen/demultiplexing_done/20250516_AV233701_Dewi-PS-library8-3/Demultiplexed/Samples/Moonen/B8-1_WTX/B8-1_WTX_R1.fastq.gz
B8_1	/g/steinmetz/STOCKS/User_Dropboxes/moonen/demultiplexing_done/20250516_AV233701_Dewi-PS-library8-3/Demultiplexed/Samples/Moonen/B8-1_WTX/B8-1_WTX_R2.fastq.gz
B8_1	/g/steinmetz/STOCKS/User_Dropboxes/moonen/demultiplexing_done/20250519_AV233701_Dewi-PS-library8-4/Demultiplexed/Samples/Moonen/B8-1_gRNA/B8-1_gRNA_R1.fastq.gz
B8_1	/g/steinmetz/STOCKS/User_Dropboxes/moonen/demultiplexing_done/20250519_AV233701_Dewi-PS-library8-4/Demultiplexed/Samples/Moonen/B8-1_gRNA/B8-1_gRNA_R2.fastq.gz
B8_1	/g/steinmetz/STOCKS/User_Dropboxes/moonen/demultiplexing_done/20250519_AV233701_Dewi-PS-library8-4/Demultiplexed/Samples/Moonen/B8-1_WTX/B8-1_WTX_R1.fastq.gz
B8_1	/g/steinmetz/STOCKS/User_Dropboxes/moonen/demultiplexing_done/20250519_AV233701_Dewi-PS-library8-4/Demultiplexed/Samples/Moonen/B8-1_WTX/B8-1_WTX_R2.fastq.gz
B8_1	/g/steinmetz/STOCKS/User_Dropboxes/moonen/demultiplexing_done/20250519_AV233701_Dewi-PS-library8-5/Demultiplexed/Samples/Moonen/B8-1_gRNA/B8-1_gRNA_R1.fastq.gz
B8_1	/g/steinmetz/STOCKS/User_Dropboxes/moonen/demultiplexing_done/20250519_AV233701_Dewi-PS-library8-5/Demultiplexed/Samples/Moonen/B8-1_gRNA/B8-1_gRNA_R2.fastq.gz
B8_1	/g/steinmetz/STOCKS/User_Dropboxes/moonen/demultiplexing_done/20250519_AV233701_Dewi-PS-library8-5/Demultiplexed/Samples/Moonen/B8-1_WTX/B8-1_WTX_R1.fastq.gz
B8_1	/g/steinmetz/STOCKS/User_Dropboxes/moonen/demultiplexing_done/20250519_AV233701_Dewi-PS-library8-5/Demultiplexed/Samples/Moonen/B8-1_WTX/B8-1_WTX_R2.fastq.gz
B8_1	/g/steinmetz/STOCKS/User_Dropboxes/moonen/demultiplexing_done/20250520_AV233701_Dewi-PS-library8-6/Demultiplexed/Samples/Moonen/B8-1_gRNA/B8-1_gRNA_R1.fastq.gz
B8_1	/g/steinmetz/STOCKS/User_Dropboxes/moonen/demultiplexing_done/20250520_AV233701_Dewi-PS-library8-6/Demultiplexed/Samples/Moonen/B8-1_gRNA/B8-1_gRNA_R2.fastq.gz
B8_1	/g/steinmetz/STOCKS/User_Dropboxes/moonen/demultiplexing_done/20250520_AV233701_Dewi-PS-library8-6/Demultiplexed/Samples/Moonen/B8-1_WTX/B8-1_WTX_R1.fastq.gz
B8_1	/g/steinmetz/STOCKS/User_Dropboxes/moonen/demultiplexing_done/20250520_AV233701_Dewi-PS-library8-6/Demultiplexed/Samples/Moonen/B8-1_WTX/B8-1_WTX_R2.fastq.gz
B8_1	/g/steinmetz/STOCKS/User_Dropboxes/moonen/demultiplexing_done/20250520_AV233701_Dewi-PS-library8-7/Demultiplexed/Samples/Moonen/B8-1_gRNA/B8-1_gRNA_R1.fastq.gz
B8_1	/g/steinmetz/STOCKS/User_Dropboxes/moonen/demultiplexing_done/20250520_AV233701_Dewi-PS-library8-7/Demultiplexed/Samples/Moonen/B8-1_gRNA/B8-1_gRNA_R2.fastq.gz
B8_1	/g/steinmetz/STOCKS/User_Dropboxes/moonen/demultiplexing_done/20250520_AV233701_Dewi-PS-library8-7/Demultiplexed/Samples/Moonen/B8-1_WTX/B8-1_WTX_R1.fastq.gz
B8_1	/g/steinmetz/STOCKS/User_Dropboxes/moonen/demultiplexing_done/20250520_AV233701_Dewi-PS-library8-7/Demultiplexed/Samples/Moonen/B8-1_WTX/B8-1_WTX_R2.fastq.gz
B8_1	/g/steinmetz/STOCKS/User_Dropboxes/moonen/demultiplexing_done/20250521_AV233701_Dewi-PS-library8-8/Demultiplexed/Samples/Moonen/B8-1_gRNA/B8-1_gRNA_R1.fastq.gz
B8_1	/g/steinmetz/STOCKS/User_Dropboxes/moonen/demultiplexing_done/20250521_AV233701_Dewi-PS-library8-8/Demultiplexed/Samples/Moonen/B8-1_gRNA/B8-1_gRNA_R2.fastq.gz
B8_1	/g/steinmetz/STOCKS/User_Dropboxes/moonen/demultiplexing_done/20250521_AV233701_Dewi-PS-library8-8/Demultiplexed/Samples/Moonen/B8-1_WTX/B8-1_WTX_R1.fastq.gz
B8_1	/g/steinmetz/STOCKS/User_Dropboxes/moonen/demultiplexing_done/20250521_AV233701_Dewi-PS-library8-8/Demultiplexed/Samples/Moonen/B8-1_WTX/B8-1_WTX_R2.fastq.gz
B8_1	/g/steinmetz/STOCKS/User_Dropboxes/moonen/demultiplexing_done/20250521_AV233701_Dewi-PS-library8-9/Demultiplexed/Samples/Moonen/B8-1_gRNA/B8-1_gRNA_R1.fastq.gz
B8_1	/g/steinmetz/STOCKS/User_Dropboxes/moonen/demultiplexing_done/20250521_AV233701_Dewi-PS-library8-9/Demultiplexed/Samples/Moonen/B8-1_gRNA/B8-1_gRNA_R2.fastq.gz
B8_1	/g/steinmetz/STOCKS/User_Dropboxes/moonen/demultiplexing_done/20250521_AV233701_Dewi-PS-library8-9/Demultiplexed/Samples/Moonen/B8-1_WTX/B8-1_WTX_R1.fastq.gz
B8_1	/g/steinmetz/STOCKS/User_Dropboxes/moonen/demultiplexing_done/20250521_AV233701_Dewi-PS-library8-9/Demultiplexed/Samples/Moonen/B8-1_WTX/B8-1_WTX_R2.fastq.gz
B8_2	/g/steinmetz/STOCKS/User_Dropboxes/moonen/demultiplexing_done/20250514_AV233701_Dewi-PS-library8-1/Demultiplexed/Samples/Moonen/B8-2_gRNA/B8-2_gRNA_R1.fastq.gz
B8_2	/g/steinmetz/STOCKS/User_Dropboxes/moonen/demultiplexing_done/20250514_AV233701_Dewi-PS-library8-1/Demultiplexed/Samples/Moonen/B8-2_gRNA/B8-2_gRNA_R2.fastq.gz
B8_2	/g/steinmetz/STOCKS/User_Dropboxes/moonen/demultiplexing_done/20250514_AV233701_Dewi-PS-library8-1/Demultiplexed/Samples/Moonen/B8-2_WTX/B8-2_WTX_R1.fastq.gz
B8_2	/g/steinmetz/STOCKS/User_Dropboxes/moonen/demultiplexing_done/20250514_AV233701_Dewi-PS-library8-1/Demultiplexed/Samples/Moonen/B8-2_WTX/B8-2_WTX_R2.fastq.gz
B8_2	/g/steinmetz/STOCKS/User_Dropboxes/moonen/demultiplexing_done/20250516_AV233701_Dewi-PS-library8-2/Demultiplexed/Samples/Moonen/B8-2_gRNA/B8-2_gRNA_R1.fastq.gz
B8_2	/g/steinmetz/STOCKS/User_Dropboxes/moonen/demultiplexing_done/20250516_AV233701_Dewi-PS-library8-2/Demultiplexed/Samples/Moonen/B8-2_gRNA/B8-2_gRNA_R2.fastq.gz
B8_2	/g/steinmetz/STOCKS/User_Dropboxes/moonen/demultiplexing_done/20250516_AV233701_Dewi-PS-library8-2/Demultiplexed/Samples/Moonen/B8-2_WTX/B8-2_WTX_R1.fastq.gz
B8_2	/g/steinmetz/STOCKS/User_Dropboxes/moonen/demultiplexing_done/20250516_AV233701_Dewi-PS-library8-2/Demultiplexed/Samples/Moonen/B8-2_WTX/B8-2_WTX_R2.fastq.gz
B8_2	/g/steinmetz/STOCKS/User_Dropboxes/moonen/demultiplexing_done/20250516_AV233701_Dewi-PS-library8-3/Demultiplexed/Samples/Moonen/B8-2_gRNA/B8-2_gRNA_R1.fastq.gz
B8_2	/g/steinmetz/STOCKS/User_Dropboxes/moonen/demultiplexing_done/20250516_AV233701_Dewi-PS-library8-3/Demultiplexed/Samples/Moonen/B8-2_gRNA/B8-2_gRNA_R2.fastq.gz
B8_2	/g/steinmetz/STOCKS/User_Dropboxes/moonen/demultiplexing_done/20250516_AV233701_Dewi-PS-library8-3/Demultiplexed/Samples/Moonen/B8-2_WTX/B8-2_WTX_R1.fastq.gz
B8_2	/g/steinmetz/STOCKS/User_Dropboxes/moonen/demultiplexing_done/20250516_AV233701_Dewi-PS-library8-3/Demultiplexed/Samples/Moonen/B8-2_WTX/B8-2_WTX_R2.fastq.gz
B8_2	/g/steinmetz/STOCKS/User_Dropboxes/moonen/demultiplexing_done/20250519_AV233701_Dewi-PS-library8-4/Demultiplexed/Samples/Moonen/B8-2_gRNA/B8-2_gRNA_R1.fastq.gz
B8_2	/g/steinmetz/STOCKS/User_Dropboxes/moonen/demultiplexing_done/20250519_AV233701_Dewi-PS-library8-4/Demultiplexed/Samples/Moonen/B8-2_gRNA/B8-2_gRNA_R2.fastq.gz
B8_2	/g/steinmetz/STOCKS/User_Dropboxes/moonen/demultiplexing_done/20250519_AV233701_Dewi-PS-library8-4/Demultiplexed/Samples/Moonen/B8-2_WTX/B8-2_WTX_R1.fastq.gz
B8_2	/g/steinmetz/STOCKS/User_Dropboxes/moonen/demultiplexing_done/20250519_AV233701_Dewi-PS-library8-4/Demultiplexed/Samples/Moonen/B8-2_WTX/B8-2_WTX_R2.fastq.gz
B8_2	/g/steinmetz/STOCKS/User_Dropboxes/moonen/demultiplexing_done/20250519_AV233701_Dewi-PS-library8-5/Demultiplexed/Samples/Moonen/B8-2_gRNA/B8-2_gRNA_R1.fastq.gz
B8_2	/g/steinmetz/STOCKS/User_Dropboxes/moonen/demultiplexing_done/20250519_AV233701_Dewi-PS-library8-5/Demultiplexed/Samples/Moonen/B8-2_gRNA/B8-2_gRNA_R2.fastq.gz
B8_2	/g/steinmetz/STOCKS/User_Dropboxes/moonen/demultiplexing_done/20250519_AV233701_Dewi-PS-library8-5/Demultiplexed/Samples/Moonen/B8-2_WTX/B8-2_WTX_R1.fastq.gz
B8_2	/g/steinmetz/STOCKS/User_Dropboxes/moonen/demultiplexing_done/20250519_AV233701_Dewi-PS-library8-5/Demultiplexed/Samples/Moonen/B8-2_WTX/B8-2_WTX_R2.fastq.gz
B8_2	/g/steinmetz/STOCKS/User_Dropboxes/moonen/demultiplexing_done/20250520_AV233701_Dewi-PS-library8-6/Demultiplexed/Samples/Moonen/B8-2_gRNA/B8-2_gRNA_R1.fastq.gz
B8_2	/g/steinmetz/STOCKS/User_Dropboxes/moonen/demultiplexing_done/20250520_AV233701_Dewi-PS-library8-6/Demultiplexed/Samples/Moonen/B8-2_gRNA/B8-2_gRNA_R2.fastq.gz
B8_2	/g/steinmetz/STOCKS/User_Dropboxes/moonen/demultiplexing_done/20250520_AV233701_Dewi-PS-library8-6/Demultiplexed/Samples/Moonen/B8-2_WTX/B8-2_WTX_R1.fastq.gz
B8_2	/g/steinmetz/STOCKS/User_Dropboxes/moonen/demultiplexing_done/20250520_AV233701_Dewi-PS-library8-6/Demultiplexed/Samples/Moonen/B8-2_WTX/B8-2_WTX_R2.fastq.gz
B8_2	/g/steinmetz/STOCKS/User_Dropboxes/moonen/demultiplexing_done/20250520_AV233701_Dewi-PS-library8-7/Demultiplexed/Samples/Moonen/B8-2_gRNA/B8-2_gRNA_R1.fastq.gz
B8_2	/g/steinmetz/STOCKS/User_Dropboxes/moonen/demultiplexing_done/20250520_AV233701_Dewi-PS-library8-7/Demultiplexed/Samples/Moonen/B8-2_gRNA/B8-2_gRNA_R2.fastq.gz
B8_2	/g/steinmetz/STOCKS/User_Dropboxes/moonen/demultiplexing_done/20250520_AV233701_Dewi-PS-library8-7/Demultiplexed/Samples/Moonen/B8-2_WTX/B8-2_WTX_R1.fastq.gz
B8_2	/g/steinmetz/STOCKS/User_Dropboxes/moonen/demultiplexing_done/20250520_AV233701_Dewi-PS-library8-7/Demultiplexed/Samples/Moonen/B8-2_WTX/B8-2_WTX_R2.fastq.gz
B8_2	/g/steinmetz/STOCKS/User_Dropboxes/moonen/demultiplexing_done/20250521_AV233701_Dewi-PS-library8-8/Demultiplexed/Samples/Moonen/B8-2_gRNA/B8-2_gRNA_R1.fastq.gz
B8_2	/g/steinmetz/STOCKS/User_Dropboxes/moonen/demultiplexing_done/20250521_AV233701_Dewi-PS-library8-8/Demultiplexed/Samples/Moonen/B8-2_gRNA/B8-2_gRNA_R2.fastq.gz
B8_2	/g/steinmetz/STOCKS/User_Dropboxes/moonen/demultiplexing_done/20250521_AV233701_Dewi-PS-library8-8/Demultiplexed/Samples/Moonen/B8-2_WTX/B8-2_WTX_R1.fastq.gz
B8_2	/g/steinmetz/STOCKS/User_Dropboxes/moonen/demultiplexing_done/20250521_AV233701_Dewi-PS-library8-8/Demultiplexed/Samples/Moonen/B8-2_WTX/B8-2_WTX_R2.fastq.gz
B8_2	/g/steinmetz/STOCKS/User_Dropboxes/moonen/demultiplexing_done/20250521_AV233701_Dewi-PS-library8-9/Demultiplexed/Samples/Moonen/B8-2_gRNA/B8-2_gRNA_R1.fastq.gz
B8_2	/g/steinmetz/STOCKS/User_Dropboxes/moonen/demultiplexing_done/20250521_AV233701_Dewi-PS-library8-9/Demultiplexed/Samples/Moonen/B8-2_gRNA/B8-2_gRNA_R2.fastq.gz
B8_2	/g/steinmetz/STOCKS/User_Dropboxes/moonen/demultiplexing_done/20250521_AV233701_Dewi-PS-library8-9/Demultiplexed/Samples/Moonen/B8-2_WTX/B8-2_WTX_R1.fastq.gz
B8_2	/g/steinmetz/STOCKS/User_Dropboxes/moonen/demultiplexing_done/20250521_AV233701_Dewi-PS-library8-9/Demultiplexed/Samples/Moonen/B8-2_WTX/B8-2_WTX_R2.fastq.gz
B8_3	/g/steinmetz/STOCKS/User_Dropboxes/moonen/demultiplexing_done/20250514_AV233701_Dewi-PS-library8-1/Demultiplexed/Samples/Moonen/B8-3_gRNA/B8-3_gRNA_R1.fastq.gz
B8_3	/g/steinmetz/STOCKS/User_Dropboxes/moonen/demultiplexing_done/20250514_AV233701_Dewi-PS-library8-1/Demultiplexed/Samples/Moonen/B8-3_gRNA/B8-3_gRNA_R2.fastq.gz
B8_3	/g/steinmetz/STOCKS/User_Dropboxes/moonen/demultiplexing_done/20250514_AV233701_Dewi-PS-library8-1/Demultiplexed/Samples/Moonen/B8-3_WTX/B8-3_WTX_R1.fastq.gz
B8_3	/g/steinmetz/STOCKS/User_Dropboxes/moonen/demultiplexing_done/20250514_AV233701_Dewi-PS-library8-1/Demultiplexed/Samples/Moonen/B8-3_WTX/B8-3_WTX_R2.fastq.gz
B8_3	/g/steinmetz/STOCKS/User_Dropboxes/moonen/demultiplexing_done/20250516_AV233701_Dewi-PS-library8-2/Demultiplexed/Samples/Moonen/B8-3_gRNA/B8-3_gRNA_R1.fastq.gz
B8_3	/g/steinmetz/STOCKS/User_Dropboxes/moonen/demultiplexing_done/20250516_AV233701_Dewi-PS-library8-2/Demultiplexed/Samples/Moonen/B8-3_gRNA/B8-3_gRNA_R2.fastq.gz
B8_3	/g/steinmetz/STOCKS/User_Dropboxes/moonen/demultiplexing_done/20250516_AV233701_Dewi-PS-library8-2/Demultiplexed/Samples/Moonen/B8-3_WTX/B8-3_WTX_R1.fastq.gz
B8_3	/g/steinmetz/STOCKS/User_Dropboxes/moonen/demultiplexing_done/20250516_AV233701_Dewi-PS-library8-2/Demultiplexed/Samples/Moonen/B8-3_WTX/B8-3_WTX_R2.fastq.gz
B8_3	/g/steinmetz/STOCKS/User_Dropboxes/moonen/demultiplexing_done/20250516_AV233701_Dewi-PS-library8-3/Demultiplexed/Samples/Moonen/B8-3_gRNA/B8-3_gRNA_R1.fastq.gz
B8_3	/g/steinmetz/STOCKS/User_Dropboxes/moonen/demultiplexing_done/20250516_AV233701_Dewi-PS-library8-3/Demultiplexed/Samples/Moonen/B8-3_gRNA/B8-3_gRNA_R2.fastq.gz
B8_3	/g/steinmetz/STOCKS/User_Dropboxes/moonen/demultiplexing_done/20250516_AV233701_Dewi-PS-library8-3/Demultiplexed/Samples/Moonen/B8-3_WTX/B8-3_WTX_R1.fastq.gz
B8_3	/g/steinmetz/STOCKS/User_Dropboxes/moonen/demultiplexing_done/20250516_AV233701_Dewi-PS-library8-3/Demultiplexed/Samples/Moonen/B8-3_WTX/B8-3_WTX_R2.fastq.gz
B8_3	/g/steinmetz/STOCKS/User_Dropboxes/moonen/demultiplexing_done/20250519_AV233701_Dewi-PS-library8-4/Demultiplexed/Samples/Moonen/B8-3_gRNA/B8-3_gRNA_R1.fastq.gz
B8_3	/g/steinmetz/STOCKS/User_Dropboxes/moonen/demultiplexing_done/20250519_AV233701_Dewi-PS-library8-4/Demultiplexed/Samples/Moonen/B8-3_gRNA/B8-3_gRNA_R2.fastq.gz
B8_3	/g/steinmetz/STOCKS/User_Dropboxes/moonen/demultiplexing_done/20250519_AV233701_Dewi-PS-library8-4/Demultiplexed/Samples/Moonen/B8-3_WTX/B8-3_WTX_R1.fastq.gz
B8_3	/g/steinmetz/STOCKS/User_Dropboxes/moonen/demultiplexing_done/20250519_AV233701_Dewi-PS-library8-4/Demultiplexed/Samples/Moonen/B8-3_WTX/B8-3_WTX_R2.fastq.gz
B8_3	/g/steinmetz/STOCKS/User_Dropboxes/moonen/demultiplexing_done/20250519_AV233701_Dewi-PS-library8-5/Demultiplexed/Samples/Moonen/B8-3_gRNA/B8-3_gRNA_R1.fastq.gz
B8_3	/g/steinmetz/STOCKS/User_Dropboxes/moonen/demultiplexing_done/20250519_AV233701_Dewi-PS-library8-5/Demultiplexed/Samples/Moonen/B8-3_gRNA/B8-3_gRNA_R2.fastq.gz
B8_3	/g/steinmetz/STOCKS/User_Dropboxes/moonen/demultiplexing_done/20250519_AV233701_Dewi-PS-library8-5/Demultiplexed/Samples/Moonen/B8-3_WTX/B8-3_WTX_R1.fastq.gz
B8_3	/g/steinmetz/STOCKS/User_Dropboxes/moonen/demultiplexing_done/20250519_AV233701_Dewi-PS-library8-5/Demultiplexed/Samples/Moonen/B8-3_WTX/B8-3_WTX_R2.fastq.gz
B8_3	/g/steinmetz/STOCKS/User_Dropboxes/moonen/demultiplexing_done/20250520_AV233701_Dewi-PS-library8-6/Demultiplexed/Samples/Moonen/B8-3_gRNA/B8-3_gRNA_R1.fastq.gz
B8_3	/g/steinmetz/STOCKS/User_Dropboxes/moonen/demultiplexing_done/20250520_AV233701_Dewi-PS-library8-6/Demultiplexed/Samples/Moonen/B8-3_gRNA/B8-3_gRNA_R2.fastq.gz
B8_3	/g/steinmetz/STOCKS/User_Dropboxes/moonen/demultiplexing_done/20250520_AV233701_Dewi-PS-library8-6/Demultiplexed/Samples/Moonen/B8-3_WTX/B8-3_WTX_R1.fastq.gz
B8_3	/g/steinmetz/STOCKS/User_Dropboxes/moonen/demultiplexing_done/20250520_AV233701_Dewi-PS-library8-6/Demultiplexed/Samples/Moonen/B8-3_WTX/B8-3_WTX_R2.fastq.gz
B8_3	/g/steinmetz/STOCKS/User_Dropboxes/moonen/demultiplexing_done/20250520_AV233701_Dewi-PS-library8-7/Demultiplexed/Samples/Moonen/B8-3_gRNA/B8-3_gRNA_R1.fastq.gz
B8_3	/g/steinmetz/STOCKS/User_Dropboxes/moonen/demultiplexing_done/20250520_AV233701_Dewi-PS-library8-7/Demultiplexed/Samples/Moonen/B8-3_gRNA/B8-3_gRNA_R2.fastq.gz
B8_3	/g/steinmetz/STOCKS/User_Dropboxes/moonen/demultiplexing_done/20250520_AV233701_Dewi-PS-library8-7/Demultiplexed/Samples/Moonen/B8-3_WTX/B8-3_WTX_R1.fastq.gz
B8_3	/g/steinmetz/STOCKS/User_Dropboxes/moonen/demultiplexing_done/20250520_AV233701_Dewi-PS-library8-7/Demultiplexed/Samples/Moonen/B8-3_WTX/B8-3_WTX_R2.fastq.gz
B8_3	/g/steinmetz/STOCKS/User_Dropboxes/moonen/demultiplexing_done/20250521_AV233701_Dewi-PS-library8-8/Demultiplexed/Samples/Moonen/B8-3_gRNA/B8-3_gRNA_R1.fastq.gz
B8_3	/g/steinmetz/STOCKS/User_Dropboxes/moonen/demultiplexing_done/20250521_AV233701_Dewi-PS-library8-8/Demultiplexed/Samples/Moonen/B8-3_gRNA/B8-3_gRNA_R2.fastq.gz
B8_3	/g/steinmetz/STOCKS/User_Dropboxes/moonen/demultiplexing_done/20250521_AV233701_Dewi-PS-library8-8/Demultiplexed/Samples/Moonen/B8-3_WTX/B8-3_WTX_R1.fastq.gz
B8_3	/g/steinmetz/STOCKS/User_Dropboxes/moonen/demultiplexing_done/20250521_AV233701_Dewi-PS-library8-8/Demultiplexed/Samples/Moonen/B8-3_WTX/B8-3_WTX_R2.fastq.gz
B8_3	/g/steinmetz/STOCKS/User_Dropboxes/moonen/demultiplexing_done/20250521_AV233701_Dewi-PS-library8-9/Demultiplexed/Samples/Moonen/B8-3_gRNA/B8-3_gRNA_R1.fastq.gz
B8_3	/g/steinmetz/STOCKS/User_Dropboxes/moonen/demultiplexing_done/20250521_AV233701_Dewi-PS-library8-9/Demultiplexed/Samples/Moonen/B8-3_gRNA/B8-3_gRNA_R2.fastq.gz
B8_3	/g/steinmetz/STOCKS/User_Dropboxes/moonen/demultiplexing_done/20250521_AV233701_Dewi-PS-library8-9/Demultiplexed/Samples/Moonen/B8-3_WTX/B8-3_WTX_R1.fastq.gz
B8_3	/g/steinmetz/STOCKS/User_Dropboxes/moonen/demultiplexing_done/20250521_AV233701_Dewi-PS-library8-9/Demultiplexed/Samples/Moonen/B8-3_WTX/B8-3_WTX_R2.fastq.gz
B8_4	/g/steinmetz/STOCKS/User_Dropboxes/moonen/demultiplexing_done/20250514_AV233701_Dewi-PS-library8-1/Demultiplexed/Samples/Moonen/B8-4_gRNA/B8-4_gRNA_R1.fastq.gz
B8_4	/g/steinmetz/STOCKS/User_Dropboxes/moonen/demultiplexing_done/20250514_AV233701_Dewi-PS-library8-1/Demultiplexed/Samples/Moonen/B8-4_gRNA/B8-4_gRNA_R2.fastq.gz
B8_4	/g/steinmetz/STOCKS/User_Dropboxes/moonen/demultiplexing_done/20250514_AV233701_Dewi-PS-library8-1/Demultiplexed/Samples/Moonen/B8-4_WTX/B8-4_WTX_R1.fastq.gz
B8_4	/g/steinmetz/STOCKS/User_Dropboxes/moonen/demultiplexing_done/20250514_AV233701_Dewi-PS-library8-1/Demultiplexed/Samples/Moonen/B8-4_WTX/B8-4_WTX_R2.fastq.gz
B8_4	/g/steinmetz/STOCKS/User_Dropboxes/moonen/demultiplexing_done/20250516_AV233701_Dewi-PS-library8-2/Demultiplexed/Samples/Moonen/B8-4_gRNA/B8-4_gRNA_R1.fastq.gz
B8_4	/g/steinmetz/STOCKS/User_Dropboxes/moonen/demultiplexing_done/20250516_AV233701_Dewi-PS-library8-2/Demultiplexed/Samples/Moonen/B8-4_gRNA/B8-4_gRNA_R2.fastq.gz
B8_4	/g/steinmetz/STOCKS/User_Dropboxes/moonen/demultiplexing_done/20250516_AV233701_Dewi-PS-library8-2/Demultiplexed/Samples/Moonen/B8-4_WTX/B8-4_WTX_R1.fastq.gz
B8_4	/g/steinmetz/STOCKS/User_Dropboxes/moonen/demultiplexing_done/20250516_AV233701_Dewi-PS-library8-2/Demultiplexed/Samples/Moonen/B8-4_WTX/B8-4_WTX_R2.fastq.gz
B8_4	/g/steinmetz/STOCKS/User_Dropboxes/moonen/demultiplexing_done/20250516_AV233701_Dewi-PS-library8-3/Demultiplexed/Samples/Moonen/B8-4_gRNA/B8-4_gRNA_R1.fastq.gz
B8_4	/g/steinmetz/STOCKS/User_Dropboxes/moonen/demultiplexing_done/20250516_AV233701_Dewi-PS-library8-3/Demultiplexed/Samples/Moonen/B8-4_gRNA/B8-4_gRNA_R2.fastq.gz
B8_4	/g/steinmetz/STOCKS/User_Dropboxes/moonen/demultiplexing_done/20250516_AV233701_Dewi-PS-library8-3/Demultiplexed/Samples/Moonen/B8-4_WTX/B8-4_WTX_R1.fastq.gz
B8_4	/g/steinmetz/STOCKS/User_Dropboxes/moonen/demultiplexing_done/20250516_AV233701_Dewi-PS-library8-3/Demultiplexed/Samples/Moonen/B8-4_WTX/B8-4_WTX_R2.fastq.gz
B8_4	/g/steinmetz/STOCKS/User_Dropboxes/moonen/demultiplexing_done/20250519_AV233701_Dewi-PS-library8-4/Demultiplexed/Samples/Moonen/B8-4_gRNA/B8-4_gRNA_R1.fastq.gz
B8_4	/g/steinmetz/STOCKS/User_Dropboxes/moonen/demultiplexing_done/20250519_AV233701_Dewi-PS-library8-4/Demultiplexed/Samples/Moonen/B8-4_gRNA/B8-4_gRNA_R2.fastq.gz
B8_4	/g/steinmetz/STOCKS/User_Dropboxes/moonen/demultiplexing_done/20250519_AV233701_Dewi-PS-library8-4/Demultiplexed/Samples/Moonen/B8-4_WTX/B8-4_WTX_R1.fastq.gz
B8_4	/g/steinmetz/STOCKS/User_Dropboxes/moonen/demultiplexing_done/20250519_AV233701_Dewi-PS-library8-4/Demultiplexed/Samples/Moonen/B8-4_WTX/B8-4_WTX_R2.fastq.gz
B8_4	/g/steinmetz/STOCKS/User_Dropboxes/moonen/demultiplexing_done/20250519_AV233701_Dewi-PS-library8-5/Demultiplexed/Samples/Moonen/B8-4_gRNA/B8-4_gRNA_R1.fastq.gz
B8_4	/g/steinmetz/STOCKS/User_Dropboxes/moonen/demultiplexing_done/20250519_AV233701_Dewi-PS-library8-5/Demultiplexed/Samples/Moonen/B8-4_gRNA/B8-4_gRNA_R2.fastq.gz
B8_4	/g/steinmetz/STOCKS/User_Dropboxes/moonen/demultiplexing_done/20250519_AV233701_Dewi-PS-library8-5/Demultiplexed/Samples/Moonen/B8-4_WTX/B8-4_WTX_R1.fastq.gz
B8_4	/g/steinmetz/STOCKS/User_Dropboxes/moonen/demultiplexing_done/20250519_AV233701_Dewi-PS-library8-5/Demultiplexed/Samples/Moonen/B8-4_WTX/B8-4_WTX_R2.fastq.gz
B8_4	/g/steinmetz/STOCKS/User_Dropboxes/moonen/demultiplexing_done/20250520_AV233701_Dewi-PS-library8-6/Demultiplexed/Samples/Moonen/B8-4_gRNA/B8-4_gRNA_R1.fastq.gz
B8_4	/g/steinmetz/STOCKS/User_Dropboxes/moonen/demultiplexing_done/20250520_AV233701_Dewi-PS-library8-6/Demultiplexed/Samples/Moonen/B8-4_gRNA/B8-4_gRNA_R2.fastq.gz
B8_4	/g/steinmetz/STOCKS/User_Dropboxes/moonen/demultiplexing_done/20250520_AV233701_Dewi-PS-library8-6/Demultiplexed/Samples/Moonen/B8-4_WTX/B8-4_WTX_R1.fastq.gz
B8_4	/g/steinmetz/STOCKS/User_Dropboxes/moonen/demultiplexing_done/20250520_AV233701_Dewi-PS-library8-6/Demultiplexed/Samples/Moonen/B8-4_WTX/B8-4_WTX_R2.fastq.gz
B8_4	/g/steinmetz/STOCKS/User_Dropboxes/moonen/demultiplexing_done/20250520_AV233701_Dewi-PS-library8-7/Demultiplexed/Samples/Moonen/B8-4_gRNA/B8-4_gRNA_R1.fastq.gz
B8_4	/g/steinmetz/STOCKS/User_Dropboxes/moonen/demultiplexing_done/20250520_AV233701_Dewi-PS-library8-7/Demultiplexed/Samples/Moonen/B8-4_gRNA/B8-4_gRNA_R2.fastq.gz
B8_4	/g/steinmetz/STOCKS/User_Dropboxes/moonen/demultiplexing_done/20250520_AV233701_Dewi-PS-library8-7/Demultiplexed/Samples/Moonen/B8-4_WTX/B8-4_WTX_R1.fastq.gz
B8_4	/g/steinmetz/STOCKS/User_Dropboxes/moonen/demultiplexing_done/20250520_AV233701_Dewi-PS-library8-7/Demultiplexed/Samples/Moonen/B8-4_WTX/B8-4_WTX_R2.fastq.gz
B8_4	/g/steinmetz/STOCKS/User_Dropboxes/moonen/demultiplexing_done/20250521_AV233701_Dewi-PS-library8-8/Demultiplexed/Samples/Moonen/B8-4_gRNA/B8-4_gRNA_R1.fastq.gz
B8_4	/g/steinmetz/STOCKS/User_Dropboxes/moonen/demultiplexing_done/20250521_AV233701_Dewi-PS-library8-8/Demultiplexed/Samples/Moonen/B8-4_gRNA/B8-4_gRNA_R2.fastq.gz
B8_4	/g/steinmetz/STOCKS/User_Dropboxes/moonen/demultiplexing_done/20250521_AV233701_Dewi-PS-library8-8/Demultiplexed/Samples/Moonen/B8-4_WTX/B8-4_WTX_R1.fastq.gz
B8_4	/g/steinmetz/STOCKS/User_Dropboxes/moonen/demultiplexing_done/20250521_AV233701_Dewi-PS-library8-8/Demultiplexed/Samples/Moonen/B8-4_WTX/B8-4_WTX_R2.fastq.gz
B8_4	/g/steinmetz/STOCKS/User_Dropboxes/moonen/demultiplexing_done/20250521_AV233701_Dewi-PS-library8-9/Demultiplexed/Samples/Moonen/B8-4_gRNA/B8-4_gRNA_R1.fastq.gz
B8_4	/g/steinmetz/STOCKS/User_Dropboxes/moonen/demultiplexing_done/20250521_AV233701_Dewi-PS-library8-9/Demultiplexed/Samples/Moonen/B8-4_gRNA/B8-4_gRNA_R2.fastq.gz
B8_4	/g/steinmetz/STOCKS/User_Dropboxes/moonen/demultiplexing_done/20250521_AV233701_Dewi-PS-library8-9/Demultiplexed/Samples/Moonen/B8-4_WTX/B8-4_WTX_R1.fastq.gz
B8_4	/g/steinmetz/STOCKS/User_Dropboxes/moonen/demultiplexing_done/20250521_AV233701_Dewi-PS-library8-9/Demultiplexed/Samples/Moonen/B8-4_WTX/B8-4_WTX_R2.fastq.gz
B8_5	/g/steinmetz/STOCKS/User_Dropboxes/moonen/demultiplexing_done/20250514_AV233701_Dewi-PS-library8-1/Demultiplexed/Samples/Moonen/B8-5_gRNA/B8-5_gRNA_R1.fastq.gz
B8_5	/g/steinmetz/STOCKS/User_Dropboxes/moonen/demultiplexing_done/20250514_AV233701_Dewi-PS-library8-1/Demultiplexed/Samples/Moonen/B8-5_gRNA/B8-5_gRNA_R2.fastq.gz
B8_5	/g/steinmetz/STOCKS/User_Dropboxes/moonen/demultiplexing_done/20250514_AV233701_Dewi-PS-library8-1/Demultiplexed/Samples/Moonen/B8-5_WTX/B8-5_WTX_R1.fastq.gz
B8_5	/g/steinmetz/STOCKS/User_Dropboxes/moonen/demultiplexing_done/20250514_AV233701_Dewi-PS-library8-1/Demultiplexed/Samples/Moonen/B8-5_WTX/B8-5_WTX_R2.fastq.gz
B8_5	/g/steinmetz/STOCKS/User_Dropboxes/moonen/demultiplexing_done/20250516_AV233701_Dewi-PS-library8-2/Demultiplexed/Samples/Moonen/B8-5_gRNA/B8-5_gRNA_R1.fastq.gz
B8_5	/g/steinmetz/STOCKS/User_Dropboxes/moonen/demultiplexing_done/20250516_AV233701_Dewi-PS-library8-2/Demultiplexed/Samples/Moonen/B8-5_gRNA/B8-5_gRNA_R2.fastq.gz
B8_5	/g/steinmetz/STOCKS/User_Dropboxes/moonen/demultiplexing_done/20250516_AV233701_Dewi-PS-library8-2/Demultiplexed/Samples/Moonen/B8-5_WTX/B8-5_WTX_R1.fastq.gz
B8_5	/g/steinmetz/STOCKS/User_Dropboxes/moonen/demultiplexing_done/20250516_AV233701_Dewi-PS-library8-2/Demultiplexed/Samples/Moonen/B8-5_WTX/B8-5_WTX_R2.fastq.gz
B8_5	/g/steinmetz/STOCKS/User_Dropboxes/moonen/demultiplexing_done/20250516_AV233701_Dewi-PS-library8-3/Demultiplexed/Samples/Moonen/B8-5_gRNA/B8-5_gRNA_R1.fastq.gz
B8_5	/g/steinmetz/STOCKS/User_Dropboxes/moonen/demultiplexing_done/20250516_AV233701_Dewi-PS-library8-3/Demultiplexed/Samples/Moonen/B8-5_gRNA/B8-5_gRNA_R2.fastq.gz
B8_5	/g/steinmetz/STOCKS/User_Dropboxes/moonen/demultiplexing_done/20250516_AV233701_Dewi-PS-library8-3/Demultiplexed/Samples/Moonen/B8-5_WTX/B8-5_WTX_R1.fastq.gz
B8_5	/g/steinmetz/STOCKS/User_Dropboxes/moonen/demultiplexing_done/20250516_AV233701_Dewi-PS-library8-3/Demultiplexed/Samples/Moonen/B8-5_WTX/B8-5_WTX_R2.fastq.gz
B8_5	/g/steinmetz/STOCKS/User_Dropboxes/moonen/demultiplexing_done/20250519_AV233701_Dewi-PS-library8-4/Demultiplexed/Samples/Moonen/B8-5_gRNA/B8-5_gRNA_R1.fastq.gz
B8_5	/g/steinmetz/STOCKS/User_Dropboxes/moonen/demultiplexing_done/20250519_AV233701_Dewi-PS-library8-4/Demultiplexed/Samples/Moonen/B8-5_gRNA/B8-5_gRNA_R2.fastq.gz
B8_5	/g/steinmetz/STOCKS/User_Dropboxes/moonen/demultiplexing_done/20250519_AV233701_Dewi-PS-library8-4/Demultiplexed/Samples/Moonen/B8-5_WTX/B8-5_WTX_R1.fastq.gz
B8_5	/g/steinmetz/STOCKS/User_Dropboxes/moonen/demultiplexing_done/20250519_AV233701_Dewi-PS-library8-4/Demultiplexed/Samples/Moonen/B8-5_WTX/B8-5_WTX_R2.fastq.gz
B8_5	/g/steinmetz/STOCKS/User_Dropboxes/moonen/demultiplexing_done/20250519_AV233701_Dewi-PS-library8-5/Demultiplexed/Samples/Moonen/B8-5_gRNA/B8-5_gRNA_R1.fastq.gz
B8_5	/g/steinmetz/STOCKS/User_Dropboxes/moonen/demultiplexing_done/20250519_AV233701_Dewi-PS-library8-5/Demultiplexed/Samples/Moonen/B8-5_gRNA/B8-5_gRNA_R2.fastq.gz
B8_5	/g/steinmetz/STOCKS/User_Dropboxes/moonen/demultiplexing_done/20250519_AV233701_Dewi-PS-library8-5/Demultiplexed/Samples/Moonen/B8-5_WTX/B8-5_WTX_R1.fastq.gz
B8_5	/g/steinmetz/STOCKS/User_Dropboxes/moonen/demultiplexing_done/20250519_AV233701_Dewi-PS-library8-5/Demultiplexed/Samples/Moonen/B8-5_WTX/B8-5_WTX_R2.fastq.gz
B8_5	/g/steinmetz/STOCKS/User_Dropboxes/moonen/demultiplexing_done/20250520_AV233701_Dewi-PS-library8-6/Demultiplexed/Samples/Moonen/B8-5_gRNA/B8-5_gRNA_R1.fastq.gz
B8_5	/g/steinmetz/STOCKS/User_Dropboxes/moonen/demultiplexing_done/20250520_AV233701_Dewi-PS-library8-6/Demultiplexed/Samples/Moonen/B8-5_gRNA/B8-5_gRNA_R2.fastq.gz
B8_5	/g/steinmetz/STOCKS/User_Dropboxes/moonen/demultiplexing_done/20250520_AV233701_Dewi-PS-library8-6/Demultiplexed/Samples/Moonen/B8-5_WTX/B8-5_WTX_R1.fastq.gz
B8_5	/g/steinmetz/STOCKS/User_Dropboxes/moonen/demultiplexing_done/20250520_AV233701_Dewi-PS-library8-6/Demultiplexed/Samples/Moonen/B8-5_WTX/B8-5_WTX_R2.fastq.gz
B8_5	/g/steinmetz/STOCKS/User_Dropboxes/moonen/demultiplexing_done/20250520_AV233701_Dewi-PS-library8-7/Demultiplexed/Samples/Moonen/B8-5_gRNA/B8-5_gRNA_R1.fastq.gz
B8_5	/g/steinmetz/STOCKS/User_Dropboxes/moonen/demultiplexing_done/20250520_AV233701_Dewi-PS-library8-7/Demultiplexed/Samples/Moonen/B8-5_gRNA/B8-5_gRNA_R2.fastq.gz
B8_5	/g/steinmetz/STOCKS/User_Dropboxes/moonen/demultiplexing_done/20250520_AV233701_Dewi-PS-library8-7/Demultiplexed/Samples/Moonen/B8-5_WTX/B8-5_WTX_R1.fastq.gz
B8_5	/g/steinmetz/STOCKS/User_Dropboxes/moonen/demultiplexing_done/20250520_AV233701_Dewi-PS-library8-7/Demultiplexed/Samples/Moonen/B8-5_WTX/B8-5_WTX_R2.fastq.gz
B8_5	/g/steinmetz/STOCKS/User_Dropboxes/moonen/demultiplexing_done/20250521_AV233701_Dewi-PS-library8-8/Demultiplexed/Samples/Moonen/B8-5_gRNA/B8-5_gRNA_R1.fastq.gz
B8_5	/g/steinmetz/STOCKS/User_Dropboxes/moonen/demultiplexing_done/20250521_AV233701_Dewi-PS-library8-8/Demultiplexed/Samples/Moonen/B8-5_gRNA/B8-5_gRNA_R2.fastq.gz
B8_5	/g/steinmetz/STOCKS/User_Dropboxes/moonen/demultiplexing_done/20250521_AV233701_Dewi-PS-library8-8/Demultiplexed/Samples/Moonen/B8-5_WTX/B8-5_WTX_R1.fastq.gz
B8_5	/g/steinmetz/STOCKS/User_Dropboxes/moonen/demultiplexing_done/20250521_AV233701_Dewi-PS-library8-8/Demultiplexed/Samples/Moonen/B8-5_WTX/B8-5_WTX_R2.fastq.gz
B8_5	/g/steinmetz/STOCKS/User_Dropboxes/moonen/demultiplexing_done/20250521_AV233701_Dewi-PS-library8-9/Demultiplexed/Samples/Moonen/B8-5_gRNA/B8-5_gRNA_R1.fastq.gz
B8_5	/g/steinmetz/STOCKS/User_Dropboxes/moonen/demultiplexing_done/20250521_AV233701_Dewi-PS-library8-9/Demultiplexed/Samples/Moonen/B8-5_gRNA/B8-5_gRNA_R2.fastq.gz
B8_5	/g/steinmetz/STOCKS/User_Dropboxes/moonen/demultiplexing_done/20250521_AV233701_Dewi-PS-library8-9/Demultiplexed/Samples/Moonen/B8-5_WTX/B8-5_WTX_R1.fastq.gz
B8_5	/g/steinmetz/STOCKS/User_Dropboxes/moonen/demultiplexing_done/20250521_AV233701_Dewi-PS-library8-9/Demultiplexed/Samples/Moonen/B8-5_WTX/B8-5_WTX_R2.fastq.gz
B8_6	/g/steinmetz/STOCKS/User_Dropboxes/moonen/demultiplexing_done/20250514_AV233701_Dewi-PS-library8-1/Demultiplexed/Samples/Moonen/B8-6_gRNA/B8-6_gRNA_R1.fastq.gz
B8_6	/g/steinmetz/STOCKS/User_Dropboxes/moonen/demultiplexing_done/20250514_AV233701_Dewi-PS-library8-1/Demultiplexed/Samples/Moonen/B8-6_gRNA/B8-6_gRNA_R2.fastq.gz
B8_6	/g/steinmetz/STOCKS/User_Dropboxes/moonen/demultiplexing_done/20250514_AV233701_Dewi-PS-library8-1/Demultiplexed/Samples/Moonen/B8-6_WTX/B8-6_WTX_R1.fastq.gz
B8_6	/g/steinmetz/STOCKS/User_Dropboxes/moonen/demultiplexing_done/20250514_AV233701_Dewi-PS-library8-1/Demultiplexed/Samples/Moonen/B8-6_WTX/B8-6_WTX_R2.fastq.gz
B8_6	/g/steinmetz/STOCKS/User_Dropboxes/moonen/demultiplexing_done/20250516_AV233701_Dewi-PS-library8-2/Demultiplexed/Samples/Moonen/B8-6_gRNA/B8-6_gRNA_R1.fastq.gz
B8_6	/g/steinmetz/STOCKS/User_Dropboxes/moonen/demultiplexing_done/20250516_AV233701_Dewi-PS-library8-2/Demultiplexed/Samples/Moonen/B8-6_gRNA/B8-6_gRNA_R2.fastq.gz
B8_6	/g/steinmetz/STOCKS/User_Dropboxes/moonen/demultiplexing_done/20250516_AV233701_Dewi-PS-library8-2/Demultiplexed/Samples/Moonen/B8-6_WTX/B8-6_WTX_R1.fastq.gz
B8_6	/g/steinmetz/STOCKS/User_Dropboxes/moonen/demultiplexing_done/20250516_AV233701_Dewi-PS-library8-2/Demultiplexed/Samples/Moonen/B8-6_WTX/B8-6_WTX_R2.fastq.gz
B8_6	/g/steinmetz/STOCKS/User_Dropboxes/moonen/demultiplexing_done/20250516_AV233701_Dewi-PS-library8-3/Demultiplexed/Samples/Moonen/B8-6_gRNA/B8-6_gRNA_R1.fastq.gz
B8_6	/g/steinmetz/STOCKS/User_Dropboxes/moonen/demultiplexing_done/20250516_AV233701_Dewi-PS-library8-3/Demultiplexed/Samples/Moonen/B8-6_gRNA/B8-6_gRNA_R2.fastq.gz
B8_6	/g/steinmetz/STOCKS/User_Dropboxes/moonen/demultiplexing_done/20250516_AV233701_Dewi-PS-library8-3/Demultiplexed/Samples/Moonen/B8-6_WTX/B8-6_WTX_R1.fastq.gz
B8_6	/g/steinmetz/STOCKS/User_Dropboxes/moonen/demultiplexing_done/20250516_AV233701_Dewi-PS-library8-3/Demultiplexed/Samples/Moonen/B8-6_WTX/B8-6_WTX_R2.fastq.gz
B8_6	/g/steinmetz/STOCKS/User_Dropboxes/moonen/demultiplexing_done/20250519_AV233701_Dewi-PS-library8-4/Demultiplexed/Samples/Moonen/B8-6_gRNA/B8-6_gRNA_R1.fastq.gz
B8_6	/g/steinmetz/STOCKS/User_Dropboxes/moonen/demultiplexing_done/20250519_AV233701_Dewi-PS-library8-4/Demultiplexed/Samples/Moonen/B8-6_gRNA/B8-6_gRNA_R2.fastq.gz
B8_6	/g/steinmetz/STOCKS/User_Dropboxes/moonen/demultiplexing_done/20250519_AV233701_Dewi-PS-library8-4/Demultiplexed/Samples/Moonen/B8-6_WTX/B8-6_WTX_R1.fastq.gz
B8_6	/g/steinmetz/STOCKS/User_Dropboxes/moonen/demultiplexing_done/20250519_AV233701_Dewi-PS-library8-4/Demultiplexed/Samples/Moonen/B8-6_WTX/B8-6_WTX_R2.fastq.gz
B8_6	/g/steinmetz/STOCKS/User_Dropboxes/moonen/demultiplexing_done/20250519_AV233701_Dewi-PS-library8-5/Demultiplexed/Samples/Moonen/B8-6_gRNA/B8-6_gRNA_R1.fastq.gz
B8_6	/g/steinmetz/STOCKS/User_Dropboxes/moonen/demultiplexing_done/20250519_AV233701_Dewi-PS-library8-5/Demultiplexed/Samples/Moonen/B8-6_gRNA/B8-6_gRNA_R2.fastq.gz
B8_6	/g/steinmetz/STOCKS/User_Dropboxes/moonen/demultiplexing_done/20250519_AV233701_Dewi-PS-library8-5/Demultiplexed/Samples/Moonen/B8-6_WTX/B8-6_WTX_R1.fastq.gz
B8_6	/g/steinmetz/STOCKS/User_Dropboxes/moonen/demultiplexing_done/20250519_AV233701_Dewi-PS-library8-5/Demultiplexed/Samples/Moonen/B8-6_WTX/B8-6_WTX_R2.fastq.gz
B8_6	/g/steinmetz/STOCKS/User_Dropboxes/moonen/demultiplexing_done/20250520_AV233701_Dewi-PS-library8-6/Demultiplexed/Samples/Moonen/B8-6_gRNA/B8-6_gRNA_R1.fastq.gz
B8_6	/g/steinmetz/STOCKS/User_Dropboxes/moonen/demultiplexing_done/20250520_AV233701_Dewi-PS-library8-6/Demultiplexed/Samples/Moonen/B8-6_gRNA/B8-6_gRNA_R2.fastq.gz
B8_6	/g/steinmetz/STOCKS/User_Dropboxes/moonen/demultiplexing_done/20250520_AV233701_Dewi-PS-library8-6/Demultiplexed/Samples/Moonen/B8-6_WTX/B8-6_WTX_R1.fastq.gz
B8_6	/g/steinmetz/STOCKS/User_Dropboxes/moonen/demultiplexing_done/20250520_AV233701_Dewi-PS-library8-6/Demultiplexed/Samples/Moonen/B8-6_WTX/B8-6_WTX_R2.fastq.gz
B8_6	/g/steinmetz/STOCKS/User_Dropboxes/moonen/demultiplexing_done/20250520_AV233701_Dewi-PS-library8-7/Demultiplexed/Samples/Moonen/B8-6_gRNA/B8-6_gRNA_R1.fastq.gz
B8_6	/g/steinmetz/STOCKS/User_Dropboxes/moonen/demultiplexing_done/20250520_AV233701_Dewi-PS-library8-7/Demultiplexed/Samples/Moonen/B8-6_gRNA/B8-6_gRNA_R2.fastq.gz
B8_6	/g/steinmetz/STOCKS/User_Dropboxes/moonen/demultiplexing_done/20250520_AV233701_Dewi-PS-library8-7/Demultiplexed/Samples/Moonen/B8-6_WTX/B8-6_WTX_R1.fastq.gz
B8_6	/g/steinmetz/STOCKS/User_Dropboxes/moonen/demultiplexing_done/20250520_AV233701_Dewi-PS-library8-7/Demultiplexed/Samples/Moonen/B8-6_WTX/B8-6_WTX_R2.fastq.gz
B8_6	/g/steinmetz/STOCKS/User_Dropboxes/moonen/demultiplexing_done/20250521_AV233701_Dewi-PS-library8-8/Demultiplexed/Samples/Moonen/B8-6_gRNA/B8-6_gRNA_R1.fastq.gz
B8_6	/g/steinmetz/STOCKS/User_Dropboxes/moonen/demultiplexing_done/20250521_AV233701_Dewi-PS-library8-8/Demultiplexed/Samples/Moonen/B8-6_gRNA/B8-6_gRNA_R2.fastq.gz
B8_6	/g/steinmetz/STOCKS/User_Dropboxes/moonen/demultiplexing_done/20250521_AV233701_Dewi-PS-library8-8/Demultiplexed/Samples/Moonen/B8-6_WTX/B8-6_WTX_R1.fastq.gz
B8_6	/g/steinmetz/STOCKS/User_Dropboxes/moonen/demultiplexing_done/20250521_AV233701_Dewi-PS-library8-8/Demultiplexed/Samples/Moonen/B8-6_WTX/B8-6_WTX_R2.fastq.gz
B8_6	/g/steinmetz/STOCKS/User_Dropboxes/moonen/demultiplexing_done/20250521_AV233701_Dewi-PS-library8-9/Demultiplexed/Samples/Moonen/B8-6_gRNA/B8-6_gRNA_R1.fastq.gz
B8_6	/g/steinmetz/STOCKS/User_Dropboxes/moonen/demultiplexing_done/20250521_AV233701_Dewi-PS-library8-9/Demultiplexed/Samples/Moonen/B8-6_gRNA/B8-6_gRNA_R2.fastq.gz
B8_6	/g/steinmetz/STOCKS/User_Dropboxes/moonen/demultiplexing_done/20250521_AV233701_Dewi-PS-library8-9/Demultiplexed/Samples/Moonen/B8-6_WTX/B8-6_WTX_R1.fastq.gz
B8_6	/g/steinmetz/STOCKS/User_Dropboxes/moonen/demultiplexing_done/20250521_AV233701_Dewi-PS-library8-9/Demultiplexed/Samples/Moonen/B8-6_WTX/B8-6_WTX_R2.fastq.gz
B8_7	/g/steinmetz/STOCKS/User_Dropboxes/moonen/demultiplexing_done/20250514_AV233701_Dewi-PS-library8-1/Demultiplexed/Samples/Moonen/B8-7_gRNA/B8-7_gRNA_R1.fastq.gz
B8_7	/g/steinmetz/STOCKS/User_Dropboxes/moonen/demultiplexing_done/20250514_AV233701_Dewi-PS-library8-1/Demultiplexed/Samples/Moonen/B8-7_gRNA/B8-7_gRNA_R2.fastq.gz
B8_7	/g/steinmetz/STOCKS/User_Dropboxes/moonen/demultiplexing_done/20250514_AV233701_Dewi-PS-library8-1/Demultiplexed/Samples/Moonen/B8-7_WTX/B8-7_WTX_R1.fastq.gz
B8_7	/g/steinmetz/STOCKS/User_Dropboxes/moonen/demultiplexing_done/20250514_AV233701_Dewi-PS-library8-1/Demultiplexed/Samples/Moonen/B8-7_WTX/B8-7_WTX_R2.fastq.gz
B8_7	/g/steinmetz/STOCKS/User_Dropboxes/moonen/demultiplexing_done/20250516_AV233701_Dewi-PS-library8-2/Demultiplexed/Samples/Moonen/B8-7_gRNA/B8-7_gRNA_R1.fastq.gz
B8_7	/g/steinmetz/STOCKS/User_Dropboxes/moonen/demultiplexing_done/20250516_AV233701_Dewi-PS-library8-2/Demultiplexed/Samples/Moonen/B8-7_gRNA/B8-7_gRNA_R2.fastq.gz
B8_7	/g/steinmetz/STOCKS/User_Dropboxes/moonen/demultiplexing_done/20250516_AV233701_Dewi-PS-library8-2/Demultiplexed/Samples/Moonen/B8-7_WTX/B8-7_WTX_R1.fastq.gz
B8_7	/g/steinmetz/STOCKS/User_Dropboxes/moonen/demultiplexing_done/20250516_AV233701_Dewi-PS-library8-2/Demultiplexed/Samples/Moonen/B8-7_WTX/B8-7_WTX_R2.fastq.gz
B8_7	/g/steinmetz/STOCKS/User_Dropboxes/moonen/demultiplexing_done/20250516_AV233701_Dewi-PS-library8-3/Demultiplexed/Samples/Moonen/B8-7_gRNA/B8-7_gRNA_R1.fastq.gz
B8_7	/g/steinmetz/STOCKS/User_Dropboxes/moonen/demultiplexing_done/20250516_AV233701_Dewi-PS-library8-3/Demultiplexed/Samples/Moonen/B8-7_gRNA/B8-7_gRNA_R2.fastq.gz
B8_7	/g/steinmetz/STOCKS/User_Dropboxes/moonen/demultiplexing_done/20250516_AV233701_Dewi-PS-library8-3/Demultiplexed/Samples/Moonen/B8-7_WTX/B8-7_WTX_R1.fastq.gz
B8_7	/g/steinmetz/STOCKS/User_Dropboxes/moonen/demultiplexing_done/20250516_AV233701_Dewi-PS-library8-3/Demultiplexed/Samples/Moonen/B8-7_WTX/B8-7_WTX_R2.fastq.gz
B8_7	/g/steinmetz/STOCKS/User_Dropboxes/moonen/demultiplexing_done/20250519_AV233701_Dewi-PS-library8-4/Demultiplexed/Samples/Moonen/B8-7_gRNA/B8-7_gRNA_R1.fastq.gz
B8_7	/g/steinmetz/STOCKS/User_Dropboxes/moonen/demultiplexing_done/20250519_AV233701_Dewi-PS-library8-4/Demultiplexed/Samples/Moonen/B8-7_gRNA/B8-7_gRNA_R2.fastq.gz
B8_7	/g/steinmetz/STOCKS/User_Dropboxes/moonen/demultiplexing_done/20250519_AV233701_Dewi-PS-library8-4/Demultiplexed/Samples/Moonen/B8-7_WTX/B8-7_WTX_R1.fastq.gz
B8_7	/g/steinmetz/STOCKS/User_Dropboxes/moonen/demultiplexing_done/20250519_AV233701_Dewi-PS-library8-4/Demultiplexed/Samples/Moonen/B8-7_WTX/B8-7_WTX_R2.fastq.gz
B8_7	/g/steinmetz/STOCKS/User_Dropboxes/moonen/demultiplexing_done/20250519_AV233701_Dewi-PS-library8-5/Demultiplexed/Samples/Moonen/B8-7_gRNA/B8-7_gRNA_R1.fastq.gz
B8_7	/g/steinmetz/STOCKS/User_Dropboxes/moonen/demultiplexing_done/20250519_AV233701_Dewi-PS-library8-5/Demultiplexed/Samples/Moonen/B8-7_gRNA/B8-7_gRNA_R2.fastq.gz
B8_7	/g/steinmetz/STOCKS/User_Dropboxes/moonen/demultiplexing_done/20250519_AV233701_Dewi-PS-library8-5/Demultiplexed/Samples/Moonen/B8-7_WTX/B8-7_WTX_R1.fastq.gz
B8_7	/g/steinmetz/STOCKS/User_Dropboxes/moonen/demultiplexing_done/20250519_AV233701_Dewi-PS-library8-5/Demultiplexed/Samples/Moonen/B8-7_WTX/B8-7_WTX_R2.fastq.gz
B8_7	/g/steinmetz/STOCKS/User_Dropboxes/moonen/demultiplexing_done/20250520_AV233701_Dewi-PS-library8-6/Demultiplexed/Samples/Moonen/B8-7_gRNA/B8-7_gRNA_R1.fastq.gz
B8_7	/g/steinmetz/STOCKS/User_Dropboxes/moonen/demultiplexing_done/20250520_AV233701_Dewi-PS-library8-6/Demultiplexed/Samples/Moonen/B8-7_gRNA/B8-7_gRNA_R2.fastq.gz
B8_7	/g/steinmetz/STOCKS/User_Dropboxes/moonen/demultiplexing_done/20250520_AV233701_Dewi-PS-library8-6/Demultiplexed/Samples/Moonen/B8-7_WTX/B8-7_WTX_R1.fastq.gz
B8_7	/g/steinmetz/STOCKS/User_Dropboxes/moonen/demultiplexing_done/20250520_AV233701_Dewi-PS-library8-6/Demultiplexed/Samples/Moonen/B8-7_WTX/B8-7_WTX_R2.fastq.gz
B8_7	/g/steinmetz/STOCKS/User_Dropboxes/moonen/demultiplexing_done/20250520_AV233701_Dewi-PS-library8-7/Demultiplexed/Samples/Moonen/B8-7_gRNA/B8-7_gRNA_R1.fastq.gz
B8_7	/g/steinmetz/STOCKS/User_Dropboxes/moonen/demultiplexing_done/20250520_AV233701_Dewi-PS-library8-7/Demultiplexed/Samples/Moonen/B8-7_gRNA/B8-7_gRNA_R2.fastq.gz
B8_7	/g/steinmetz/STOCKS/User_Dropboxes/moonen/demultiplexing_done/20250520_AV233701_Dewi-PS-library8-7/Demultiplexed/Samples/Moonen/B8-7_WTX/B8-7_WTX_R1.fastq.gz
B8_7	/g/steinmetz/STOCKS/User_Dropboxes/moonen/demultiplexing_done/20250520_AV233701_Dewi-PS-library8-7/Demultiplexed/Samples/Moonen/B8-7_WTX/B8-7_WTX_R2.fastq.gz
B8_7	/g/steinmetz/STOCKS/User_Dropboxes/moonen/demultiplexing_done/20250521_AV233701_Dewi-PS-library8-8/Demultiplexed/Samples/Moonen/B8-7_gRNA/B8-7_gRNA_R1.fastq.gz
B8_7	/g/steinmetz/STOCKS/User_Dropboxes/moonen/demultiplexing_done/20250521_AV233701_Dewi-PS-library8-8/Demultiplexed/Samples/Moonen/B8-7_gRNA/B8-7_gRNA_R2.fastq.gz
B8_7	/g/steinmetz/STOCKS/User_Dropboxes/moonen/demultiplexing_done/20250521_AV233701_Dewi-PS-library8-8/Demultiplexed/Samples/Moonen/B8-7_WTX/B8-7_WTX_R1.fastq.gz
B8_7	/g/steinmetz/STOCKS/User_Dropboxes/moonen/demultiplexing_done/20250521_AV233701_Dewi-PS-library8-8/Demultiplexed/Samples/Moonen/B8-7_WTX/B8-7_WTX_R2.fastq.gz
B8_7	/g/steinmetz/STOCKS/User_Dropboxes/moonen/demultiplexing_done/20250521_AV233701_Dewi-PS-library8-9/Demultiplexed/Samples/Moonen/B8-7_gRNA/B8-7_gRNA_R1.fastq.gz
B8_7	/g/steinmetz/STOCKS/User_Dropboxes/moonen/demultiplexing_done/20250521_AV233701_Dewi-PS-library8-9/Demultiplexed/Samples/Moonen/B8-7_gRNA/B8-7_gRNA_R2.fastq.gz
B8_7	/g/steinmetz/STOCKS/User_Dropboxes/moonen/demultiplexing_done/20250521_AV233701_Dewi-PS-library8-9/Demultiplexed/Samples/Moonen/B8-7_WTX/B8-7_WTX_R1.fastq.gz
B8_7	/g/steinmetz/STOCKS/User_Dropboxes/moonen/demultiplexing_done/20250521_AV233701_Dewi-PS-library8-9/Demultiplexed/Samples/Moonen/B8-7_WTX/B8-7_WTX_R2.fastq.gz
B8_8	/g/steinmetz/STOCKS/User_Dropboxes/moonen/demultiplexing_done/20250514_AV233701_Dewi-PS-library8-1/Demultiplexed/Samples/Moonen/B8-8_gRNA/B8-8_gRNA_R1.fastq.gz
B8_8	/g/steinmetz/STOCKS/User_Dropboxes/moonen/demultiplexing_done/20250514_AV233701_Dewi-PS-library8-1/Demultiplexed/Samples/Moonen/B8-8_gRNA/B8-8_gRNA_R2.fastq.gz
B8_8	/g/steinmetz/STOCKS/User_Dropboxes/moonen/demultiplexing_done/20250514_AV233701_Dewi-PS-library8-1/Demultiplexed/Samples/Moonen/B8-8_WTX/B8-8_WTX_R1.fastq.gz
B8_8	/g/steinmetz/STOCKS/User_Dropboxes/moonen/demultiplexing_done/20250514_AV233701_Dewi-PS-library8-1/Demultiplexed/Samples/Moonen/B8-8_WTX/B8-8_WTX_R2.fastq.gz
B8_8	/g/steinmetz/STOCKS/User_Dropboxes/moonen/demultiplexing_done/20250516_AV233701_Dewi-PS-library8-2/Demultiplexed/Samples/Moonen/B8-8_gRNA/B8-8_gRNA_R1.fastq.gz
B8_8	/g/steinmetz/STOCKS/User_Dropboxes/moonen/demultiplexing_done/20250516_AV233701_Dewi-PS-library8-2/Demultiplexed/Samples/Moonen/B8-8_gRNA/B8-8_gRNA_R2.fastq.gz
B8_8	/g/steinmetz/STOCKS/User_Dropboxes/moonen/demultiplexing_done/20250516_AV233701_Dewi-PS-library8-2/Demultiplexed/Samples/Moonen/B8-8_WTX/B8-8_WTX_R1.fastq.gz
B8_8	/g/steinmetz/STOCKS/User_Dropboxes/moonen/demultiplexing_done/20250516_AV233701_Dewi-PS-library8-2/Demultiplexed/Samples/Moonen/B8-8_WTX/B8-8_WTX_R2.fastq.gz
B8_8	/g/steinmetz/STOCKS/User_Dropboxes/moonen/demultiplexing_done/20250516_AV233701_Dewi-PS-library8-3/Demultiplexed/Samples/Moonen/B8-8_gRNA/B8-8_gRNA_R1.fastq.gz
B8_8	/g/steinmetz/STOCKS/User_Dropboxes/moonen/demultiplexing_done/20250516_AV233701_Dewi-PS-library8-3/Demultiplexed/Samples/Moonen/B8-8_gRNA/B8-8_gRNA_R2.fastq.gz
B8_8	/g/steinmetz/STOCKS/User_Dropboxes/moonen/demultiplexing_done/20250516_AV233701_Dewi-PS-library8-3/Demultiplexed/Samples/Moonen/B8-8_WTX/B8-8_WTX_R1.fastq.gz
B8_8	/g/steinmetz/STOCKS/User_Dropboxes/moonen/demultiplexing_done/20250516_AV233701_Dewi-PS-library8-3/Demultiplexed/Samples/Moonen/B8-8_WTX/B8-8_WTX_R2.fastq.gz
B8_8	/g/steinmetz/STOCKS/User_Dropboxes/moonen/demultiplexing_done/20250519_AV233701_Dewi-PS-library8-4/Demultiplexed/Samples/Moonen/B8-8_gRNA/B8-8_gRNA_R1.fastq.gz
B8_8	/g/steinmetz/STOCKS/User_Dropboxes/moonen/demultiplexing_done/20250519_AV233701_Dewi-PS-library8-4/Demultiplexed/Samples/Moonen/B8-8_gRNA/B8-8_gRNA_R2.fastq.gz
B8_8	/g/steinmetz/STOCKS/User_Dropboxes/moonen/demultiplexing_done/20250519_AV233701_Dewi-PS-library8-4/Demultiplexed/Samples/Moonen/B8-8_WTX/B8-8_WTX_R1.fastq.gz
B8_8	/g/steinmetz/STOCKS/User_Dropboxes/moonen/demultiplexing_done/20250519_AV233701_Dewi-PS-library8-4/Demultiplexed/Samples/Moonen/B8-8_WTX/B8-8_WTX_R2.fastq.gz
B8_8	/g/steinmetz/STOCKS/User_Dropboxes/moonen/demultiplexing_done/20250519_AV233701_Dewi-PS-library8-5/Demultiplexed/Samples/Moonen/B8-8_gRNA/B8-8_gRNA_R1.fastq.gz
B8_8	/g/steinmetz/STOCKS/User_Dropboxes/moonen/demultiplexing_done/20250519_AV233701_Dewi-PS-library8-5/Demultiplexed/Samples/Moonen/B8-8_gRNA/B8-8_gRNA_R2.fastq.gz
B8_8	/g/steinmetz/STOCKS/User_Dropboxes/moonen/demultiplexing_done/20250519_AV233701_Dewi-PS-library8-5/Demultiplexed/Samples/Moonen/B8-8_WTX/B8-8_WTX_R1.fastq.gz
B8_8	/g/steinmetz/STOCKS/User_Dropboxes/moonen/demultiplexing_done/20250519_AV233701_Dewi-PS-library8-5/Demultiplexed/Samples/Moonen/B8-8_WTX/B8-8_WTX_R2.fastq.gz
B8_8	/g/steinmetz/STOCKS/User_Dropboxes/moonen/demultiplexing_done/20250520_AV233701_Dewi-PS-library8-6/Demultiplexed/Samples/Moonen/B8-8_gRNA/B8-8_gRNA_R1.fastq.gz
B8_8	/g/steinmetz/STOCKS/User_Dropboxes/moonen/demultiplexing_done/20250520_AV233701_Dewi-PS-library8-6/Demultiplexed/Samples/Moonen/B8-8_gRNA/B8-8_gRNA_R2.fastq.gz
B8_8	/g/steinmetz/STOCKS/User_Dropboxes/moonen/demultiplexing_done/20250520_AV233701_Dewi-PS-library8-6/Demultiplexed/Samples/Moonen/B8-8_WTX/B8-8_WTX_R1.fastq.gz
B8_8	/g/steinmetz/STOCKS/User_Dropboxes/moonen/demultiplexing_done/20250520_AV233701_Dewi-PS-library8-6/Demultiplexed/Samples/Moonen/B8-8_WTX/B8-8_WTX_R2.fastq.gz
B8_8	/g/steinmetz/STOCKS/User_Dropboxes/moonen/demultiplexing_done/20250520_AV233701_Dewi-PS-library8-7/Demultiplexed/Samples/Moonen/B8-8_gRNA/B8-8_gRNA_R1.fastq.gz
B8_8	/g/steinmetz/STOCKS/User_Dropboxes/moonen/demultiplexing_done/20250520_AV233701_Dewi-PS-library8-7/Demultiplexed/Samples/Moonen/B8-8_gRNA/B8-8_gRNA_R2.fastq.gz
B8_8	/g/steinmetz/STOCKS/User_Dropboxes/moonen/demultiplexing_done/20250520_AV233701_Dewi-PS-library8-7/Demultiplexed/Samples/Moonen/B8-8_WTX/B8-8_WTX_R1.fastq.gz
B8_8	/g/steinmetz/STOCKS/User_Dropboxes/moonen/demultiplexing_done/20250520_AV233701_Dewi-PS-library8-7/Demultiplexed/Samples/Moonen/B8-8_WTX/B8-8_WTX_R2.fastq.gz
B8_8	/g/steinmetz/STOCKS/User_Dropboxes/moonen/demultiplexing_done/20250521_AV233701_Dewi-PS-library8-8/Demultiplexed/Samples/Moonen/B8-8_gRNA/B8-8_gRNA_R1.fastq.gz
B8_8	/g/steinmetz/STOCKS/User_Dropboxes/moonen/demultiplexing_done/20250521_AV233701_Dewi-PS-library8-8/Demultiplexed/Samples/Moonen/B8-8_gRNA/B8-8_gRNA_R2.fastq.gz
B8_8	/g/steinmetz/STOCKS/User_Dropboxes/moonen/demultiplexing_done/20250521_AV233701_Dewi-PS-library8-8/Demultiplexed/Samples/Moonen/B8-8_WTX/B8-8_WTX_R1.fastq.gz
B8_8	/g/steinmetz/STOCKS/User_Dropboxes/moonen/demultiplexing_done/20250521_AV233701_Dewi-PS-library8-8/Demultiplexed/Samples/Moonen/B8-8_WTX/B8-8_WTX_R2.fastq.gz
B8_8	/g/steinmetz/STOCKS/User_Dropboxes/moonen/demultiplexing_done/20250521_AV233701_Dewi-PS-library8-9/Demultiplexed/Samples/Moonen/B8-8_gRNA/B8-8_gRNA_R1.fastq.gz
B8_8	/g/steinmetz/STOCKS/User_Dropboxes/moonen/demultiplexing_done/20250521_AV233701_Dewi-PS-library8-9/Demultiplexed/Samples/Moonen/B8-8_gRNA/B8-8_gRNA_R2.fastq.gz
B8_8	/g/steinmetz/STOCKS/User_Dropboxes/moonen/demultiplexing_done/20250521_AV233701_Dewi-PS-library8-9/Demultiplexed/Samples/Moonen/B8-8_WTX/B8-8_WTX_R1.fastq.gz
B8_8	/g/steinmetz/STOCKS/User_Dropboxes/moonen/demultiplexing_done/20250521_AV233701_Dewi-PS-library8-9/Demultiplexed/Samples/Moonen/B8-8_WTX/B8-8_WTX_R2.fastq.gz
C1_1	/g/steinmetz/STOCKS/Data/Assay/sequencing/2025/2025-04-02_AV233002_Moonen_2422542759/Samples/Moonen/C1-1_gRNA/C1-1_gRNA_R1.fastq.gz
C1_1	/g/steinmetz/STOCKS/Data/Assay/sequencing/2025/2025-04-02_AV233002_Moonen_2422542759/Samples/Moonen/C1-1_gRNA/C1-1_gRNA_R2.fastq.gz
C1_1	/g/steinmetz/STOCKS/Data/Assay/sequencing/2025/2025-04-02_AV233002_Moonen_2422542759/Samples/Moonen/C1-1_WTX/C1-1_WTX_R1.fastq.gz
C1_1	/g/steinmetz/STOCKS/Data/Assay/sequencing/2025/2025-04-02_AV233002_Moonen_2422542759/Samples/Moonen/C1-1_WTX/C1-1_WTX_R2.fastq.gz
C1_1	/g/steinmetz/STOCKS/Data/Assay/sequencing/2025/2025-04-04_AV233002_Moonen_2422595654/Samples/Moonen/C1-1_gRNA/C1-1_gRNA_R1.fastq.gz
C1_1	/g/steinmetz/STOCKS/Data/Assay/sequencing/2025/2025-04-04_AV233002_Moonen_2422595654/Samples/Moonen/C1-1_gRNA/C1-1_gRNA_R2.fastq.gz
C1_1	/g/steinmetz/STOCKS/Data/Assay/sequencing/2025/2025-04-04_AV233002_Moonen_2422595654/Samples/Moonen/C1-1_WTX/C1-1_WTX_R1.fastq.gz
C1_1	/g/steinmetz/STOCKS/Data/Assay/sequencing/2025/2025-04-04_AV233002_Moonen_2422595654/Samples/Moonen/C1-1_WTX/C1-1_WTX_R2.fastq.gz
C1_1	/g/steinmetz/STOCKS/Data/Assay/sequencing/2025/2025-04-05_AV233002_Moonen_2421400426/Samples/Moonen/C1-1_gRNA/C1-1_gRNA_R1.fastq.gz
C1_1	/g/steinmetz/STOCKS/Data/Assay/sequencing/2025/2025-04-05_AV233002_Moonen_2421400426/Samples/Moonen/C1-1_gRNA/C1-1_gRNA_R2.fastq.gz
C1_1	/g/steinmetz/STOCKS/Data/Assay/sequencing/2025/2025-04-05_AV233002_Moonen_2421400426/Samples/Moonen/C1-1_WTX/C1-1_WTX_R1.fastq.gz
C1_1	/g/steinmetz/STOCKS/Data/Assay/sequencing/2025/2025-04-05_AV233002_Moonen_2421400426/Samples/Moonen/C1-1_WTX/C1-1_WTX_R2.fastq.gz
C1_1	/g/steinmetz/STOCKS/Data/Assay/sequencing/2025/2025-04-05_AV233002_Moonen_2426561625/Samples/Moonen/C1-1_gRNA/C1-1_gRNA_R1.fastq.gz
C1_1	/g/steinmetz/STOCKS/Data/Assay/sequencing/2025/2025-04-05_AV233002_Moonen_2426561625/Samples/Moonen/C1-1_gRNA/C1-1_gRNA_R2.fastq.gz
C1_1	/g/steinmetz/STOCKS/Data/Assay/sequencing/2025/2025-04-05_AV233002_Moonen_2426561625/Samples/Moonen/C1-1_WTX/C1-1_WTX_R1.fastq.gz
C1_1	/g/steinmetz/STOCKS/Data/Assay/sequencing/2025/2025-04-05_AV233002_Moonen_2426561625/Samples/Moonen/C1-1_WTX/C1-1_WTX_R2.fastq.gz
C1_1	/g/steinmetz/STOCKS/Data/Assay/sequencing/2025/2025-04-06_AV233002_Moonen_2421441369/Samples/Moonen/C1-1_gRNA/C1-1_gRNA_R1.fastq.gz
C1_1	/g/steinmetz/STOCKS/Data/Assay/sequencing/2025/2025-04-06_AV233002_Moonen_2421441369/Samples/Moonen/C1-1_gRNA/C1-1_gRNA_R2.fastq.gz
C1_1	/g/steinmetz/STOCKS/Data/Assay/sequencing/2025/2025-04-06_AV233002_Moonen_2421441369/Samples/Moonen/C1-1_WTX/C1-1_WTX_R1.fastq.gz
C1_1	/g/steinmetz/STOCKS/Data/Assay/sequencing/2025/2025-04-06_AV233002_Moonen_2421441369/Samples/Moonen/C1-1_WTX/C1-1_WTX_R2.fastq.gz
C1_1	/g/steinmetz/STOCKS/Data/Assay/sequencing/2025/2025-04-06_AV233002_Moonen_2426631276/Samples/Moonen/C1-1_gRNA/C1-1_gRNA_R1.fastq.gz
C1_1	/g/steinmetz/STOCKS/Data/Assay/sequencing/2025/2025-04-06_AV233002_Moonen_2426631276/Samples/Moonen/C1-1_gRNA/C1-1_gRNA_R2.fastq.gz
C1_1	/g/steinmetz/STOCKS/Data/Assay/sequencing/2025/2025-04-06_AV233002_Moonen_2426631276/Samples/Moonen/C1-1_WTX/C1-1_WTX_R1.fastq.gz
C1_1	/g/steinmetz/STOCKS/Data/Assay/sequencing/2025/2025-04-06_AV233002_Moonen_2426631276/Samples/Moonen/C1-1_WTX/C1-1_WTX_R2.fastq.gz
C1_1	/g/steinmetz/STOCKS/Data/Assay/sequencing/2025/2025-04-08_AV233002_Moonen_2426516903/Samples/Moonen/C1-1_gRNA/C1-1_gRNA_R1.fastq.gz
C1_1	/g/steinmetz/STOCKS/Data/Assay/sequencing/2025/2025-04-08_AV233002_Moonen_2426516903/Samples/Moonen/C1-1_gRNA/C1-1_gRNA_R2.fastq.gz
C1_1	/g/steinmetz/STOCKS/Data/Assay/sequencing/2025/2025-04-08_AV233002_Moonen_2426516903/Samples/Moonen/C1-1_WTX/C1-1_WTX_R1.fastq.gz
C1_1	/g/steinmetz/STOCKS/Data/Assay/sequencing/2025/2025-04-08_AV233002_Moonen_2426516903/Samples/Moonen/C1-1_WTX/C1-1_WTX_R2.fastq.gz
C1_1	/g/steinmetz/STOCKS/Data/Assay/sequencing/2025/2025-04-08_AV233002_Moonen_2426598752/Samples/Moonen/C1-1_gRNA/C1-1_gRNA_R1.fastq.gz
C1_1	/g/steinmetz/STOCKS/Data/Assay/sequencing/2025/2025-04-08_AV233002_Moonen_2426598752/Samples/Moonen/C1-1_gRNA/C1-1_gRNA_R2.fastq.gz
C1_1	/g/steinmetz/STOCKS/Data/Assay/sequencing/2025/2025-04-08_AV233002_Moonen_2426598752/Samples/Moonen/C1-1_WTX/C1-1_WTX_R1.fastq.gz
C1_1	/g/steinmetz/STOCKS/Data/Assay/sequencing/2025/2025-04-08_AV233002_Moonen_2426598752/Samples/Moonen/C1-1_WTX/C1-1_WTX_R2.fastq.gz
C1_1	/g/steinmetz/STOCKS/Data/Assay/sequencing/2025/2025-04-24_AV233002_Moonen_2433626698/Samples/Moonen/C1-1_gRNA/C1-1_gRNA_R1.fastq.gz
C1_1	/g/steinmetz/STOCKS/Data/Assay/sequencing/2025/2025-04-24_AV233002_Moonen_2433626698/Samples/Moonen/C1-1_gRNA/C1-1_gRNA_R2.fastq.gz
C1_1	/g/steinmetz/STOCKS/Data/Assay/sequencing/2025/2025-04-24_AV233002_Moonen_2433626698/Samples/Moonen/C1-1_WTX/C1-1_WTX_R1.fastq.gz
C1_1	/g/steinmetz/STOCKS/Data/Assay/sequencing/2025/2025-04-24_AV233002_Moonen_2433626698/Samples/Moonen/C1-1_WTX/C1-1_WTX_R2.fastq.gz
C1_1	/g/steinmetz/STOCKS/Data/Assay/sequencing/2025/2025-04-26_AV233002_Moonen_2424695947/Samples/Moonen/C1-1_gRNA/C1-1_gRNA_R1.fastq.gz
C1_1	/g/steinmetz/STOCKS/Data/Assay/sequencing/2025/2025-04-26_AV233002_Moonen_2424695947/Samples/Moonen/C1-1_gRNA/C1-1_gRNA_R2.fastq.gz
C1_1	/g/steinmetz/STOCKS/Data/Assay/sequencing/2025/2025-04-26_AV233002_Moonen_2424695947/Samples/Moonen/C1-1_WTX/C1-1_WTX_R1.fastq.gz
C1_1	/g/steinmetz/STOCKS/Data/Assay/sequencing/2025/2025-04-26_AV233002_Moonen_2424695947/Samples/Moonen/C1-1_WTX/C1-1_WTX_R2.fastq.gz
C1_1	/g/steinmetz/STOCKS/Data/Assay/sequencing/2025/2025-04-12_AV233002_Moonen_2430435701/20250412_AV233002_Moonen-25s000392-9/Demultiplexed/Samples/Moonen/C1-1_gRNA/C1-1_gRNA_R1.fastq.gz
C1_1	/g/steinmetz/STOCKS/Data/Assay/sequencing/2025/2025-04-12_AV233002_Moonen_2430435701/20250412_AV233002_Moonen-25s000392-9/Demultiplexed/Samples/Moonen/C1-1_gRNA/C1-1_gRNA_R2.fastq.gz
C1_1	/g/steinmetz/STOCKS/Data/Assay/sequencing/2025/2025-04-12_AV233002_Moonen_2430435701/20250412_AV233002_Moonen-25s000392-9/Demultiplexed/Samples/Moonen/C1-1_WTX/C1-1_WTX_R1.fastq.gz
C1_1	/g/steinmetz/STOCKS/Data/Assay/sequencing/2025/2025-04-12_AV233002_Moonen_2430435701/20250412_AV233002_Moonen-25s000392-9/Demultiplexed/Samples/Moonen/C1-1_WTX/C1-1_WTX_R2.fastq.gz
C1_1	/g/steinmetz/STOCKS/Data/Assay/sequencing/2025/2025-04-13_AV233002_Moonen_2421466698/20250413_AV233002_Moonen-25s000392-12/Demultiplexed/Samples/Moonen/C1-1_gRNA/C1-1_gRNA_R1.fastq.gz
C1_1	/g/steinmetz/STOCKS/Data/Assay/sequencing/2025/2025-04-13_AV233002_Moonen_2421466698/20250413_AV233002_Moonen-25s000392-12/Demultiplexed/Samples/Moonen/C1-1_gRNA/C1-1_gRNA_R2.fastq.gz
C1_1	/g/steinmetz/STOCKS/Data/Assay/sequencing/2025/2025-04-13_AV233002_Moonen_2421466698/20250413_AV233002_Moonen-25s000392-12/Demultiplexed/Samples/Moonen/C1-1_WTX/C1-1_WTX_R1.fastq.gz
C1_1	/g/steinmetz/STOCKS/Data/Assay/sequencing/2025/2025-04-13_AV233002_Moonen_2421466698/20250413_AV233002_Moonen-25s000392-12/Demultiplexed/Samples/Moonen/C1-1_WTX/C1-1_WTX_R2.fastq.gz
C1_1	/g/steinmetz/STOCKS/Data/Assay/sequencing/2025/2025-04-13_AV233002_Moonen_2421493191/20250413_AV233002_Moonen-25s000392-11/Demultiplexed/Samples/Moonen/C1-1_gRNA/C1-1_gRNA_R1.fastq.gz
C1_1	/g/steinmetz/STOCKS/Data/Assay/sequencing/2025/2025-04-13_AV233002_Moonen_2421493191/20250413_AV233002_Moonen-25s000392-11/Demultiplexed/Samples/Moonen/C1-1_gRNA/C1-1_gRNA_R2.fastq.gz
C1_1	/g/steinmetz/STOCKS/Data/Assay/sequencing/2025/2025-04-13_AV233002_Moonen_2421493191/20250413_AV233002_Moonen-25s000392-11/Demultiplexed/Samples/Moonen/C1-1_WTX/C1-1_WTX_R1.fastq.gz
C1_1	/g/steinmetz/STOCKS/Data/Assay/sequencing/2025/2025-04-13_AV233002_Moonen_2421493191/20250413_AV233002_Moonen-25s000392-11/Demultiplexed/Samples/Moonen/C1-1_WTX/C1-1_WTX_R2.fastq.gz
C1_2	/g/steinmetz/STOCKS/Data/Assay/sequencing/2025/2025-04-02_AV233002_Moonen_2422542759/Samples/Moonen/C1-2_gRNA/C1-2_gRNA_R1.fastq.gz
C1_2	/g/steinmetz/STOCKS/Data/Assay/sequencing/2025/2025-04-02_AV233002_Moonen_2422542759/Samples/Moonen/C1-2_gRNA/C1-2_gRNA_R2.fastq.gz
C1_2	/g/steinmetz/STOCKS/Data/Assay/sequencing/2025/2025-04-02_AV233002_Moonen_2422542759/Samples/Moonen/C1-2_WTX/C1-2_WTX_R1.fastq.gz
C1_2	/g/steinmetz/STOCKS/Data/Assay/sequencing/2025/2025-04-02_AV233002_Moonen_2422542759/Samples/Moonen/C1-2_WTX/C1-2_WTX_R2.fastq.gz
C1_2	/g/steinmetz/STOCKS/Data/Assay/sequencing/2025/2025-04-04_AV233002_Moonen_2422595654/Samples/Moonen/C1-2_gRNA/C1-2_gRNA_R1.fastq.gz
C1_2	/g/steinmetz/STOCKS/Data/Assay/sequencing/2025/2025-04-04_AV233002_Moonen_2422595654/Samples/Moonen/C1-2_gRNA/C1-2_gRNA_R2.fastq.gz
C1_2	/g/steinmetz/STOCKS/Data/Assay/sequencing/2025/2025-04-04_AV233002_Moonen_2422595654/Samples/Moonen/C1-2_WTX/C1-2_WTX_R1.fastq.gz
C1_2	/g/steinmetz/STOCKS/Data/Assay/sequencing/2025/2025-04-04_AV233002_Moonen_2422595654/Samples/Moonen/C1-2_WTX/C1-2_WTX_R2.fastq.gz
C1_2	/g/steinmetz/STOCKS/Data/Assay/sequencing/2025/2025-04-05_AV233002_Moonen_2421400426/Samples/Moonen/C1-2_gRNA/C1-2_gRNA_R1.fastq.gz
C1_2	/g/steinmetz/STOCKS/Data/Assay/sequencing/2025/2025-04-05_AV233002_Moonen_2421400426/Samples/Moonen/C1-2_gRNA/C1-2_gRNA_R2.fastq.gz
C1_2	/g/steinmetz/STOCKS/Data/Assay/sequencing/2025/2025-04-05_AV233002_Moonen_2421400426/Samples/Moonen/C1-2_WTX/C1-2_WTX_R1.fastq.gz
C1_2	/g/steinmetz/STOCKS/Data/Assay/sequencing/2025/2025-04-05_AV233002_Moonen_2421400426/Samples/Moonen/C1-2_WTX/C1-2_WTX_R2.fastq.gz
C1_2	/g/steinmetz/STOCKS/Data/Assay/sequencing/2025/2025-04-05_AV233002_Moonen_2426561625/Samples/Moonen/C1-2_gRNA/C1-2_gRNA_R1.fastq.gz
C1_2	/g/steinmetz/STOCKS/Data/Assay/sequencing/2025/2025-04-05_AV233002_Moonen_2426561625/Samples/Moonen/C1-2_gRNA/C1-2_gRNA_R2.fastq.gz
C1_2	/g/steinmetz/STOCKS/Data/Assay/sequencing/2025/2025-04-05_AV233002_Moonen_2426561625/Samples/Moonen/C1-2_WTX/C1-2_WTX_R1.fastq.gz
C1_2	/g/steinmetz/STOCKS/Data/Assay/sequencing/2025/2025-04-05_AV233002_Moonen_2426561625/Samples/Moonen/C1-2_WTX/C1-2_WTX_R2.fastq.gz
C1_2	/g/steinmetz/STOCKS/Data/Assay/sequencing/2025/2025-04-06_AV233002_Moonen_2421441369/Samples/Moonen/C1-2_gRNA/C1-2_gRNA_R1.fastq.gz
C1_2	/g/steinmetz/STOCKS/Data/Assay/sequencing/2025/2025-04-06_AV233002_Moonen_2421441369/Samples/Moonen/C1-2_gRNA/C1-2_gRNA_R2.fastq.gz
C1_2	/g/steinmetz/STOCKS/Data/Assay/sequencing/2025/2025-04-06_AV233002_Moonen_2421441369/Samples/Moonen/C1-2_WTX/C1-2_WTX_R1.fastq.gz
C1_2	/g/steinmetz/STOCKS/Data/Assay/sequencing/2025/2025-04-06_AV233002_Moonen_2421441369/Samples/Moonen/C1-2_WTX/C1-2_WTX_R2.fastq.gz
C1_2	/g/steinmetz/STOCKS/Data/Assay/sequencing/2025/2025-04-06_AV233002_Moonen_2426631276/Samples/Moonen/C1-2_gRNA/C1-2_gRNA_R1.fastq.gz
C1_2	/g/steinmetz/STOCKS/Data/Assay/sequencing/2025/2025-04-06_AV233002_Moonen_2426631276/Samples/Moonen/C1-2_gRNA/C1-2_gRNA_R2.fastq.gz
C1_2	/g/steinmetz/STOCKS/Data/Assay/sequencing/2025/2025-04-06_AV233002_Moonen_2426631276/Samples/Moonen/C1-2_WTX/C1-2_WTX_R1.fastq.gz
C1_2	/g/steinmetz/STOCKS/Data/Assay/sequencing/2025/2025-04-06_AV233002_Moonen_2426631276/Samples/Moonen/C1-2_WTX/C1-2_WTX_R2.fastq.gz
C1_2	/g/steinmetz/STOCKS/Data/Assay/sequencing/2025/2025-04-08_AV233002_Moonen_2426516903/Samples/Moonen/C1-2_gRNA/C1-2_gRNA_R1.fastq.gz
C1_2	/g/steinmetz/STOCKS/Data/Assay/sequencing/2025/2025-04-08_AV233002_Moonen_2426516903/Samples/Moonen/C1-2_gRNA/C1-2_gRNA_R2.fastq.gz
C1_2	/g/steinmetz/STOCKS/Data/Assay/sequencing/2025/2025-04-08_AV233002_Moonen_2426516903/Samples/Moonen/C1-2_WTX/C1-2_WTX_R1.fastq.gz
C1_2	/g/steinmetz/STOCKS/Data/Assay/sequencing/2025/2025-04-08_AV233002_Moonen_2426516903/Samples/Moonen/C1-2_WTX/C1-2_WTX_R2.fastq.gz
C1_2	/g/steinmetz/STOCKS/Data/Assay/sequencing/2025/2025-04-08_AV233002_Moonen_2426598752/Samples/Moonen/C1-2_gRNA/C1-2_gRNA_R1.fastq.gz
C1_2	/g/steinmetz/STOCKS/Data/Assay/sequencing/2025/2025-04-08_AV233002_Moonen_2426598752/Samples/Moonen/C1-2_gRNA/C1-2_gRNA_R2.fastq.gz
C1_2	/g/steinmetz/STOCKS/Data/Assay/sequencing/2025/2025-04-08_AV233002_Moonen_2426598752/Samples/Moonen/C1-2_WTX/C1-2_WTX_R1.fastq.gz
C1_2	/g/steinmetz/STOCKS/Data/Assay/sequencing/2025/2025-04-08_AV233002_Moonen_2426598752/Samples/Moonen/C1-2_WTX/C1-2_WTX_R2.fastq.gz
C1_2	/g/steinmetz/STOCKS/Data/Assay/sequencing/2025/2025-04-24_AV233002_Moonen_2433626698/Samples/Moonen/C1-2_gRNA/C1-2_gRNA_R1.fastq.gz
C1_2	/g/steinmetz/STOCKS/Data/Assay/sequencing/2025/2025-04-24_AV233002_Moonen_2433626698/Samples/Moonen/C1-2_gRNA/C1-2_gRNA_R2.fastq.gz
C1_2	/g/steinmetz/STOCKS/Data/Assay/sequencing/2025/2025-04-24_AV233002_Moonen_2433626698/Samples/Moonen/C1-2_WTX/C1-2_WTX_R1.fastq.gz
C1_2	/g/steinmetz/STOCKS/Data/Assay/sequencing/2025/2025-04-24_AV233002_Moonen_2433626698/Samples/Moonen/C1-2_WTX/C1-2_WTX_R2.fastq.gz
C1_2	/g/steinmetz/STOCKS/Data/Assay/sequencing/2025/2025-04-26_AV233002_Moonen_2424695947/Samples/Moonen/C1-2_gRNA/C1-2_gRNA_R1.fastq.gz
C1_2	/g/steinmetz/STOCKS/Data/Assay/sequencing/2025/2025-04-26_AV233002_Moonen_2424695947/Samples/Moonen/C1-2_gRNA/C1-2_gRNA_R2.fastq.gz
C1_2	/g/steinmetz/STOCKS/Data/Assay/sequencing/2025/2025-04-26_AV233002_Moonen_2424695947/Samples/Moonen/C1-2_WTX/C1-2_WTX_R1.fastq.gz
C1_2	/g/steinmetz/STOCKS/Data/Assay/sequencing/2025/2025-04-26_AV233002_Moonen_2424695947/Samples/Moonen/C1-2_WTX/C1-2_WTX_R2.fastq.gz
C1_2	/g/steinmetz/STOCKS/Data/Assay/sequencing/2025/2025-04-12_AV233002_Moonen_2430435701/20250412_AV233002_Moonen-25s000392-9/Demultiplexed/Samples/Moonen/C1-2_gRNA/C1-2_gRNA_R1.fastq.gz
C1_2	/g/steinmetz/STOCKS/Data/Assay/sequencing/2025/2025-04-12_AV233002_Moonen_2430435701/20250412_AV233002_Moonen-25s000392-9/Demultiplexed/Samples/Moonen/C1-2_gRNA/C1-2_gRNA_R2.fastq.gz
C1_2	/g/steinmetz/STOCKS/Data/Assay/sequencing/2025/2025-04-12_AV233002_Moonen_2430435701/20250412_AV233002_Moonen-25s000392-9/Demultiplexed/Samples/Moonen/C1-2_WTX/C1-2_WTX_R1.fastq.gz
C1_2	/g/steinmetz/STOCKS/Data/Assay/sequencing/2025/2025-04-12_AV233002_Moonen_2430435701/20250412_AV233002_Moonen-25s000392-9/Demultiplexed/Samples/Moonen/C1-2_WTX/C1-2_WTX_R2.fastq.gz
C1_2	/g/steinmetz/STOCKS/Data/Assay/sequencing/2025/2025-04-13_AV233002_Moonen_2421466698/20250413_AV233002_Moonen-25s000392-12/Demultiplexed/Samples/Moonen/C1-2_gRNA/C1-2_gRNA_R1.fastq.gz
C1_2	/g/steinmetz/STOCKS/Data/Assay/sequencing/2025/2025-04-13_AV233002_Moonen_2421466698/20250413_AV233002_Moonen-25s000392-12/Demultiplexed/Samples/Moonen/C1-2_gRNA/C1-2_gRNA_R2.fastq.gz
C1_2	/g/steinmetz/STOCKS/Data/Assay/sequencing/2025/2025-04-13_AV233002_Moonen_2421466698/20250413_AV233002_Moonen-25s000392-12/Demultiplexed/Samples/Moonen/C1-2_WTX/C1-2_WTX_R1.fastq.gz
C1_2	/g/steinmetz/STOCKS/Data/Assay/sequencing/2025/2025-04-13_AV233002_Moonen_2421466698/20250413_AV233002_Moonen-25s000392-12/Demultiplexed/Samples/Moonen/C1-2_WTX/C1-2_WTX_R2.fastq.gz
C1_2	/g/steinmetz/STOCKS/Data/Assay/sequencing/2025/2025-04-13_AV233002_Moonen_2421493191/20250413_AV233002_Moonen-25s000392-11/Demultiplexed/Samples/Moonen/C1-2_gRNA/C1-2_gRNA_R1.fastq.gz
C1_2	/g/steinmetz/STOCKS/Data/Assay/sequencing/2025/2025-04-13_AV233002_Moonen_2421493191/20250413_AV233002_Moonen-25s000392-11/Demultiplexed/Samples/Moonen/C1-2_gRNA/C1-2_gRNA_R2.fastq.gz
C1_2	/g/steinmetz/STOCKS/Data/Assay/sequencing/2025/2025-04-13_AV233002_Moonen_2421493191/20250413_AV233002_Moonen-25s000392-11/Demultiplexed/Samples/Moonen/C1-2_WTX/C1-2_WTX_R1.fastq.gz
C1_2	/g/steinmetz/STOCKS/Data/Assay/sequencing/2025/2025-04-13_AV233002_Moonen_2421493191/20250413_AV233002_Moonen-25s000392-11/Demultiplexed/Samples/Moonen/C1-2_WTX/C1-2_WTX_R2.fastq.gz
C1_3	/g/steinmetz/STOCKS/Data/Assay/sequencing/2025/2025-04-02_AV233002_Moonen_2422542759/Samples/Moonen/C1-3_gRNA/C1-3_gRNA_R1.fastq.gz
C1_3	/g/steinmetz/STOCKS/Data/Assay/sequencing/2025/2025-04-02_AV233002_Moonen_2422542759/Samples/Moonen/C1-3_gRNA/C1-3_gRNA_R2.fastq.gz
C1_3	/g/steinmetz/STOCKS/Data/Assay/sequencing/2025/2025-04-02_AV233002_Moonen_2422542759/Samples/Moonen/C1-3_WTX/C1-3_WTX_R1.fastq.gz
C1_3	/g/steinmetz/STOCKS/Data/Assay/sequencing/2025/2025-04-02_AV233002_Moonen_2422542759/Samples/Moonen/C1-3_WTX/C1-3_WTX_R2.fastq.gz
C1_3	/g/steinmetz/STOCKS/Data/Assay/sequencing/2025/2025-04-04_AV233002_Moonen_2422595654/Samples/Moonen/C1-3_gRNA/C1-3_gRNA_R1.fastq.gz
C1_3	/g/steinmetz/STOCKS/Data/Assay/sequencing/2025/2025-04-04_AV233002_Moonen_2422595654/Samples/Moonen/C1-3_gRNA/C1-3_gRNA_R2.fastq.gz
C1_3	/g/steinmetz/STOCKS/Data/Assay/sequencing/2025/2025-04-04_AV233002_Moonen_2422595654/Samples/Moonen/C1-3_WTX/C1-3_WTX_R1.fastq.gz
C1_3	/g/steinmetz/STOCKS/Data/Assay/sequencing/2025/2025-04-04_AV233002_Moonen_2422595654/Samples/Moonen/C1-3_WTX/C1-3_WTX_R2.fastq.gz
C1_3	/g/steinmetz/STOCKS/Data/Assay/sequencing/2025/2025-04-05_AV233002_Moonen_2421400426/Samples/Moonen/C1-3_gRNA/C1-3_gRNA_R1.fastq.gz
C1_3	/g/steinmetz/STOCKS/Data/Assay/sequencing/2025/2025-04-05_AV233002_Moonen_2421400426/Samples/Moonen/C1-3_gRNA/C1-3_gRNA_R2.fastq.gz
C1_3	/g/steinmetz/STOCKS/Data/Assay/sequencing/2025/2025-04-05_AV233002_Moonen_2421400426/Samples/Moonen/C1-3_WTX/C1-3_WTX_R1.fastq.gz
C1_3	/g/steinmetz/STOCKS/Data/Assay/sequencing/2025/2025-04-05_AV233002_Moonen_2421400426/Samples/Moonen/C1-3_WTX/C1-3_WTX_R2.fastq.gz
C1_3	/g/steinmetz/STOCKS/Data/Assay/sequencing/2025/2025-04-05_AV233002_Moonen_2426561625/Samples/Moonen/C1-3_gRNA/C1-3_gRNA_R1.fastq.gz
C1_3	/g/steinmetz/STOCKS/Data/Assay/sequencing/2025/2025-04-05_AV233002_Moonen_2426561625/Samples/Moonen/C1-3_gRNA/C1-3_gRNA_R2.fastq.gz
C1_3	/g/steinmetz/STOCKS/Data/Assay/sequencing/2025/2025-04-05_AV233002_Moonen_2426561625/Samples/Moonen/C1-3_WTX/C1-3_WTX_R1.fastq.gz
C1_3	/g/steinmetz/STOCKS/Data/Assay/sequencing/2025/2025-04-05_AV233002_Moonen_2426561625/Samples/Moonen/C1-3_WTX/C1-3_WTX_R2.fastq.gz
C1_3	/g/steinmetz/STOCKS/Data/Assay/sequencing/2025/2025-04-06_AV233002_Moonen_2421441369/Samples/Moonen/C1-3_gRNA/C1-3_gRNA_R1.fastq.gz
C1_3	/g/steinmetz/STOCKS/Data/Assay/sequencing/2025/2025-04-06_AV233002_Moonen_2421441369/Samples/Moonen/C1-3_gRNA/C1-3_gRNA_R2.fastq.gz
C1_3	/g/steinmetz/STOCKS/Data/Assay/sequencing/2025/2025-04-06_AV233002_Moonen_2421441369/Samples/Moonen/C1-3_WTX/C1-3_WTX_R1.fastq.gz
C1_3	/g/steinmetz/STOCKS/Data/Assay/sequencing/2025/2025-04-06_AV233002_Moonen_2421441369/Samples/Moonen/C1-3_WTX/C1-3_WTX_R2.fastq.gz
C1_3	/g/steinmetz/STOCKS/Data/Assay/sequencing/2025/2025-04-06_AV233002_Moonen_2426631276/Samples/Moonen/C1-3_gRNA/C1-3_gRNA_R1.fastq.gz
C1_3	/g/steinmetz/STOCKS/Data/Assay/sequencing/2025/2025-04-06_AV233002_Moonen_2426631276/Samples/Moonen/C1-3_gRNA/C1-3_gRNA_R2.fastq.gz
C1_3	/g/steinmetz/STOCKS/Data/Assay/sequencing/2025/2025-04-06_AV233002_Moonen_2426631276/Samples/Moonen/C1-3_WTX/C1-3_WTX_R1.fastq.gz
C1_3	/g/steinmetz/STOCKS/Data/Assay/sequencing/2025/2025-04-06_AV233002_Moonen_2426631276/Samples/Moonen/C1-3_WTX/C1-3_WTX_R2.fastq.gz
C1_3	/g/steinmetz/STOCKS/Data/Assay/sequencing/2025/2025-04-08_AV233002_Moonen_2426516903/Samples/Moonen/C1-3_gRNA/C1-3_gRNA_R1.fastq.gz
C1_3	/g/steinmetz/STOCKS/Data/Assay/sequencing/2025/2025-04-08_AV233002_Moonen_2426516903/Samples/Moonen/C1-3_gRNA/C1-3_gRNA_R2.fastq.gz
C1_3	/g/steinmetz/STOCKS/Data/Assay/sequencing/2025/2025-04-08_AV233002_Moonen_2426516903/Samples/Moonen/C1-3_WTX/C1-3_WTX_R1.fastq.gz
C1_3	/g/steinmetz/STOCKS/Data/Assay/sequencing/2025/2025-04-08_AV233002_Moonen_2426516903/Samples/Moonen/C1-3_WTX/C1-3_WTX_R2.fastq.gz
C1_3	/g/steinmetz/STOCKS/Data/Assay/sequencing/2025/2025-04-08_AV233002_Moonen_2426598752/Samples/Moonen/C1-3_gRNA/C1-3_gRNA_R1.fastq.gz
C1_3	/g/steinmetz/STOCKS/Data/Assay/sequencing/2025/2025-04-08_AV233002_Moonen_2426598752/Samples/Moonen/C1-3_gRNA/C1-3_gRNA_R2.fastq.gz
C1_3	/g/steinmetz/STOCKS/Data/Assay/sequencing/2025/2025-04-08_AV233002_Moonen_2426598752/Samples/Moonen/C1-3_WTX/C1-3_WTX_R1.fastq.gz
C1_3	/g/steinmetz/STOCKS/Data/Assay/sequencing/2025/2025-04-08_AV233002_Moonen_2426598752/Samples/Moonen/C1-3_WTX/C1-3_WTX_R2.fastq.gz
C1_3	/g/steinmetz/STOCKS/Data/Assay/sequencing/2025/2025-04-24_AV233002_Moonen_2433626698/Samples/Moonen/C1-3_gRNA/C1-3_gRNA_R1.fastq.gz
C1_3	/g/steinmetz/STOCKS/Data/Assay/sequencing/2025/2025-04-24_AV233002_Moonen_2433626698/Samples/Moonen/C1-3_gRNA/C1-3_gRNA_R2.fastq.gz
C1_3	/g/steinmetz/STOCKS/Data/Assay/sequencing/2025/2025-04-24_AV233002_Moonen_2433626698/Samples/Moonen/C1-3_WTX/C1-3_WTX_R1.fastq.gz
C1_3	/g/steinmetz/STOCKS/Data/Assay/sequencing/2025/2025-04-24_AV233002_Moonen_2433626698/Samples/Moonen/C1-3_WTX/C1-3_WTX_R2.fastq.gz
C1_3	/g/steinmetz/STOCKS/Data/Assay/sequencing/2025/2025-04-26_AV233002_Moonen_2424695947/Samples/Moonen/C1-3_gRNA/C1-3_gRNA_R1.fastq.gz
C1_3	/g/steinmetz/STOCKS/Data/Assay/sequencing/2025/2025-04-26_AV233002_Moonen_2424695947/Samples/Moonen/C1-3_gRNA/C1-3_gRNA_R2.fastq.gz
C1_3	/g/steinmetz/STOCKS/Data/Assay/sequencing/2025/2025-04-26_AV233002_Moonen_2424695947/Samples/Moonen/C1-3_WTX/C1-3_WTX_R1.fastq.gz
C1_3	/g/steinmetz/STOCKS/Data/Assay/sequencing/2025/2025-04-26_AV233002_Moonen_2424695947/Samples/Moonen/C1-3_WTX/C1-3_WTX_R2.fastq.gz
C1_3	/g/steinmetz/STOCKS/Data/Assay/sequencing/2025/2025-04-12_AV233002_Moonen_2430435701/20250412_AV233002_Moonen-25s000392-9/Demultiplexed/Samples/Moonen/C1-3_gRNA/C1-3_gRNA_R1.fastq.gz
C1_3	/g/steinmetz/STOCKS/Data/Assay/sequencing/2025/2025-04-12_AV233002_Moonen_2430435701/20250412_AV233002_Moonen-25s000392-9/Demultiplexed/Samples/Moonen/C1-3_gRNA/C1-3_gRNA_R2.fastq.gz
C1_3	/g/steinmetz/STOCKS/Data/Assay/sequencing/2025/2025-04-12_AV233002_Moonen_2430435701/20250412_AV233002_Moonen-25s000392-9/Demultiplexed/Samples/Moonen/C1-3_WTX/C1-3_WTX_R1.fastq.gz
C1_3	/g/steinmetz/STOCKS/Data/Assay/sequencing/2025/2025-04-12_AV233002_Moonen_2430435701/20250412_AV233002_Moonen-25s000392-9/Demultiplexed/Samples/Moonen/C1-3_WTX/C1-3_WTX_R2.fastq.gz
C1_3	/g/steinmetz/STOCKS/Data/Assay/sequencing/2025/2025-04-13_AV233002_Moonen_2421466698/20250413_AV233002_Moonen-25s000392-12/Demultiplexed/Samples/Moonen/C1-3_gRNA/C1-3_gRNA_R1.fastq.gz
C1_3	/g/steinmetz/STOCKS/Data/Assay/sequencing/2025/2025-04-13_AV233002_Moonen_2421466698/20250413_AV233002_Moonen-25s000392-12/Demultiplexed/Samples/Moonen/C1-3_gRNA/C1-3_gRNA_R2.fastq.gz
C1_3	/g/steinmetz/STOCKS/Data/Assay/sequencing/2025/2025-04-13_AV233002_Moonen_2421466698/20250413_AV233002_Moonen-25s000392-12/Demultiplexed/Samples/Moonen/C1-3_WTX/C1-3_WTX_R1.fastq.gz
C1_3	/g/steinmetz/STOCKS/Data/Assay/sequencing/2025/2025-04-13_AV233002_Moonen_2421466698/20250413_AV233002_Moonen-25s000392-12/Demultiplexed/Samples/Moonen/C1-3_WTX/C1-3_WTX_R2.fastq.gz
C1_3	/g/steinmetz/STOCKS/Data/Assay/sequencing/2025/2025-04-13_AV233002_Moonen_2421493191/20250413_AV233002_Moonen-25s000392-11/Demultiplexed/Samples/Moonen/C1-3_gRNA/C1-3_gRNA_R1.fastq.gz
C1_3	/g/steinmetz/STOCKS/Data/Assay/sequencing/2025/2025-04-13_AV233002_Moonen_2421493191/20250413_AV233002_Moonen-25s000392-11/Demultiplexed/Samples/Moonen/C1-3_gRNA/C1-3_gRNA_R2.fastq.gz
C1_3	/g/steinmetz/STOCKS/Data/Assay/sequencing/2025/2025-04-13_AV233002_Moonen_2421493191/20250413_AV233002_Moonen-25s000392-11/Demultiplexed/Samples/Moonen/C1-3_WTX/C1-3_WTX_R1.fastq.gz
C1_3	/g/steinmetz/STOCKS/Data/Assay/sequencing/2025/2025-04-13_AV233002_Moonen_2421493191/20250413_AV233002_Moonen-25s000392-11/Demultiplexed/Samples/Moonen/C1-3_WTX/C1-3_WTX_R2.fastq.gz
C1_4	/g/steinmetz/STOCKS/Data/Assay/sequencing/2025/2025-04-02_AV233002_Moonen_2422542759/Samples/Moonen/C1-4_gRNA/C1-4_gRNA_R1.fastq.gz
C1_4	/g/steinmetz/STOCKS/Data/Assay/sequencing/2025/2025-04-02_AV233002_Moonen_2422542759/Samples/Moonen/C1-4_gRNA/C1-4_gRNA_R2.fastq.gz
C1_4	/g/steinmetz/STOCKS/Data/Assay/sequencing/2025/2025-04-02_AV233002_Moonen_2422542759/Samples/Moonen/C1-4_WTX/C1-4_WTX_R1.fastq.gz
C1_4	/g/steinmetz/STOCKS/Data/Assay/sequencing/2025/2025-04-02_AV233002_Moonen_2422542759/Samples/Moonen/C1-4_WTX/C1-4_WTX_R2.fastq.gz
C1_4	/g/steinmetz/STOCKS/Data/Assay/sequencing/2025/2025-04-04_AV233002_Moonen_2422595654/Samples/Moonen/C1-4_gRNA/C1-4_gRNA_R1.fastq.gz
C1_4	/g/steinmetz/STOCKS/Data/Assay/sequencing/2025/2025-04-04_AV233002_Moonen_2422595654/Samples/Moonen/C1-4_gRNA/C1-4_gRNA_R2.fastq.gz
C1_4	/g/steinmetz/STOCKS/Data/Assay/sequencing/2025/2025-04-04_AV233002_Moonen_2422595654/Samples/Moonen/C1-4_WTX/C1-4_WTX_R1.fastq.gz
C1_4	/g/steinmetz/STOCKS/Data/Assay/sequencing/2025/2025-04-04_AV233002_Moonen_2422595654/Samples/Moonen/C1-4_WTX/C1-4_WTX_R2.fastq.gz
C1_4	/g/steinmetz/STOCKS/Data/Assay/sequencing/2025/2025-04-05_AV233002_Moonen_2421400426/Samples/Moonen/C1-4_gRNA/C1-4_gRNA_R1.fastq.gz
C1_4	/g/steinmetz/STOCKS/Data/Assay/sequencing/2025/2025-04-05_AV233002_Moonen_2421400426/Samples/Moonen/C1-4_gRNA/C1-4_gRNA_R2.fastq.gz
C1_4	/g/steinmetz/STOCKS/Data/Assay/sequencing/2025/2025-04-05_AV233002_Moonen_2421400426/Samples/Moonen/C1-4_WTX/C1-4_WTX_R1.fastq.gz
C1_4	/g/steinmetz/STOCKS/Data/Assay/sequencing/2025/2025-04-05_AV233002_Moonen_2421400426/Samples/Moonen/C1-4_WTX/C1-4_WTX_R2.fastq.gz
C1_4	/g/steinmetz/STOCKS/Data/Assay/sequencing/2025/2025-04-05_AV233002_Moonen_2426561625/Samples/Moonen/C1-4_gRNA/C1-4_gRNA_R1.fastq.gz
C1_4	/g/steinmetz/STOCKS/Data/Assay/sequencing/2025/2025-04-05_AV233002_Moonen_2426561625/Samples/Moonen/C1-4_gRNA/C1-4_gRNA_R2.fastq.gz
C1_4	/g/steinmetz/STOCKS/Data/Assay/sequencing/2025/2025-04-05_AV233002_Moonen_2426561625/Samples/Moonen/C1-4_WTX/C1-4_WTX_R1.fastq.gz
C1_4	/g/steinmetz/STOCKS/Data/Assay/sequencing/2025/2025-04-05_AV233002_Moonen_2426561625/Samples/Moonen/C1-4_WTX/C1-4_WTX_R2.fastq.gz
C1_4	/g/steinmetz/STOCKS/Data/Assay/sequencing/2025/2025-04-06_AV233002_Moonen_2421441369/Samples/Moonen/C1-4_gRNA/C1-4_gRNA_R1.fastq.gz
C1_4	/g/steinmetz/STOCKS/Data/Assay/sequencing/2025/2025-04-06_AV233002_Moonen_2421441369/Samples/Moonen/C1-4_gRNA/C1-4_gRNA_R2.fastq.gz
C1_4	/g/steinmetz/STOCKS/Data/Assay/sequencing/2025/2025-04-06_AV233002_Moonen_2421441369/Samples/Moonen/C1-4_WTX/C1-4_WTX_R1.fastq.gz
C1_4	/g/steinmetz/STOCKS/Data/Assay/sequencing/2025/2025-04-06_AV233002_Moonen_2421441369/Samples/Moonen/C1-4_WTX/C1-4_WTX_R2.fastq.gz
C1_4	/g/steinmetz/STOCKS/Data/Assay/sequencing/2025/2025-04-06_AV233002_Moonen_2426631276/Samples/Moonen/C1-4_gRNA/C1-4_gRNA_R1.fastq.gz
C1_4	/g/steinmetz/STOCKS/Data/Assay/sequencing/2025/2025-04-06_AV233002_Moonen_2426631276/Samples/Moonen/C1-4_gRNA/C1-4_gRNA_R2.fastq.gz
C1_4	/g/steinmetz/STOCKS/Data/Assay/sequencing/2025/2025-04-06_AV233002_Moonen_2426631276/Samples/Moonen/C1-4_WTX/C1-4_WTX_R1.fastq.gz
C1_4	/g/steinmetz/STOCKS/Data/Assay/sequencing/2025/2025-04-06_AV233002_Moonen_2426631276/Samples/Moonen/C1-4_WTX/C1-4_WTX_R2.fastq.gz
C1_4	/g/steinmetz/STOCKS/Data/Assay/sequencing/2025/2025-04-08_AV233002_Moonen_2426516903/Samples/Moonen/C1-4_gRNA/C1-4_gRNA_R1.fastq.gz
C1_4	/g/steinmetz/STOCKS/Data/Assay/sequencing/2025/2025-04-08_AV233002_Moonen_2426516903/Samples/Moonen/C1-4_gRNA/C1-4_gRNA_R2.fastq.gz
C1_4	/g/steinmetz/STOCKS/Data/Assay/sequencing/2025/2025-04-08_AV233002_Moonen_2426516903/Samples/Moonen/C1-4_WTX/C1-4_WTX_R1.fastq.gz
C1_4	/g/steinmetz/STOCKS/Data/Assay/sequencing/2025/2025-04-08_AV233002_Moonen_2426516903/Samples/Moonen/C1-4_WTX/C1-4_WTX_R2.fastq.gz
C1_4	/g/steinmetz/STOCKS/Data/Assay/sequencing/2025/2025-04-08_AV233002_Moonen_2426598752/Samples/Moonen/C1-4_gRNA/C1-4_gRNA_R1.fastq.gz
C1_4	/g/steinmetz/STOCKS/Data/Assay/sequencing/2025/2025-04-08_AV233002_Moonen_2426598752/Samples/Moonen/C1-4_gRNA/C1-4_gRNA_R2.fastq.gz
C1_4	/g/steinmetz/STOCKS/Data/Assay/sequencing/2025/2025-04-08_AV233002_Moonen_2426598752/Samples/Moonen/C1-4_WTX/C1-4_WTX_R1.fastq.gz
C1_4	/g/steinmetz/STOCKS/Data/Assay/sequencing/2025/2025-04-08_AV233002_Moonen_2426598752/Samples/Moonen/C1-4_WTX/C1-4_WTX_R2.fastq.gz
C1_4	/g/steinmetz/STOCKS/Data/Assay/sequencing/2025/2025-04-24_AV233002_Moonen_2433626698/Samples/Moonen/C1-4_gRNA/C1-4_gRNA_R1.fastq.gz
C1_4	/g/steinmetz/STOCKS/Data/Assay/sequencing/2025/2025-04-24_AV233002_Moonen_2433626698/Samples/Moonen/C1-4_gRNA/C1-4_gRNA_R2.fastq.gz
C1_4	/g/steinmetz/STOCKS/Data/Assay/sequencing/2025/2025-04-24_AV233002_Moonen_2433626698/Samples/Moonen/C1-4_WTX/C1-4_WTX_R1.fastq.gz
C1_4	/g/steinmetz/STOCKS/Data/Assay/sequencing/2025/2025-04-24_AV233002_Moonen_2433626698/Samples/Moonen/C1-4_WTX/C1-4_WTX_R2.fastq.gz
C1_4	/g/steinmetz/STOCKS/Data/Assay/sequencing/2025/2025-04-26_AV233002_Moonen_2424695947/Samples/Moonen/C1-4_gRNA/C1-4_gRNA_R1.fastq.gz
C1_4	/g/steinmetz/STOCKS/Data/Assay/sequencing/2025/2025-04-26_AV233002_Moonen_2424695947/Samples/Moonen/C1-4_gRNA/C1-4_gRNA_R2.fastq.gz
C1_4	/g/steinmetz/STOCKS/Data/Assay/sequencing/2025/2025-04-26_AV233002_Moonen_2424695947/Samples/Moonen/C1-4_WTX/C1-4_WTX_R1.fastq.gz
C1_4	/g/steinmetz/STOCKS/Data/Assay/sequencing/2025/2025-04-26_AV233002_Moonen_2424695947/Samples/Moonen/C1-4_WTX/C1-4_WTX_R2.fastq.gz
C1_4	/g/steinmetz/STOCKS/Data/Assay/sequencing/2025/2025-04-12_AV233002_Moonen_2430435701/20250412_AV233002_Moonen-25s000392-9/Demultiplexed/Samples/Moonen/C1-4_gRNA/C1-4_gRNA_R1.fastq.gz
C1_4	/g/steinmetz/STOCKS/Data/Assay/sequencing/2025/2025-04-12_AV233002_Moonen_2430435701/20250412_AV233002_Moonen-25s000392-9/Demultiplexed/Samples/Moonen/C1-4_gRNA/C1-4_gRNA_R2.fastq.gz
C1_4	/g/steinmetz/STOCKS/Data/Assay/sequencing/2025/2025-04-12_AV233002_Moonen_2430435701/20250412_AV233002_Moonen-25s000392-9/Demultiplexed/Samples/Moonen/C1-4_WTX/C1-4_WTX_R1.fastq.gz
C1_4	/g/steinmetz/STOCKS/Data/Assay/sequencing/2025/2025-04-12_AV233002_Moonen_2430435701/20250412_AV233002_Moonen-25s000392-9/Demultiplexed/Samples/Moonen/C1-4_WTX/C1-4_WTX_R2.fastq.gz
C1_4	/g/steinmetz/STOCKS/Data/Assay/sequencing/2025/2025-04-13_AV233002_Moonen_2421466698/20250413_AV233002_Moonen-25s000392-12/Demultiplexed/Samples/Moonen/C1-4_gRNA/C1-4_gRNA_R1.fastq.gz
C1_4	/g/steinmetz/STOCKS/Data/Assay/sequencing/2025/2025-04-13_AV233002_Moonen_2421466698/20250413_AV233002_Moonen-25s000392-12/Demultiplexed/Samples/Moonen/C1-4_gRNA/C1-4_gRNA_R2.fastq.gz
C1_4	/g/steinmetz/STOCKS/Data/Assay/sequencing/2025/2025-04-13_AV233002_Moonen_2421466698/20250413_AV233002_Moonen-25s000392-12/Demultiplexed/Samples/Moonen/C1-4_WTX/C1-4_WTX_R1.fastq.gz
C1_4	/g/steinmetz/STOCKS/Data/Assay/sequencing/2025/2025-04-13_AV233002_Moonen_2421466698/20250413_AV233002_Moonen-25s000392-12/Demultiplexed/Samples/Moonen/C1-4_WTX/C1-4_WTX_R2.fastq.gz
C1_4	/g/steinmetz/STOCKS/Data/Assay/sequencing/2025/2025-04-13_AV233002_Moonen_2421493191/20250413_AV233002_Moonen-25s000392-11/Demultiplexed/Samples/Moonen/C1-4_gRNA/C1-4_gRNA_R1.fastq.gz
C1_4	/g/steinmetz/STOCKS/Data/Assay/sequencing/2025/2025-04-13_AV233002_Moonen_2421493191/20250413_AV233002_Moonen-25s000392-11/Demultiplexed/Samples/Moonen/C1-4_gRNA/C1-4_gRNA_R2.fastq.gz
C1_4	/g/steinmetz/STOCKS/Data/Assay/sequencing/2025/2025-04-13_AV233002_Moonen_2421493191/20250413_AV233002_Moonen-25s000392-11/Demultiplexed/Samples/Moonen/C1-4_WTX/C1-4_WTX_R1.fastq.gz
C1_4	/g/steinmetz/STOCKS/Data/Assay/sequencing/2025/2025-04-13_AV233002_Moonen_2421493191/20250413_AV233002_Moonen-25s000392-11/Demultiplexed/Samples/Moonen/C1-4_WTX/C1-4_WTX_R2.fastq.gz
C1_5	/g/steinmetz/STOCKS/Data/Assay/sequencing/2025/2025-04-02_AV233002_Moonen_2422542759/Samples/Moonen/C1-5_gRNA/C1-5_gRNA_R1.fastq.gz
C1_5	/g/steinmetz/STOCKS/Data/Assay/sequencing/2025/2025-04-02_AV233002_Moonen_2422542759/Samples/Moonen/C1-5_gRNA/C1-5_gRNA_R2.fastq.gz
C1_5	/g/steinmetz/STOCKS/Data/Assay/sequencing/2025/2025-04-02_AV233002_Moonen_2422542759/Samples/Moonen/C1-5_WTX/C1-5_WTX_R1.fastq.gz
C1_5	/g/steinmetz/STOCKS/Data/Assay/sequencing/2025/2025-04-02_AV233002_Moonen_2422542759/Samples/Moonen/C1-5_WTX/C1-5_WTX_R2.fastq.gz
C1_5	/g/steinmetz/STOCKS/Data/Assay/sequencing/2025/2025-04-04_AV233002_Moonen_2422595654/Samples/Moonen/C1-5_gRNA/C1-5_gRNA_R1.fastq.gz
C1_5	/g/steinmetz/STOCKS/Data/Assay/sequencing/2025/2025-04-04_AV233002_Moonen_2422595654/Samples/Moonen/C1-5_gRNA/C1-5_gRNA_R2.fastq.gz
C1_5	/g/steinmetz/STOCKS/Data/Assay/sequencing/2025/2025-04-04_AV233002_Moonen_2422595654/Samples/Moonen/C1-5_WTX/C1-5_WTX_R1.fastq.gz
C1_5	/g/steinmetz/STOCKS/Data/Assay/sequencing/2025/2025-04-04_AV233002_Moonen_2422595654/Samples/Moonen/C1-5_WTX/C1-5_WTX_R2.fastq.gz
C1_5	/g/steinmetz/STOCKS/Data/Assay/sequencing/2025/2025-04-05_AV233002_Moonen_2421400426/Samples/Moonen/C1-5_gRNA/C1-5_gRNA_R1.fastq.gz
C1_5	/g/steinmetz/STOCKS/Data/Assay/sequencing/2025/2025-04-05_AV233002_Moonen_2421400426/Samples/Moonen/C1-5_gRNA/C1-5_gRNA_R2.fastq.gz
C1_5	/g/steinmetz/STOCKS/Data/Assay/sequencing/2025/2025-04-05_AV233002_Moonen_2421400426/Samples/Moonen/C1-5_WTX/C1-5_WTX_R1.fastq.gz
C1_5	/g/steinmetz/STOCKS/Data/Assay/sequencing/2025/2025-04-05_AV233002_Moonen_2421400426/Samples/Moonen/C1-5_WTX/C1-5_WTX_R2.fastq.gz
C1_5	/g/steinmetz/STOCKS/Data/Assay/sequencing/2025/2025-04-05_AV233002_Moonen_2426561625/Samples/Moonen/C1-5_gRNA/C1-5_gRNA_R1.fastq.gz
C1_5	/g/steinmetz/STOCKS/Data/Assay/sequencing/2025/2025-04-05_AV233002_Moonen_2426561625/Samples/Moonen/C1-5_gRNA/C1-5_gRNA_R2.fastq.gz
C1_5	/g/steinmetz/STOCKS/Data/Assay/sequencing/2025/2025-04-05_AV233002_Moonen_2426561625/Samples/Moonen/C1-5_WTX/C1-5_WTX_R1.fastq.gz
C1_5	/g/steinmetz/STOCKS/Data/Assay/sequencing/2025/2025-04-05_AV233002_Moonen_2426561625/Samples/Moonen/C1-5_WTX/C1-5_WTX_R2.fastq.gz
C1_5	/g/steinmetz/STOCKS/Data/Assay/sequencing/2025/2025-04-06_AV233002_Moonen_2421441369/Samples/Moonen/C1-5_gRNA/C1-5_gRNA_R1.fastq.gz
C1_5	/g/steinmetz/STOCKS/Data/Assay/sequencing/2025/2025-04-06_AV233002_Moonen_2421441369/Samples/Moonen/C1-5_gRNA/C1-5_gRNA_R2.fastq.gz
C1_5	/g/steinmetz/STOCKS/Data/Assay/sequencing/2025/2025-04-06_AV233002_Moonen_2421441369/Samples/Moonen/C1-5_WTX/C1-5_WTX_R1.fastq.gz
C1_5	/g/steinmetz/STOCKS/Data/Assay/sequencing/2025/2025-04-06_AV233002_Moonen_2421441369/Samples/Moonen/C1-5_WTX/C1-5_WTX_R2.fastq.gz
C1_5	/g/steinmetz/STOCKS/Data/Assay/sequencing/2025/2025-04-06_AV233002_Moonen_2426631276/Samples/Moonen/C1-5_gRNA/C1-5_gRNA_R1.fastq.gz
C1_5	/g/steinmetz/STOCKS/Data/Assay/sequencing/2025/2025-04-06_AV233002_Moonen_2426631276/Samples/Moonen/C1-5_gRNA/C1-5_gRNA_R2.fastq.gz
C1_5	/g/steinmetz/STOCKS/Data/Assay/sequencing/2025/2025-04-06_AV233002_Moonen_2426631276/Samples/Moonen/C1-5_WTX/C1-5_WTX_R1.fastq.gz
C1_5	/g/steinmetz/STOCKS/Data/Assay/sequencing/2025/2025-04-06_AV233002_Moonen_2426631276/Samples/Moonen/C1-5_WTX/C1-5_WTX_R2.fastq.gz
C1_5	/g/steinmetz/STOCKS/Data/Assay/sequencing/2025/2025-04-08_AV233002_Moonen_2426516903/Samples/Moonen/C1-5_gRNA/C1-5_gRNA_R1.fastq.gz
C1_5	/g/steinmetz/STOCKS/Data/Assay/sequencing/2025/2025-04-08_AV233002_Moonen_2426516903/Samples/Moonen/C1-5_gRNA/C1-5_gRNA_R2.fastq.gz
C1_5	/g/steinmetz/STOCKS/Data/Assay/sequencing/2025/2025-04-08_AV233002_Moonen_2426516903/Samples/Moonen/C1-5_WTX/C1-5_WTX_R1.fastq.gz
C1_5	/g/steinmetz/STOCKS/Data/Assay/sequencing/2025/2025-04-08_AV233002_Moonen_2426516903/Samples/Moonen/C1-5_WTX/C1-5_WTX_R2.fastq.gz
C1_5	/g/steinmetz/STOCKS/Data/Assay/sequencing/2025/2025-04-08_AV233002_Moonen_2426598752/Samples/Moonen/C1-5_gRNA/C1-5_gRNA_R1.fastq.gz
C1_5	/g/steinmetz/STOCKS/Data/Assay/sequencing/2025/2025-04-08_AV233002_Moonen_2426598752/Samples/Moonen/C1-5_gRNA/C1-5_gRNA_R2.fastq.gz
C1_5	/g/steinmetz/STOCKS/Data/Assay/sequencing/2025/2025-04-08_AV233002_Moonen_2426598752/Samples/Moonen/C1-5_WTX/C1-5_WTX_R1.fastq.gz
C1_5	/g/steinmetz/STOCKS/Data/Assay/sequencing/2025/2025-04-08_AV233002_Moonen_2426598752/Samples/Moonen/C1-5_WTX/C1-5_WTX_R2.fastq.gz
C1_5	/g/steinmetz/STOCKS/Data/Assay/sequencing/2025/2025-04-24_AV233002_Moonen_2433626698/Samples/Moonen/C1-5_gRNA/C1-5_gRNA_R1.fastq.gz
C1_5	/g/steinmetz/STOCKS/Data/Assay/sequencing/2025/2025-04-24_AV233002_Moonen_2433626698/Samples/Moonen/C1-5_gRNA/C1-5_gRNA_R2.fastq.gz
C1_5	/g/steinmetz/STOCKS/Data/Assay/sequencing/2025/2025-04-24_AV233002_Moonen_2433626698/Samples/Moonen/C1-5_WTX/C1-5_WTX_R1.fastq.gz
C1_5	/g/steinmetz/STOCKS/Data/Assay/sequencing/2025/2025-04-24_AV233002_Moonen_2433626698/Samples/Moonen/C1-5_WTX/C1-5_WTX_R2.fastq.gz
C1_5	/g/steinmetz/STOCKS/Data/Assay/sequencing/2025/2025-04-26_AV233002_Moonen_2424695947/Samples/Moonen/C1-5_gRNA/C1-5_gRNA_R1.fastq.gz
C1_5	/g/steinmetz/STOCKS/Data/Assay/sequencing/2025/2025-04-26_AV233002_Moonen_2424695947/Samples/Moonen/C1-5_gRNA/C1-5_gRNA_R2.fastq.gz
C1_5	/g/steinmetz/STOCKS/Data/Assay/sequencing/2025/2025-04-26_AV233002_Moonen_2424695947/Samples/Moonen/C1-5_WTX/C1-5_WTX_R1.fastq.gz
C1_5	/g/steinmetz/STOCKS/Data/Assay/sequencing/2025/2025-04-26_AV233002_Moonen_2424695947/Samples/Moonen/C1-5_WTX/C1-5_WTX_R2.fastq.gz
C1_5	/g/steinmetz/STOCKS/Data/Assay/sequencing/2025/2025-04-12_AV233002_Moonen_2430435701/20250412_AV233002_Moonen-25s000392-9/Demultiplexed/Samples/Moonen/C1-5_gRNA/C1-5_gRNA_R1.fastq.gz
C1_5	/g/steinmetz/STOCKS/Data/Assay/sequencing/2025/2025-04-12_AV233002_Moonen_2430435701/20250412_AV233002_Moonen-25s000392-9/Demultiplexed/Samples/Moonen/C1-5_gRNA/C1-5_gRNA_R2.fastq.gz
C1_5	/g/steinmetz/STOCKS/Data/Assay/sequencing/2025/2025-04-12_AV233002_Moonen_2430435701/20250412_AV233002_Moonen-25s000392-9/Demultiplexed/Samples/Moonen/C1-5_WTX/C1-5_WTX_R1.fastq.gz
C1_5	/g/steinmetz/STOCKS/Data/Assay/sequencing/2025/2025-04-12_AV233002_Moonen_2430435701/20250412_AV233002_Moonen-25s000392-9/Demultiplexed/Samples/Moonen/C1-5_WTX/C1-5_WTX_R2.fastq.gz
C1_5	/g/steinmetz/STOCKS/Data/Assay/sequencing/2025/2025-04-13_AV233002_Moonen_2421466698/20250413_AV233002_Moonen-25s000392-12/Demultiplexed/Samples/Moonen/C1-5_gRNA/C1-5_gRNA_R1.fastq.gz
C1_5	/g/steinmetz/STOCKS/Data/Assay/sequencing/2025/2025-04-13_AV233002_Moonen_2421466698/20250413_AV233002_Moonen-25s000392-12/Demultiplexed/Samples/Moonen/C1-5_gRNA/C1-5_gRNA_R2.fastq.gz
C1_5	/g/steinmetz/STOCKS/Data/Assay/sequencing/2025/2025-04-13_AV233002_Moonen_2421466698/20250413_AV233002_Moonen-25s000392-12/Demultiplexed/Samples/Moonen/C1-5_WTX/C1-5_WTX_R1.fastq.gz
C1_5	/g/steinmetz/STOCKS/Data/Assay/sequencing/2025/2025-04-13_AV233002_Moonen_2421466698/20250413_AV233002_Moonen-25s000392-12/Demultiplexed/Samples/Moonen/C1-5_WTX/C1-5_WTX_R2.fastq.gz
C1_5	/g/steinmetz/STOCKS/Data/Assay/sequencing/2025/2025-04-13_AV233002_Moonen_2421493191/20250413_AV233002_Moonen-25s000392-11/Demultiplexed/Samples/Moonen/C1-5_gRNA/C1-5_gRNA_R1.fastq.gz
C1_5	/g/steinmetz/STOCKS/Data/Assay/sequencing/2025/2025-04-13_AV233002_Moonen_2421493191/20250413_AV233002_Moonen-25s000392-11/Demultiplexed/Samples/Moonen/C1-5_gRNA/C1-5_gRNA_R2.fastq.gz
C1_5	/g/steinmetz/STOCKS/Data/Assay/sequencing/2025/2025-04-13_AV233002_Moonen_2421493191/20250413_AV233002_Moonen-25s000392-11/Demultiplexed/Samples/Moonen/C1-5_WTX/C1-5_WTX_R1.fastq.gz
C1_5	/g/steinmetz/STOCKS/Data/Assay/sequencing/2025/2025-04-13_AV233002_Moonen_2421493191/20250413_AV233002_Moonen-25s000392-11/Demultiplexed/Samples/Moonen/C1-5_WTX/C1-5_WTX_R2.fastq.gz
C1_6	/g/steinmetz/STOCKS/Data/Assay/sequencing/2025/2025-04-02_AV233002_Moonen_2422542759/Samples/Moonen/C1-6_gRNA/C1-6_gRNA_R1.fastq.gz
C1_6	/g/steinmetz/STOCKS/Data/Assay/sequencing/2025/2025-04-02_AV233002_Moonen_2422542759/Samples/Moonen/C1-6_gRNA/C1-6_gRNA_R2.fastq.gz
C1_6	/g/steinmetz/STOCKS/Data/Assay/sequencing/2025/2025-04-02_AV233002_Moonen_2422542759/Samples/Moonen/C1-6_WTX/C1-6_WTX_R1.fastq.gz
C1_6	/g/steinmetz/STOCKS/Data/Assay/sequencing/2025/2025-04-02_AV233002_Moonen_2422542759/Samples/Moonen/C1-6_WTX/C1-6_WTX_R2.fastq.gz
C1_6	/g/steinmetz/STOCKS/Data/Assay/sequencing/2025/2025-04-04_AV233002_Moonen_2422595654/Samples/Moonen/C1-6_gRNA/C1-6_gRNA_R1.fastq.gz
C1_6	/g/steinmetz/STOCKS/Data/Assay/sequencing/2025/2025-04-04_AV233002_Moonen_2422595654/Samples/Moonen/C1-6_gRNA/C1-6_gRNA_R2.fastq.gz
C1_6	/g/steinmetz/STOCKS/Data/Assay/sequencing/2025/2025-04-04_AV233002_Moonen_2422595654/Samples/Moonen/C1-6_WTX/C1-6_WTX_R1.fastq.gz
C1_6	/g/steinmetz/STOCKS/Data/Assay/sequencing/2025/2025-04-04_AV233002_Moonen_2422595654/Samples/Moonen/C1-6_WTX/C1-6_WTX_R2.fastq.gz
C1_6	/g/steinmetz/STOCKS/Data/Assay/sequencing/2025/2025-04-05_AV233002_Moonen_2421400426/Samples/Moonen/C1-6_gRNA/C1-6_gRNA_R1.fastq.gz
C1_6	/g/steinmetz/STOCKS/Data/Assay/sequencing/2025/2025-04-05_AV233002_Moonen_2421400426/Samples/Moonen/C1-6_gRNA/C1-6_gRNA_R2.fastq.gz
C1_6	/g/steinmetz/STOCKS/Data/Assay/sequencing/2025/2025-04-05_AV233002_Moonen_2421400426/Samples/Moonen/C1-6_WTX/C1-6_WTX_R1.fastq.gz
C1_6	/g/steinmetz/STOCKS/Data/Assay/sequencing/2025/2025-04-05_AV233002_Moonen_2421400426/Samples/Moonen/C1-6_WTX/C1-6_WTX_R2.fastq.gz
C1_6	/g/steinmetz/STOCKS/Data/Assay/sequencing/2025/2025-04-05_AV233002_Moonen_2426561625/Samples/Moonen/C1-6_gRNA/C1-6_gRNA_R1.fastq.gz
C1_6	/g/steinmetz/STOCKS/Data/Assay/sequencing/2025/2025-04-05_AV233002_Moonen_2426561625/Samples/Moonen/C1-6_gRNA/C1-6_gRNA_R2.fastq.gz
C1_6	/g/steinmetz/STOCKS/Data/Assay/sequencing/2025/2025-04-05_AV233002_Moonen_2426561625/Samples/Moonen/C1-6_WTX/C1-6_WTX_R1.fastq.gz
C1_6	/g/steinmetz/STOCKS/Data/Assay/sequencing/2025/2025-04-05_AV233002_Moonen_2426561625/Samples/Moonen/C1-6_WTX/C1-6_WTX_R2.fastq.gz
C1_6	/g/steinmetz/STOCKS/Data/Assay/sequencing/2025/2025-04-06_AV233002_Moonen_2421441369/Samples/Moonen/C1-6_gRNA/C1-6_gRNA_R1.fastq.gz
C1_6	/g/steinmetz/STOCKS/Data/Assay/sequencing/2025/2025-04-06_AV233002_Moonen_2421441369/Samples/Moonen/C1-6_gRNA/C1-6_gRNA_R2.fastq.gz
C1_6	/g/steinmetz/STOCKS/Data/Assay/sequencing/2025/2025-04-06_AV233002_Moonen_2421441369/Samples/Moonen/C1-6_WTX/C1-6_WTX_R1.fastq.gz
C1_6	/g/steinmetz/STOCKS/Data/Assay/sequencing/2025/2025-04-06_AV233002_Moonen_2421441369/Samples/Moonen/C1-6_WTX/C1-6_WTX_R2.fastq.gz
C1_6	/g/steinmetz/STOCKS/Data/Assay/sequencing/2025/2025-04-06_AV233002_Moonen_2426631276/Samples/Moonen/C1-6_gRNA/C1-6_gRNA_R1.fastq.gz
C1_6	/g/steinmetz/STOCKS/Data/Assay/sequencing/2025/2025-04-06_AV233002_Moonen_2426631276/Samples/Moonen/C1-6_gRNA/C1-6_gRNA_R2.fastq.gz
C1_6	/g/steinmetz/STOCKS/Data/Assay/sequencing/2025/2025-04-06_AV233002_Moonen_2426631276/Samples/Moonen/C1-6_WTX/C1-6_WTX_R1.fastq.gz
C1_6	/g/steinmetz/STOCKS/Data/Assay/sequencing/2025/2025-04-06_AV233002_Moonen_2426631276/Samples/Moonen/C1-6_WTX/C1-6_WTX_R2.fastq.gz
C1_6	/g/steinmetz/STOCKS/Data/Assay/sequencing/2025/2025-04-08_AV233002_Moonen_2426516903/Samples/Moonen/C1-6_gRNA/C1-6_gRNA_R1.fastq.gz
C1_6	/g/steinmetz/STOCKS/Data/Assay/sequencing/2025/2025-04-08_AV233002_Moonen_2426516903/Samples/Moonen/C1-6_gRNA/C1-6_gRNA_R2.fastq.gz
C1_6	/g/steinmetz/STOCKS/Data/Assay/sequencing/2025/2025-04-08_AV233002_Moonen_2426516903/Samples/Moonen/C1-6_WTX/C1-6_WTX_R1.fastq.gz
C1_6	/g/steinmetz/STOCKS/Data/Assay/sequencing/2025/2025-04-08_AV233002_Moonen_2426516903/Samples/Moonen/C1-6_WTX/C1-6_WTX_R2.fastq.gz
C1_6	/g/steinmetz/STOCKS/Data/Assay/sequencing/2025/2025-04-08_AV233002_Moonen_2426598752/Samples/Moonen/C1-6_gRNA/C1-6_gRNA_R1.fastq.gz
C1_6	/g/steinmetz/STOCKS/Data/Assay/sequencing/2025/2025-04-08_AV233002_Moonen_2426598752/Samples/Moonen/C1-6_gRNA/C1-6_gRNA_R2.fastq.gz
C1_6	/g/steinmetz/STOCKS/Data/Assay/sequencing/2025/2025-04-08_AV233002_Moonen_2426598752/Samples/Moonen/C1-6_WTX/C1-6_WTX_R1.fastq.gz
C1_6	/g/steinmetz/STOCKS/Data/Assay/sequencing/2025/2025-04-08_AV233002_Moonen_2426598752/Samples/Moonen/C1-6_WTX/C1-6_WTX_R2.fastq.gz
C1_6	/g/steinmetz/STOCKS/Data/Assay/sequencing/2025/2025-04-24_AV233002_Moonen_2433626698/Samples/Moonen/C1-6_gRNA/C1-6_gRNA_R1.fastq.gz
C1_6	/g/steinmetz/STOCKS/Data/Assay/sequencing/2025/2025-04-24_AV233002_Moonen_2433626698/Samples/Moonen/C1-6_gRNA/C1-6_gRNA_R2.fastq.gz
C1_6	/g/steinmetz/STOCKS/Data/Assay/sequencing/2025/2025-04-24_AV233002_Moonen_2433626698/Samples/Moonen/C1-6_WTX/C1-6_WTX_R1.fastq.gz
C1_6	/g/steinmetz/STOCKS/Data/Assay/sequencing/2025/2025-04-24_AV233002_Moonen_2433626698/Samples/Moonen/C1-6_WTX/C1-6_WTX_R2.fastq.gz
C1_6	/g/steinmetz/STOCKS/Data/Assay/sequencing/2025/2025-04-26_AV233002_Moonen_2424695947/Samples/Moonen/C1-6_gRNA/C1-6_gRNA_R1.fastq.gz
C1_6	/g/steinmetz/STOCKS/Data/Assay/sequencing/2025/2025-04-26_AV233002_Moonen_2424695947/Samples/Moonen/C1-6_gRNA/C1-6_gRNA_R2.fastq.gz
C1_6	/g/steinmetz/STOCKS/Data/Assay/sequencing/2025/2025-04-26_AV233002_Moonen_2424695947/Samples/Moonen/C1-6_WTX/C1-6_WTX_R1.fastq.gz
C1_6	/g/steinmetz/STOCKS/Data/Assay/sequencing/2025/2025-04-26_AV233002_Moonen_2424695947/Samples/Moonen/C1-6_WTX/C1-6_WTX_R2.fastq.gz
C1_6	/g/steinmetz/STOCKS/Data/Assay/sequencing/2025/2025-04-12_AV233002_Moonen_2430435701/20250412_AV233002_Moonen-25s000392-9/Demultiplexed/Samples/Moonen/C1-6_gRNA/C1-6_gRNA_R1.fastq.gz
C1_6	/g/steinmetz/STOCKS/Data/Assay/sequencing/2025/2025-04-12_AV233002_Moonen_2430435701/20250412_AV233002_Moonen-25s000392-9/Demultiplexed/Samples/Moonen/C1-6_gRNA/C1-6_gRNA_R2.fastq.gz
C1_6	/g/steinmetz/STOCKS/Data/Assay/sequencing/2025/2025-04-12_AV233002_Moonen_2430435701/20250412_AV233002_Moonen-25s000392-9/Demultiplexed/Samples/Moonen/C1-6_WTX/C1-6_WTX_R1.fastq.gz
C1_6	/g/steinmetz/STOCKS/Data/Assay/sequencing/2025/2025-04-12_AV233002_Moonen_2430435701/20250412_AV233002_Moonen-25s000392-9/Demultiplexed/Samples/Moonen/C1-6_WTX/C1-6_WTX_R2.fastq.gz
C1_6	/g/steinmetz/STOCKS/Data/Assay/sequencing/2025/2025-04-13_AV233002_Moonen_2421466698/20250413_AV233002_Moonen-25s000392-12/Demultiplexed/Samples/Moonen/C1-6_gRNA/C1-6_gRNA_R1.fastq.gz
C1_6	/g/steinmetz/STOCKS/Data/Assay/sequencing/2025/2025-04-13_AV233002_Moonen_2421466698/20250413_AV233002_Moonen-25s000392-12/Demultiplexed/Samples/Moonen/C1-6_gRNA/C1-6_gRNA_R2.fastq.gz
C1_6	/g/steinmetz/STOCKS/Data/Assay/sequencing/2025/2025-04-13_AV233002_Moonen_2421466698/20250413_AV233002_Moonen-25s000392-12/Demultiplexed/Samples/Moonen/C1-6_WTX/C1-6_WTX_R1.fastq.gz
C1_6	/g/steinmetz/STOCKS/Data/Assay/sequencing/2025/2025-04-13_AV233002_Moonen_2421466698/20250413_AV233002_Moonen-25s000392-12/Demultiplexed/Samples/Moonen/C1-6_WTX/C1-6_WTX_R2.fastq.gz
C1_6	/g/steinmetz/STOCKS/Data/Assay/sequencing/2025/2025-04-13_AV233002_Moonen_2421493191/20250413_AV233002_Moonen-25s000392-11/Demultiplexed/Samples/Moonen/C1-6_gRNA/C1-6_gRNA_R1.fastq.gz
C1_6	/g/steinmetz/STOCKS/Data/Assay/sequencing/2025/2025-04-13_AV233002_Moonen_2421493191/20250413_AV233002_Moonen-25s000392-11/Demultiplexed/Samples/Moonen/C1-6_gRNA/C1-6_gRNA_R2.fastq.gz
C1_6	/g/steinmetz/STOCKS/Data/Assay/sequencing/2025/2025-04-13_AV233002_Moonen_2421493191/20250413_AV233002_Moonen-25s000392-11/Demultiplexed/Samples/Moonen/C1-6_WTX/C1-6_WTX_R1.fastq.gz
C1_6	/g/steinmetz/STOCKS/Data/Assay/sequencing/2025/2025-04-13_AV233002_Moonen_2421493191/20250413_AV233002_Moonen-25s000392-11/Demultiplexed/Samples/Moonen/C1-6_WTX/C1-6_WTX_R2.fastq.gz
C1_7	/g/steinmetz/STOCKS/Data/Assay/sequencing/2025/2025-04-02_AV233002_Moonen_2422542759/Samples/Moonen/C1-7_gRNA/C1-7_gRNA_R1.fastq.gz
C1_7	/g/steinmetz/STOCKS/Data/Assay/sequencing/2025/2025-04-02_AV233002_Moonen_2422542759/Samples/Moonen/C1-7_gRNA/C1-7_gRNA_R2.fastq.gz
C1_7	/g/steinmetz/STOCKS/Data/Assay/sequencing/2025/2025-04-02_AV233002_Moonen_2422542759/Samples/Moonen/C1-7_WTX/C1-7_WTX_R1.fastq.gz
C1_7	/g/steinmetz/STOCKS/Data/Assay/sequencing/2025/2025-04-02_AV233002_Moonen_2422542759/Samples/Moonen/C1-7_WTX/C1-7_WTX_R2.fastq.gz
C1_7	/g/steinmetz/STOCKS/Data/Assay/sequencing/2025/2025-04-04_AV233002_Moonen_2422595654/Samples/Moonen/C1-7_gRNA/C1-7_gRNA_R1.fastq.gz
C1_7	/g/steinmetz/STOCKS/Data/Assay/sequencing/2025/2025-04-04_AV233002_Moonen_2422595654/Samples/Moonen/C1-7_gRNA/C1-7_gRNA_R2.fastq.gz
C1_7	/g/steinmetz/STOCKS/Data/Assay/sequencing/2025/2025-04-04_AV233002_Moonen_2422595654/Samples/Moonen/C1-7_WTX/C1-7_WTX_R1.fastq.gz
C1_7	/g/steinmetz/STOCKS/Data/Assay/sequencing/2025/2025-04-04_AV233002_Moonen_2422595654/Samples/Moonen/C1-7_WTX/C1-7_WTX_R2.fastq.gz
C1_7	/g/steinmetz/STOCKS/Data/Assay/sequencing/2025/2025-04-05_AV233002_Moonen_2421400426/Samples/Moonen/C1-7_gRNA/C1-7_gRNA_R1.fastq.gz
C1_7	/g/steinmetz/STOCKS/Data/Assay/sequencing/2025/2025-04-05_AV233002_Moonen_2421400426/Samples/Moonen/C1-7_gRNA/C1-7_gRNA_R2.fastq.gz
C1_7	/g/steinmetz/STOCKS/Data/Assay/sequencing/2025/2025-04-05_AV233002_Moonen_2421400426/Samples/Moonen/C1-7_WTX/C1-7_WTX_R1.fastq.gz
C1_7	/g/steinmetz/STOCKS/Data/Assay/sequencing/2025/2025-04-05_AV233002_Moonen_2421400426/Samples/Moonen/C1-7_WTX/C1-7_WTX_R2.fastq.gz
C1_7	/g/steinmetz/STOCKS/Data/Assay/sequencing/2025/2025-04-05_AV233002_Moonen_2426561625/Samples/Moonen/C1-7_gRNA/C1-7_gRNA_R1.fastq.gz
C1_7	/g/steinmetz/STOCKS/Data/Assay/sequencing/2025/2025-04-05_AV233002_Moonen_2426561625/Samples/Moonen/C1-7_gRNA/C1-7_gRNA_R2.fastq.gz
C1_7	/g/steinmetz/STOCKS/Data/Assay/sequencing/2025/2025-04-05_AV233002_Moonen_2426561625/Samples/Moonen/C1-7_WTX/C1-7_WTX_R1.fastq.gz
C1_7	/g/steinmetz/STOCKS/Data/Assay/sequencing/2025/2025-04-05_AV233002_Moonen_2426561625/Samples/Moonen/C1-7_WTX/C1-7_WTX_R2.fastq.gz
C1_7	/g/steinmetz/STOCKS/Data/Assay/sequencing/2025/2025-04-06_AV233002_Moonen_2421441369/Samples/Moonen/C1-7_gRNA/C1-7_gRNA_R1.fastq.gz
C1_7	/g/steinmetz/STOCKS/Data/Assay/sequencing/2025/2025-04-06_AV233002_Moonen_2421441369/Samples/Moonen/C1-7_gRNA/C1-7_gRNA_R2.fastq.gz
C1_7	/g/steinmetz/STOCKS/Data/Assay/sequencing/2025/2025-04-06_AV233002_Moonen_2421441369/Samples/Moonen/C1-7_WTX/C1-7_WTX_R1.fastq.gz
C1_7	/g/steinmetz/STOCKS/Data/Assay/sequencing/2025/2025-04-06_AV233002_Moonen_2421441369/Samples/Moonen/C1-7_WTX/C1-7_WTX_R2.fastq.gz
C1_7	/g/steinmetz/STOCKS/Data/Assay/sequencing/2025/2025-04-06_AV233002_Moonen_2426631276/Samples/Moonen/C1-7_gRNA/C1-7_gRNA_R1.fastq.gz
C1_7	/g/steinmetz/STOCKS/Data/Assay/sequencing/2025/2025-04-06_AV233002_Moonen_2426631276/Samples/Moonen/C1-7_gRNA/C1-7_gRNA_R2.fastq.gz
C1_7	/g/steinmetz/STOCKS/Data/Assay/sequencing/2025/2025-04-06_AV233002_Moonen_2426631276/Samples/Moonen/C1-7_WTX/C1-7_WTX_R1.fastq.gz
C1_7	/g/steinmetz/STOCKS/Data/Assay/sequencing/2025/2025-04-06_AV233002_Moonen_2426631276/Samples/Moonen/C1-7_WTX/C1-7_WTX_R2.fastq.gz
C1_7	/g/steinmetz/STOCKS/Data/Assay/sequencing/2025/2025-04-08_AV233002_Moonen_2426516903/Samples/Moonen/C1-7_gRNA/C1-7_gRNA_R1.fastq.gz
C1_7	/g/steinmetz/STOCKS/Data/Assay/sequencing/2025/2025-04-08_AV233002_Moonen_2426516903/Samples/Moonen/C1-7_gRNA/C1-7_gRNA_R2.fastq.gz
C1_7	/g/steinmetz/STOCKS/Data/Assay/sequencing/2025/2025-04-08_AV233002_Moonen_2426516903/Samples/Moonen/C1-7_WTX/C1-7_WTX_R1.fastq.gz
C1_7	/g/steinmetz/STOCKS/Data/Assay/sequencing/2025/2025-04-08_AV233002_Moonen_2426516903/Samples/Moonen/C1-7_WTX/C1-7_WTX_R2.fastq.gz
C1_7	/g/steinmetz/STOCKS/Data/Assay/sequencing/2025/2025-04-08_AV233002_Moonen_2426598752/Samples/Moonen/C1-7_gRNA/C1-7_gRNA_R1.fastq.gz
C1_7	/g/steinmetz/STOCKS/Data/Assay/sequencing/2025/2025-04-08_AV233002_Moonen_2426598752/Samples/Moonen/C1-7_gRNA/C1-7_gRNA_R2.fastq.gz
C1_7	/g/steinmetz/STOCKS/Data/Assay/sequencing/2025/2025-04-08_AV233002_Moonen_2426598752/Samples/Moonen/C1-7_WTX/C1-7_WTX_R1.fastq.gz
C1_7	/g/steinmetz/STOCKS/Data/Assay/sequencing/2025/2025-04-08_AV233002_Moonen_2426598752/Samples/Moonen/C1-7_WTX/C1-7_WTX_R2.fastq.gz
C1_7	/g/steinmetz/STOCKS/Data/Assay/sequencing/2025/2025-04-24_AV233002_Moonen_2433626698/Samples/Moonen/C1-7_gRNA/C1-7_gRNA_R1.fastq.gz
C1_7	/g/steinmetz/STOCKS/Data/Assay/sequencing/2025/2025-04-24_AV233002_Moonen_2433626698/Samples/Moonen/C1-7_gRNA/C1-7_gRNA_R2.fastq.gz
C1_7	/g/steinmetz/STOCKS/Data/Assay/sequencing/2025/2025-04-24_AV233002_Moonen_2433626698/Samples/Moonen/C1-7_WTX/C1-7_WTX_R1.fastq.gz
C1_7	/g/steinmetz/STOCKS/Data/Assay/sequencing/2025/2025-04-24_AV233002_Moonen_2433626698/Samples/Moonen/C1-7_WTX/C1-7_WTX_R2.fastq.gz
C1_7	/g/steinmetz/STOCKS/Data/Assay/sequencing/2025/2025-04-26_AV233002_Moonen_2424695947/Samples/Moonen/C1-7_gRNA/C1-7_gRNA_R1.fastq.gz
C1_7	/g/steinmetz/STOCKS/Data/Assay/sequencing/2025/2025-04-26_AV233002_Moonen_2424695947/Samples/Moonen/C1-7_gRNA/C1-7_gRNA_R2.fastq.gz
C1_7	/g/steinmetz/STOCKS/Data/Assay/sequencing/2025/2025-04-26_AV233002_Moonen_2424695947/Samples/Moonen/C1-7_WTX/C1-7_WTX_R1.fastq.gz
C1_7	/g/steinmetz/STOCKS/Data/Assay/sequencing/2025/2025-04-26_AV233002_Moonen_2424695947/Samples/Moonen/C1-7_WTX/C1-7_WTX_R2.fastq.gz
C1_7	/g/steinmetz/STOCKS/Data/Assay/sequencing/2025/2025-04-12_AV233002_Moonen_2430435701/20250412_AV233002_Moonen-25s000392-9/Demultiplexed/Samples/Moonen/C1-7_gRNA/C1-7_gRNA_R1.fastq.gz
C1_7	/g/steinmetz/STOCKS/Data/Assay/sequencing/2025/2025-04-12_AV233002_Moonen_2430435701/20250412_AV233002_Moonen-25s000392-9/Demultiplexed/Samples/Moonen/C1-7_gRNA/C1-7_gRNA_R2.fastq.gz
C1_7	/g/steinmetz/STOCKS/Data/Assay/sequencing/2025/2025-04-12_AV233002_Moonen_2430435701/20250412_AV233002_Moonen-25s000392-9/Demultiplexed/Samples/Moonen/C1-7_WTX/C1-7_WTX_R1.fastq.gz
C1_7	/g/steinmetz/STOCKS/Data/Assay/sequencing/2025/2025-04-12_AV233002_Moonen_2430435701/20250412_AV233002_Moonen-25s000392-9/Demultiplexed/Samples/Moonen/C1-7_WTX/C1-7_WTX_R2.fastq.gz
C1_7	/g/steinmetz/STOCKS/Data/Assay/sequencing/2025/2025-04-13_AV233002_Moonen_2421466698/20250413_AV233002_Moonen-25s000392-12/Demultiplexed/Samples/Moonen/C1-7_gRNA/C1-7_gRNA_R1.fastq.gz
C1_7	/g/steinmetz/STOCKS/Data/Assay/sequencing/2025/2025-04-13_AV233002_Moonen_2421466698/20250413_AV233002_Moonen-25s000392-12/Demultiplexed/Samples/Moonen/C1-7_gRNA/C1-7_gRNA_R2.fastq.gz
C1_7	/g/steinmetz/STOCKS/Data/Assay/sequencing/2025/2025-04-13_AV233002_Moonen_2421466698/20250413_AV233002_Moonen-25s000392-12/Demultiplexed/Samples/Moonen/C1-7_WTX/C1-7_WTX_R1.fastq.gz
C1_7	/g/steinmetz/STOCKS/Data/Assay/sequencing/2025/2025-04-13_AV233002_Moonen_2421466698/20250413_AV233002_Moonen-25s000392-12/Demultiplexed/Samples/Moonen/C1-7_WTX/C1-7_WTX_R2.fastq.gz
C1_7	/g/steinmetz/STOCKS/Data/Assay/sequencing/2025/2025-04-13_AV233002_Moonen_2421493191/20250413_AV233002_Moonen-25s000392-11/Demultiplexed/Samples/Moonen/C1-7_gRNA/C1-7_gRNA_R1.fastq.gz
C1_7	/g/steinmetz/STOCKS/Data/Assay/sequencing/2025/2025-04-13_AV233002_Moonen_2421493191/20250413_AV233002_Moonen-25s000392-11/Demultiplexed/Samples/Moonen/C1-7_gRNA/C1-7_gRNA_R2.fastq.gz
C1_7	/g/steinmetz/STOCKS/Data/Assay/sequencing/2025/2025-04-13_AV233002_Moonen_2421493191/20250413_AV233002_Moonen-25s000392-11/Demultiplexed/Samples/Moonen/C1-7_WTX/C1-7_WTX_R1.fastq.gz
C1_7	/g/steinmetz/STOCKS/Data/Assay/sequencing/2025/2025-04-13_AV233002_Moonen_2421493191/20250413_AV233002_Moonen-25s000392-11/Demultiplexed/Samples/Moonen/C1-7_WTX/C1-7_WTX_R2.fastq.gz
C1_8	/g/steinmetz/STOCKS/Data/Assay/sequencing/2025/2025-04-02_AV233002_Moonen_2422542759/Samples/Moonen/C1-8_gRNA/C1-8_gRNA_R1.fastq.gz
C1_8	/g/steinmetz/STOCKS/Data/Assay/sequencing/2025/2025-04-02_AV233002_Moonen_2422542759/Samples/Moonen/C1-8_gRNA/C1-8_gRNA_R2.fastq.gz
C1_8	/g/steinmetz/STOCKS/Data/Assay/sequencing/2025/2025-04-02_AV233002_Moonen_2422542759/Samples/Moonen/C1-8_WTX/C1-8_WTX_R1.fastq.gz
C1_8	/g/steinmetz/STOCKS/Data/Assay/sequencing/2025/2025-04-02_AV233002_Moonen_2422542759/Samples/Moonen/C1-8_WTX/C1-8_WTX_R2.fastq.gz
C1_8	/g/steinmetz/STOCKS/Data/Assay/sequencing/2025/2025-04-04_AV233002_Moonen_2422595654/Samples/Moonen/C1-8_gRNA/C1-8_gRNA_R1.fastq.gz
C1_8	/g/steinmetz/STOCKS/Data/Assay/sequencing/2025/2025-04-04_AV233002_Moonen_2422595654/Samples/Moonen/C1-8_gRNA/C1-8_gRNA_R2.fastq.gz
C1_8	/g/steinmetz/STOCKS/Data/Assay/sequencing/2025/2025-04-04_AV233002_Moonen_2422595654/Samples/Moonen/C1-8_WTX/C1-8_WTX_R1.fastq.gz
C1_8	/g/steinmetz/STOCKS/Data/Assay/sequencing/2025/2025-04-04_AV233002_Moonen_2422595654/Samples/Moonen/C1-8_WTX/C1-8_WTX_R2.fastq.gz
C1_8	/g/steinmetz/STOCKS/Data/Assay/sequencing/2025/2025-04-05_AV233002_Moonen_2421400426/Samples/Moonen/C1-8_gRNA/C1-8_gRNA_R1.fastq.gz
C1_8	/g/steinmetz/STOCKS/Data/Assay/sequencing/2025/2025-04-05_AV233002_Moonen_2421400426/Samples/Moonen/C1-8_gRNA/C1-8_gRNA_R2.fastq.gz
C1_8	/g/steinmetz/STOCKS/Data/Assay/sequencing/2025/2025-04-05_AV233002_Moonen_2421400426/Samples/Moonen/C1-8_WTX/C1-8_WTX_R1.fastq.gz
C1_8	/g/steinmetz/STOCKS/Data/Assay/sequencing/2025/2025-04-05_AV233002_Moonen_2421400426/Samples/Moonen/C1-8_WTX/C1-8_WTX_R2.fastq.gz
C1_8	/g/steinmetz/STOCKS/Data/Assay/sequencing/2025/2025-04-05_AV233002_Moonen_2426561625/Samples/Moonen/C1-8_gRNA/C1-8_gRNA_R1.fastq.gz
C1_8	/g/steinmetz/STOCKS/Data/Assay/sequencing/2025/2025-04-05_AV233002_Moonen_2426561625/Samples/Moonen/C1-8_gRNA/C1-8_gRNA_R2.fastq.gz
C1_8	/g/steinmetz/STOCKS/Data/Assay/sequencing/2025/2025-04-05_AV233002_Moonen_2426561625/Samples/Moonen/C1-8_WTX/C1-8_WTX_R1.fastq.gz
C1_8	/g/steinmetz/STOCKS/Data/Assay/sequencing/2025/2025-04-05_AV233002_Moonen_2426561625/Samples/Moonen/C1-8_WTX/C1-8_WTX_R2.fastq.gz
C1_8	/g/steinmetz/STOCKS/Data/Assay/sequencing/2025/2025-04-06_AV233002_Moonen_2421441369/Samples/Moonen/C1-8_gRNA/C1-8_gRNA_R1.fastq.gz
C1_8	/g/steinmetz/STOCKS/Data/Assay/sequencing/2025/2025-04-06_AV233002_Moonen_2421441369/Samples/Moonen/C1-8_gRNA/C1-8_gRNA_R2.fastq.gz
C1_8	/g/steinmetz/STOCKS/Data/Assay/sequencing/2025/2025-04-06_AV233002_Moonen_2421441369/Samples/Moonen/C1-8_WTX/C1-8_WTX_R1.fastq.gz
C1_8	/g/steinmetz/STOCKS/Data/Assay/sequencing/2025/2025-04-06_AV233002_Moonen_2421441369/Samples/Moonen/C1-8_WTX/C1-8_WTX_R2.fastq.gz
C1_8	/g/steinmetz/STOCKS/Data/Assay/sequencing/2025/2025-04-06_AV233002_Moonen_2426631276/Samples/Moonen/C1-8_gRNA/C1-8_gRNA_R1.fastq.gz
C1_8	/g/steinmetz/STOCKS/Data/Assay/sequencing/2025/2025-04-06_AV233002_Moonen_2426631276/Samples/Moonen/C1-8_gRNA/C1-8_gRNA_R2.fastq.gz
C1_8	/g/steinmetz/STOCKS/Data/Assay/sequencing/2025/2025-04-06_AV233002_Moonen_2426631276/Samples/Moonen/C1-8_WTX/C1-8_WTX_R1.fastq.gz
C1_8	/g/steinmetz/STOCKS/Data/Assay/sequencing/2025/2025-04-06_AV233002_Moonen_2426631276/Samples/Moonen/C1-8_WTX/C1-8_WTX_R2.fastq.gz
C1_8	/g/steinmetz/STOCKS/Data/Assay/sequencing/2025/2025-04-08_AV233002_Moonen_2426516903/Samples/Moonen/C1-8_gRNA/C1-8_gRNA_R1.fastq.gz
C1_8	/g/steinmetz/STOCKS/Data/Assay/sequencing/2025/2025-04-08_AV233002_Moonen_2426516903/Samples/Moonen/C1-8_gRNA/C1-8_gRNA_R2.fastq.gz
C1_8	/g/steinmetz/STOCKS/Data/Assay/sequencing/2025/2025-04-08_AV233002_Moonen_2426516903/Samples/Moonen/C1-8_WTX/C1-8_WTX_R1.fastq.gz
C1_8	/g/steinmetz/STOCKS/Data/Assay/sequencing/2025/2025-04-08_AV233002_Moonen_2426516903/Samples/Moonen/C1-8_WTX/C1-8_WTX_R2.fastq.gz
C1_8	/g/steinmetz/STOCKS/Data/Assay/sequencing/2025/2025-04-08_AV233002_Moonen_2426598752/Samples/Moonen/C1-8_gRNA/C1-8_gRNA_R1.fastq.gz
C1_8	/g/steinmetz/STOCKS/Data/Assay/sequencing/2025/2025-04-08_AV233002_Moonen_2426598752/Samples/Moonen/C1-8_gRNA/C1-8_gRNA_R2.fastq.gz
C1_8	/g/steinmetz/STOCKS/Data/Assay/sequencing/2025/2025-04-08_AV233002_Moonen_2426598752/Samples/Moonen/C1-8_WTX/C1-8_WTX_R1.fastq.gz
C1_8	/g/steinmetz/STOCKS/Data/Assay/sequencing/2025/2025-04-08_AV233002_Moonen_2426598752/Samples/Moonen/C1-8_WTX/C1-8_WTX_R2.fastq.gz
C1_8	/g/steinmetz/STOCKS/Data/Assay/sequencing/2025/2025-04-24_AV233002_Moonen_2433626698/Samples/Moonen/C1-8_gRNA/C1-8_gRNA_R1.fastq.gz
C1_8	/g/steinmetz/STOCKS/Data/Assay/sequencing/2025/2025-04-24_AV233002_Moonen_2433626698/Samples/Moonen/C1-8_gRNA/C1-8_gRNA_R2.fastq.gz
C1_8	/g/steinmetz/STOCKS/Data/Assay/sequencing/2025/2025-04-24_AV233002_Moonen_2433626698/Samples/Moonen/C1-8_WTX/C1-8_WTX_R1.fastq.gz
C1_8	/g/steinmetz/STOCKS/Data/Assay/sequencing/2025/2025-04-24_AV233002_Moonen_2433626698/Samples/Moonen/C1-8_WTX/C1-8_WTX_R2.fastq.gz
C1_8	/g/steinmetz/STOCKS/Data/Assay/sequencing/2025/2025-04-26_AV233002_Moonen_2424695947/Samples/Moonen/C1-8_gRNA/C1-8_gRNA_R1.fastq.gz
C1_8	/g/steinmetz/STOCKS/Data/Assay/sequencing/2025/2025-04-26_AV233002_Moonen_2424695947/Samples/Moonen/C1-8_gRNA/C1-8_gRNA_R2.fastq.gz
C1_8	/g/steinmetz/STOCKS/Data/Assay/sequencing/2025/2025-04-26_AV233002_Moonen_2424695947/Samples/Moonen/C1-8_WTX/C1-8_WTX_R1.fastq.gz
C1_8	/g/steinmetz/STOCKS/Data/Assay/sequencing/2025/2025-04-26_AV233002_Moonen_2424695947/Samples/Moonen/C1-8_WTX/C1-8_WTX_R2.fastq.gz
C1_8	/g/steinmetz/STOCKS/Data/Assay/sequencing/2025/2025-04-12_AV233002_Moonen_2430435701/20250412_AV233002_Moonen-25s000392-9/Demultiplexed/Samples/Moonen/C1-8_gRNA/C1-8_gRNA_R1.fastq.gz
C1_8	/g/steinmetz/STOCKS/Data/Assay/sequencing/2025/2025-04-12_AV233002_Moonen_2430435701/20250412_AV233002_Moonen-25s000392-9/Demultiplexed/Samples/Moonen/C1-8_gRNA/C1-8_gRNA_R2.fastq.gz
C1_8	/g/steinmetz/STOCKS/Data/Assay/sequencing/2025/2025-04-12_AV233002_Moonen_2430435701/20250412_AV233002_Moonen-25s000392-9/Demultiplexed/Samples/Moonen/C1-8_WTX/C1-8_WTX_R1.fastq.gz
C1_8	/g/steinmetz/STOCKS/Data/Assay/sequencing/2025/2025-04-12_AV233002_Moonen_2430435701/20250412_AV233002_Moonen-25s000392-9/Demultiplexed/Samples/Moonen/C1-8_WTX/C1-8_WTX_R2.fastq.gz
C1_8	/g/steinmetz/STOCKS/Data/Assay/sequencing/2025/2025-04-13_AV233002_Moonen_2421466698/20250413_AV233002_Moonen-25s000392-12/Demultiplexed/Samples/Moonen/C1-8_gRNA/C1-8_gRNA_R1.fastq.gz
C1_8	/g/steinmetz/STOCKS/Data/Assay/sequencing/2025/2025-04-13_AV233002_Moonen_2421466698/20250413_AV233002_Moonen-25s000392-12/Demultiplexed/Samples/Moonen/C1-8_gRNA/C1-8_gRNA_R2.fastq.gz
C1_8	/g/steinmetz/STOCKS/Data/Assay/sequencing/2025/2025-04-13_AV233002_Moonen_2421466698/20250413_AV233002_Moonen-25s000392-12/Demultiplexed/Samples/Moonen/C1-8_WTX/C1-8_WTX_R1.fastq.gz
C1_8	/g/steinmetz/STOCKS/Data/Assay/sequencing/2025/2025-04-13_AV233002_Moonen_2421466698/20250413_AV233002_Moonen-25s000392-12/Demultiplexed/Samples/Moonen/C1-8_WTX/C1-8_WTX_R2.fastq.gz
C1_8	/g/steinmetz/STOCKS/Data/Assay/sequencing/2025/2025-04-13_AV233002_Moonen_2421493191/20250413_AV233002_Moonen-25s000392-11/Demultiplexed/Samples/Moonen/C1-8_gRNA/C1-8_gRNA_R1.fastq.gz
C1_8	/g/steinmetz/STOCKS/Data/Assay/sequencing/2025/2025-04-13_AV233002_Moonen_2421493191/20250413_AV233002_Moonen-25s000392-11/Demultiplexed/Samples/Moonen/C1-8_gRNA/C1-8_gRNA_R2.fastq.gz
C1_8	/g/steinmetz/STOCKS/Data/Assay/sequencing/2025/2025-04-13_AV233002_Moonen_2421493191/20250413_AV233002_Moonen-25s000392-11/Demultiplexed/Samples/Moonen/C1-8_WTX/C1-8_WTX_R1.fastq.gz
C1_8	/g/steinmetz/STOCKS/Data/Assay/sequencing/2025/2025-04-13_AV233002_Moonen_2421493191/20250413_AV233002_Moonen-25s000392-11/Demultiplexed/Samples/Moonen/C1-8_WTX/C1-8_WTX_R2.fastq.gz
C4_1	/g/steinmetz/STOCKS/Data/Assay/sequencing/2025/2025-04-26_AV233002_Moonen_2433542752/Samples/Moonen/C4-1_gRNA/C4-1_gRNA_R1.fastq.gz
C4_1	/g/steinmetz/STOCKS/Data/Assay/sequencing/2025/2025-04-26_AV233002_Moonen_2433542752/Samples/Moonen/C4-1_gRNA/C4-1_gRNA_R2.fastq.gz
C4_1	/g/steinmetz/STOCKS/Data/Assay/sequencing/2025/2025-04-26_AV233002_Moonen_2433542752/Samples/Moonen/C4-1_WTX/C4-1_WTX_R1.fastq.gz
C4_1	/g/steinmetz/STOCKS/Data/Assay/sequencing/2025/2025-04-26_AV233002_Moonen_2433542752/Samples/Moonen/C4-1_WTX/C4-1_WTX_R2.fastq.gz
C4_1	/g/steinmetz/STOCKS/Data/Assay/sequencing/2025/2025-04-27_AV233002_Moonen_2424595520/Samples/Moonen/C4-1_gRNA/C4-1_gRNA_R1.fastq.gz
C4_1	/g/steinmetz/STOCKS/Data/Assay/sequencing/2025/2025-04-27_AV233002_Moonen_2424595520/Samples/Moonen/C4-1_gRNA/C4-1_gRNA_R2.fastq.gz
C4_1	/g/steinmetz/STOCKS/Data/Assay/sequencing/2025/2025-04-27_AV233002_Moonen_2424595520/Samples/Moonen/C4-1_WTX/C4-1_WTX_R1.fastq.gz
C4_1	/g/steinmetz/STOCKS/Data/Assay/sequencing/2025/2025-04-27_AV233002_Moonen_2424595520/Samples/Moonen/C4-1_WTX/C4-1_WTX_R2.fastq.gz
C4_1	/g/steinmetz/STOCKS/Data/Assay/sequencing/2025/2025-04-27_AV233002_Moonen_2433447919/Samples/Moonen/C4-1_gRNA/C4-1_gRNA_R1.fastq.gz
C4_1	/g/steinmetz/STOCKS/Data/Assay/sequencing/2025/2025-04-27_AV233002_Moonen_2433447919/Samples/Moonen/C4-1_gRNA/C4-1_gRNA_R2.fastq.gz
C4_1	/g/steinmetz/STOCKS/Data/Assay/sequencing/2025/2025-04-27_AV233002_Moonen_2433447919/Samples/Moonen/C4-1_WTX/C4-1_WTX_R1.fastq.gz
C4_1	/g/steinmetz/STOCKS/Data/Assay/sequencing/2025/2025-04-27_AV233002_Moonen_2433447919/Samples/Moonen/C4-1_WTX/C4-1_WTX_R2.fastq.gz
C4_1	/g/steinmetz/STOCKS/Data/Assay/sequencing/2025/2025-04-29_AV233002_Moonen_2433400102/Samples/Moonen/C4-1_gRNA/C4-1_gRNA_R1.fastq.gz
C4_1	/g/steinmetz/STOCKS/Data/Assay/sequencing/2025/2025-04-29_AV233002_Moonen_2433400102/Samples/Moonen/C4-1_gRNA/C4-1_gRNA_R2.fastq.gz
C4_1	/g/steinmetz/STOCKS/Data/Assay/sequencing/2025/2025-04-29_AV233002_Moonen_2433400102/Samples/Moonen/C4-1_WTX/C4-1_WTX_R1.fastq.gz
C4_1	/g/steinmetz/STOCKS/Data/Assay/sequencing/2025/2025-04-29_AV233002_Moonen_2433400102/Samples/Moonen/C4-1_WTX/C4-1_WTX_R2.fastq.gz
C4_1	/g/steinmetz/STOCKS/Data/Assay/sequencing/2025/2025-04-29_AV233002_Moonen_2433511166/Samples/Moonen/C4-1_gRNA/C4-1_gRNA_R1.fastq.gz
C4_1	/g/steinmetz/STOCKS/Data/Assay/sequencing/2025/2025-04-29_AV233002_Moonen_2433511166/Samples/Moonen/C4-1_gRNA/C4-1_gRNA_R2.fastq.gz
C4_1	/g/steinmetz/STOCKS/Data/Assay/sequencing/2025/2025-04-29_AV233002_Moonen_2433511166/Samples/Moonen/C4-1_WTX/C4-1_WTX_R1.fastq.gz
C4_1	/g/steinmetz/STOCKS/Data/Assay/sequencing/2025/2025-04-29_AV233002_Moonen_2433511166/Samples/Moonen/C4-1_WTX/C4-1_WTX_R2.fastq.gz
C4_1	/g/steinmetz/STOCKS/Data/Assay/sequencing/2025/2025-04-30_AV233002_Moonen_2421469034/Samples/Moonen/C4-1_gRNA/C4-1_gRNA_R1.fastq.gz
C4_1	/g/steinmetz/STOCKS/Data/Assay/sequencing/2025/2025-04-30_AV233002_Moonen_2421469034/Samples/Moonen/C4-1_gRNA/C4-1_gRNA_R2.fastq.gz
C4_1	/g/steinmetz/STOCKS/Data/Assay/sequencing/2025/2025-04-30_AV233002_Moonen_2421469034/Samples/Moonen/C4-1_WTX/C4-1_WTX_R1.fastq.gz
C4_1	/g/steinmetz/STOCKS/Data/Assay/sequencing/2025/2025-04-30_AV233002_Moonen_2421469034/Samples/Moonen/C4-1_WTX/C4-1_WTX_R2.fastq.gz
C4_1	/g/steinmetz/STOCKS/Data/Assay/sequencing/2025/2025-05-01_AV233002_Moonen_2433552326/Samples/Moonen/C4-1_gRNA/C4-1_gRNA_R1.fastq.gz
C4_1	/g/steinmetz/STOCKS/Data/Assay/sequencing/2025/2025-05-01_AV233002_Moonen_2433552326/Samples/Moonen/C4-1_gRNA/C4-1_gRNA_R2.fastq.gz
C4_1	/g/steinmetz/STOCKS/Data/Assay/sequencing/2025/2025-05-01_AV233002_Moonen_2433552326/Samples/Moonen/C4-1_WTX/C4-1_WTX_R1.fastq.gz
C4_1	/g/steinmetz/STOCKS/Data/Assay/sequencing/2025/2025-05-01_AV233002_Moonen_2433552326/Samples/Moonen/C4-1_WTX/C4-1_WTX_R2.fastq.gz
C4_1	/g/steinmetz/STOCKS/Data/Assay/sequencing/2025/2025-05-01_AV233002_Moonen_2433632529/Samples/Moonen/C4-1_gRNA/C4-1_gRNA_R1.fastq.gz
C4_1	/g/steinmetz/STOCKS/Data/Assay/sequencing/2025/2025-05-01_AV233002_Moonen_2433632529/Samples/Moonen/C4-1_gRNA/C4-1_gRNA_R2.fastq.gz
C4_1	/g/steinmetz/STOCKS/Data/Assay/sequencing/2025/2025-05-01_AV233002_Moonen_2433632529/Samples/Moonen/C4-1_WTX/C4-1_WTX_R1.fastq.gz
C4_1	/g/steinmetz/STOCKS/Data/Assay/sequencing/2025/2025-05-01_AV233002_Moonen_2433632529/Samples/Moonen/C4-1_WTX/C4-1_WTX_R2.fastq.gz
C4_1	/g/steinmetz/STOCKS/Data/Assay/sequencing/2025/2025-05-02_AV233002_Moonen_2438441980/Samples/Moonen/C4-1_gRNA/C4-1_gRNA_R1.fastq.gz
C4_1	/g/steinmetz/STOCKS/Data/Assay/sequencing/2025/2025-05-02_AV233002_Moonen_2438441980/Samples/Moonen/C4-1_gRNA/C4-1_gRNA_R2.fastq.gz
C4_1	/g/steinmetz/STOCKS/Data/Assay/sequencing/2025/2025-05-02_AV233002_Moonen_2438441980/Samples/Moonen/C4-1_WTX/C4-1_WTX_R1.fastq.gz
C4_1	/g/steinmetz/STOCKS/Data/Assay/sequencing/2025/2025-05-02_AV233002_Moonen_2438441980/Samples/Moonen/C4-1_WTX/C4-1_WTX_R2.fastq.gz
C4_1	/g/steinmetz/STOCKS/Data/Assay/sequencing/2025/2025-05-02_AV233002_Moonen_2438524498/Samples/Moonen/C4-1_gRNA/C4-1_gRNA_R1.fastq.gz
C4_1	/g/steinmetz/STOCKS/Data/Assay/sequencing/2025/2025-05-02_AV233002_Moonen_2438524498/Samples/Moonen/C4-1_gRNA/C4-1_gRNA_R2.fastq.gz
C4_1	/g/steinmetz/STOCKS/Data/Assay/sequencing/2025/2025-05-02_AV233002_Moonen_2438524498/Samples/Moonen/C4-1_WTX/C4-1_WTX_R1.fastq.gz
C4_1	/g/steinmetz/STOCKS/Data/Assay/sequencing/2025/2025-05-02_AV233002_Moonen_2438524498/Samples/Moonen/C4-1_WTX/C4-1_WTX_R2.fastq.gz
C4_1	/g/steinmetz/STOCKS/Data/Assay/sequencing/2025/2025-05-03_AV233002_Moonen_2438546303/Samples/Moonen/C4-1_gRNA/C4-1_gRNA_R1.fastq.gz
C4_1	/g/steinmetz/STOCKS/Data/Assay/sequencing/2025/2025-05-03_AV233002_Moonen_2438546303/Samples/Moonen/C4-1_gRNA/C4-1_gRNA_R2.fastq.gz
C4_1	/g/steinmetz/STOCKS/Data/Assay/sequencing/2025/2025-05-03_AV233002_Moonen_2438546303/Samples/Moonen/C4-1_WTX/C4-1_WTX_R1.fastq.gz
C4_1	/g/steinmetz/STOCKS/Data/Assay/sequencing/2025/2025-05-03_AV233002_Moonen_2438546303/Samples/Moonen/C4-1_WTX/C4-1_WTX_R2.fastq.gz
C4_1	/g/steinmetz/STOCKS/Data/Assay/sequencing/2025/2025-05-03_AV233002_Moonen_2438691905/Samples/Moonen/C4-1_gRNA/C4-1_gRNA_R1.fastq.gz
C4_1	/g/steinmetz/STOCKS/Data/Assay/sequencing/2025/2025-05-03_AV233002_Moonen_2438691905/Samples/Moonen/C4-1_gRNA/C4-1_gRNA_R2.fastq.gz
C4_1	/g/steinmetz/STOCKS/Data/Assay/sequencing/2025/2025-05-03_AV233002_Moonen_2438691905/Samples/Moonen/C4-1_WTX/C4-1_WTX_R1.fastq.gz
C4_1	/g/steinmetz/STOCKS/Data/Assay/sequencing/2025/2025-05-03_AV233002_Moonen_2438691905/Samples/Moonen/C4-1_WTX/C4-1_WTX_R2.fastq.gz
C4_1	/g/steinmetz/STOCKS/Data/Assay/sequencing/2025/2025-05-04_AV233002_Moonen_2438574330/Samples/Moonen/C4-1_gRNA/C4-1_gRNA_R1.fastq.gz
C4_1	/g/steinmetz/STOCKS/Data/Assay/sequencing/2025/2025-05-04_AV233002_Moonen_2438574330/Samples/Moonen/C4-1_gRNA/C4-1_gRNA_R2.fastq.gz
C4_1	/g/steinmetz/STOCKS/Data/Assay/sequencing/2025/2025-05-04_AV233002_Moonen_2438574330/Samples/Moonen/C4-1_WTX/C4-1_WTX_R1.fastq.gz
C4_1	/g/steinmetz/STOCKS/Data/Assay/sequencing/2025/2025-05-04_AV233002_Moonen_2438574330/Samples/Moonen/C4-1_WTX/C4-1_WTX_R2.fastq.gz
C4_2	/g/steinmetz/STOCKS/Data/Assay/sequencing/2025/2025-04-26_AV233002_Moonen_2433542752/Samples/Moonen/C4-2_gRNA/C4-2_gRNA_R1.fastq.gz
C4_2	/g/steinmetz/STOCKS/Data/Assay/sequencing/2025/2025-04-26_AV233002_Moonen_2433542752/Samples/Moonen/C4-2_gRNA/C4-2_gRNA_R2.fastq.gz
C4_2	/g/steinmetz/STOCKS/Data/Assay/sequencing/2025/2025-04-26_AV233002_Moonen_2433542752/Samples/Moonen/C4-2_WTX/C4-2_WTX_R1.fastq.gz
C4_2	/g/steinmetz/STOCKS/Data/Assay/sequencing/2025/2025-04-26_AV233002_Moonen_2433542752/Samples/Moonen/C4-2_WTX/C4-2_WTX_R2.fastq.gz
C4_2	/g/steinmetz/STOCKS/Data/Assay/sequencing/2025/2025-04-27_AV233002_Moonen_2424595520/Samples/Moonen/C4-2_gRNA/C4-2_gRNA_R1.fastq.gz
C4_2	/g/steinmetz/STOCKS/Data/Assay/sequencing/2025/2025-04-27_AV233002_Moonen_2424595520/Samples/Moonen/C4-2_gRNA/C4-2_gRNA_R2.fastq.gz
C4_2	/g/steinmetz/STOCKS/Data/Assay/sequencing/2025/2025-04-27_AV233002_Moonen_2424595520/Samples/Moonen/C4-2_WTX/C4-2_WTX_R1.fastq.gz
C4_2	/g/steinmetz/STOCKS/Data/Assay/sequencing/2025/2025-04-27_AV233002_Moonen_2424595520/Samples/Moonen/C4-2_WTX/C4-2_WTX_R2.fastq.gz
C4_2	/g/steinmetz/STOCKS/Data/Assay/sequencing/2025/2025-04-27_AV233002_Moonen_2433447919/Samples/Moonen/C4-2_gRNA/C4-2_gRNA_R1.fastq.gz
C4_2	/g/steinmetz/STOCKS/Data/Assay/sequencing/2025/2025-04-27_AV233002_Moonen_2433447919/Samples/Moonen/C4-2_gRNA/C4-2_gRNA_R2.fastq.gz
C4_2	/g/steinmetz/STOCKS/Data/Assay/sequencing/2025/2025-04-27_AV233002_Moonen_2433447919/Samples/Moonen/C4-2_WTX/C4-2_WTX_R1.fastq.gz
C4_2	/g/steinmetz/STOCKS/Data/Assay/sequencing/2025/2025-04-27_AV233002_Moonen_2433447919/Samples/Moonen/C4-2_WTX/C4-2_WTX_R2.fastq.gz
C4_2	/g/steinmetz/STOCKS/Data/Assay/sequencing/2025/2025-04-29_AV233002_Moonen_2433400102/Samples/Moonen/C4-2_gRNA/C4-2_gRNA_R1.fastq.gz
C4_2	/g/steinmetz/STOCKS/Data/Assay/sequencing/2025/2025-04-29_AV233002_Moonen_2433400102/Samples/Moonen/C4-2_gRNA/C4-2_gRNA_R2.fastq.gz
C4_2	/g/steinmetz/STOCKS/Data/Assay/sequencing/2025/2025-04-29_AV233002_Moonen_2433400102/Samples/Moonen/C4-2_WTX/C4-2_WTX_R1.fastq.gz
C4_2	/g/steinmetz/STOCKS/Data/Assay/sequencing/2025/2025-04-29_AV233002_Moonen_2433400102/Samples/Moonen/C4-2_WTX/C4-2_WTX_R2.fastq.gz
C4_2	/g/steinmetz/STOCKS/Data/Assay/sequencing/2025/2025-04-29_AV233002_Moonen_2433511166/Samples/Moonen/C4-2_gRNA/C4-2_gRNA_R1.fastq.gz
C4_2	/g/steinmetz/STOCKS/Data/Assay/sequencing/2025/2025-04-29_AV233002_Moonen_2433511166/Samples/Moonen/C4-2_gRNA/C4-2_gRNA_R2.fastq.gz
C4_2	/g/steinmetz/STOCKS/Data/Assay/sequencing/2025/2025-04-29_AV233002_Moonen_2433511166/Samples/Moonen/C4-2_WTX/C4-2_WTX_R1.fastq.gz
C4_2	/g/steinmetz/STOCKS/Data/Assay/sequencing/2025/2025-04-29_AV233002_Moonen_2433511166/Samples/Moonen/C4-2_WTX/C4-2_WTX_R2.fastq.gz
C4_2	/g/steinmetz/STOCKS/Data/Assay/sequencing/2025/2025-04-30_AV233002_Moonen_2421469034/Samples/Moonen/C4-2_gRNA/C4-2_gRNA_R1.fastq.gz
C4_2	/g/steinmetz/STOCKS/Data/Assay/sequencing/2025/2025-04-30_AV233002_Moonen_2421469034/Samples/Moonen/C4-2_gRNA/C4-2_gRNA_R2.fastq.gz
C4_2	/g/steinmetz/STOCKS/Data/Assay/sequencing/2025/2025-04-30_AV233002_Moonen_2421469034/Samples/Moonen/C4-2_WTX/C4-2_WTX_R1.fastq.gz
C4_2	/g/steinmetz/STOCKS/Data/Assay/sequencing/2025/2025-04-30_AV233002_Moonen_2421469034/Samples/Moonen/C4-2_WTX/C4-2_WTX_R2.fastq.gz
C4_2	/g/steinmetz/STOCKS/Data/Assay/sequencing/2025/2025-05-01_AV233002_Moonen_2433552326/Samples/Moonen/C4-2_gRNA/C4-2_gRNA_R1.fastq.gz
C4_2	/g/steinmetz/STOCKS/Data/Assay/sequencing/2025/2025-05-01_AV233002_Moonen_2433552326/Samples/Moonen/C4-2_gRNA/C4-2_gRNA_R2.fastq.gz
C4_2	/g/steinmetz/STOCKS/Data/Assay/sequencing/2025/2025-05-01_AV233002_Moonen_2433552326/Samples/Moonen/C4-2_WTX/C4-2_WTX_R1.fastq.gz
C4_2	/g/steinmetz/STOCKS/Data/Assay/sequencing/2025/2025-05-01_AV233002_Moonen_2433552326/Samples/Moonen/C4-2_WTX/C4-2_WTX_R2.fastq.gz
C4_2	/g/steinmetz/STOCKS/Data/Assay/sequencing/2025/2025-05-01_AV233002_Moonen_2433632529/Samples/Moonen/C4-2_gRNA/C4-2_gRNA_R1.fastq.gz
C4_2	/g/steinmetz/STOCKS/Data/Assay/sequencing/2025/2025-05-01_AV233002_Moonen_2433632529/Samples/Moonen/C4-2_gRNA/C4-2_gRNA_R2.fastq.gz
C4_2	/g/steinmetz/STOCKS/Data/Assay/sequencing/2025/2025-05-01_AV233002_Moonen_2433632529/Samples/Moonen/C4-2_WTX/C4-2_WTX_R1.fastq.gz
C4_2	/g/steinmetz/STOCKS/Data/Assay/sequencing/2025/2025-05-01_AV233002_Moonen_2433632529/Samples/Moonen/C4-2_WTX/C4-2_WTX_R2.fastq.gz
C4_2	/g/steinmetz/STOCKS/Data/Assay/sequencing/2025/2025-05-02_AV233002_Moonen_2438441980/Samples/Moonen/C4-2_gRNA/C4-2_gRNA_R1.fastq.gz
C4_2	/g/steinmetz/STOCKS/Data/Assay/sequencing/2025/2025-05-02_AV233002_Moonen_2438441980/Samples/Moonen/C4-2_gRNA/C4-2_gRNA_R2.fastq.gz
C4_2	/g/steinmetz/STOCKS/Data/Assay/sequencing/2025/2025-05-02_AV233002_Moonen_2438441980/Samples/Moonen/C4-2_WTX/C4-2_WTX_R1.fastq.gz
C4_2	/g/steinmetz/STOCKS/Data/Assay/sequencing/2025/2025-05-02_AV233002_Moonen_2438441980/Samples/Moonen/C4-2_WTX/C4-2_WTX_R2.fastq.gz
C4_2	/g/steinmetz/STOCKS/Data/Assay/sequencing/2025/2025-05-02_AV233002_Moonen_2438524498/Samples/Moonen/C4-2_gRNA/C4-2_gRNA_R1.fastq.gz
C4_2	/g/steinmetz/STOCKS/Data/Assay/sequencing/2025/2025-05-02_AV233002_Moonen_2438524498/Samples/Moonen/C4-2_gRNA/C4-2_gRNA_R2.fastq.gz
C4_2	/g/steinmetz/STOCKS/Data/Assay/sequencing/2025/2025-05-02_AV233002_Moonen_2438524498/Samples/Moonen/C4-2_WTX/C4-2_WTX_R1.fastq.gz
C4_2	/g/steinmetz/STOCKS/Data/Assay/sequencing/2025/2025-05-02_AV233002_Moonen_2438524498/Samples/Moonen/C4-2_WTX/C4-2_WTX_R2.fastq.gz
C4_2	/g/steinmetz/STOCKS/Data/Assay/sequencing/2025/2025-05-03_AV233002_Moonen_2438546303/Samples/Moonen/C4-2_gRNA/C4-2_gRNA_R1.fastq.gz
C4_2	/g/steinmetz/STOCKS/Data/Assay/sequencing/2025/2025-05-03_AV233002_Moonen_2438546303/Samples/Moonen/C4-2_gRNA/C4-2_gRNA_R2.fastq.gz
C4_2	/g/steinmetz/STOCKS/Data/Assay/sequencing/2025/2025-05-03_AV233002_Moonen_2438546303/Samples/Moonen/C4-2_WTX/C4-2_WTX_R1.fastq.gz
C4_2	/g/steinmetz/STOCKS/Data/Assay/sequencing/2025/2025-05-03_AV233002_Moonen_2438546303/Samples/Moonen/C4-2_WTX/C4-2_WTX_R2.fastq.gz
C4_2	/g/steinmetz/STOCKS/Data/Assay/sequencing/2025/2025-05-03_AV233002_Moonen_2438691905/Samples/Moonen/C4-2_gRNA/C4-2_gRNA_R1.fastq.gz
C4_2	/g/steinmetz/STOCKS/Data/Assay/sequencing/2025/2025-05-03_AV233002_Moonen_2438691905/Samples/Moonen/C4-2_gRNA/C4-2_gRNA_R2.fastq.gz
C4_2	/g/steinmetz/STOCKS/Data/Assay/sequencing/2025/2025-05-03_AV233002_Moonen_2438691905/Samples/Moonen/C4-2_WTX/C4-2_WTX_R1.fastq.gz
C4_2	/g/steinmetz/STOCKS/Data/Assay/sequencing/2025/2025-05-03_AV233002_Moonen_2438691905/Samples/Moonen/C4-2_WTX/C4-2_WTX_R2.fastq.gz
C4_2	/g/steinmetz/STOCKS/Data/Assay/sequencing/2025/2025-05-04_AV233002_Moonen_2438574330/Samples/Moonen/C4-2_gRNA/C4-2_gRNA_R1.fastq.gz
C4_2	/g/steinmetz/STOCKS/Data/Assay/sequencing/2025/2025-05-04_AV233002_Moonen_2438574330/Samples/Moonen/C4-2_gRNA/C4-2_gRNA_R2.fastq.gz
C4_2	/g/steinmetz/STOCKS/Data/Assay/sequencing/2025/2025-05-04_AV233002_Moonen_2438574330/Samples/Moonen/C4-2_WTX/C4-2_WTX_R1.fastq.gz
C4_2	/g/steinmetz/STOCKS/Data/Assay/sequencing/2025/2025-05-04_AV233002_Moonen_2438574330/Samples/Moonen/C4-2_WTX/C4-2_WTX_R2.fastq.gz
C4_3	/g/steinmetz/STOCKS/Data/Assay/sequencing/2025/2025-04-26_AV233002_Moonen_2433542752/Samples/Moonen/C4-3_gRNA/C4-3_gRNA_R1.fastq.gz
C4_3	/g/steinmetz/STOCKS/Data/Assay/sequencing/2025/2025-04-26_AV233002_Moonen_2433542752/Samples/Moonen/C4-3_gRNA/C4-3_gRNA_R2.fastq.gz
C4_3	/g/steinmetz/STOCKS/Data/Assay/sequencing/2025/2025-04-26_AV233002_Moonen_2433542752/Samples/Moonen/C4-3_WTX/C4-3_WTX_R1.fastq.gz
C4_3	/g/steinmetz/STOCKS/Data/Assay/sequencing/2025/2025-04-26_AV233002_Moonen_2433542752/Samples/Moonen/C4-3_WTX/C4-3_WTX_R2.fastq.gz
C4_3	/g/steinmetz/STOCKS/Data/Assay/sequencing/2025/2025-04-27_AV233002_Moonen_2424595520/Samples/Moonen/C4-3_gRNA/C4-3_gRNA_R1.fastq.gz
C4_3	/g/steinmetz/STOCKS/Data/Assay/sequencing/2025/2025-04-27_AV233002_Moonen_2424595520/Samples/Moonen/C4-3_gRNA/C4-3_gRNA_R2.fastq.gz
C4_3	/g/steinmetz/STOCKS/Data/Assay/sequencing/2025/2025-04-27_AV233002_Moonen_2424595520/Samples/Moonen/C4-3_WTX/C4-3_WTX_R1.fastq.gz
C4_3	/g/steinmetz/STOCKS/Data/Assay/sequencing/2025/2025-04-27_AV233002_Moonen_2424595520/Samples/Moonen/C4-3_WTX/C4-3_WTX_R2.fastq.gz
C4_3	/g/steinmetz/STOCKS/Data/Assay/sequencing/2025/2025-04-27_AV233002_Moonen_2433447919/Samples/Moonen/C4-3_gRNA/C4-3_gRNA_R1.fastq.gz
C4_3	/g/steinmetz/STOCKS/Data/Assay/sequencing/2025/2025-04-27_AV233002_Moonen_2433447919/Samples/Moonen/C4-3_gRNA/C4-3_gRNA_R2.fastq.gz
C4_3	/g/steinmetz/STOCKS/Data/Assay/sequencing/2025/2025-04-27_AV233002_Moonen_2433447919/Samples/Moonen/C4-3_WTX/C4-3_WTX_R1.fastq.gz
C4_3	/g/steinmetz/STOCKS/Data/Assay/sequencing/2025/2025-04-27_AV233002_Moonen_2433447919/Samples/Moonen/C4-3_WTX/C4-3_WTX_R2.fastq.gz
C4_3	/g/steinmetz/STOCKS/Data/Assay/sequencing/2025/2025-04-29_AV233002_Moonen_2433400102/Samples/Moonen/C4-3_gRNA/C4-3_gRNA_R1.fastq.gz
C4_3	/g/steinmetz/STOCKS/Data/Assay/sequencing/2025/2025-04-29_AV233002_Moonen_2433400102/Samples/Moonen/C4-3_gRNA/C4-3_gRNA_R2.fastq.gz
C4_3	/g/steinmetz/STOCKS/Data/Assay/sequencing/2025/2025-04-29_AV233002_Moonen_2433400102/Samples/Moonen/C4-3_WTX/C4-3_WTX_R1.fastq.gz
C4_3	/g/steinmetz/STOCKS/Data/Assay/sequencing/2025/2025-04-29_AV233002_Moonen_2433400102/Samples/Moonen/C4-3_WTX/C4-3_WTX_R2.fastq.gz
C4_3	/g/steinmetz/STOCKS/Data/Assay/sequencing/2025/2025-04-29_AV233002_Moonen_2433511166/Samples/Moonen/C4-3_gRNA/C4-3_gRNA_R1.fastq.gz
C4_3	/g/steinmetz/STOCKS/Data/Assay/sequencing/2025/2025-04-29_AV233002_Moonen_2433511166/Samples/Moonen/C4-3_gRNA/C4-3_gRNA_R2.fastq.gz
C4_3	/g/steinmetz/STOCKS/Data/Assay/sequencing/2025/2025-04-29_AV233002_Moonen_2433511166/Samples/Moonen/C4-3_WTX/C4-3_WTX_R1.fastq.gz
C4_3	/g/steinmetz/STOCKS/Data/Assay/sequencing/2025/2025-04-29_AV233002_Moonen_2433511166/Samples/Moonen/C4-3_WTX/C4-3_WTX_R2.fastq.gz
C4_3	/g/steinmetz/STOCKS/Data/Assay/sequencing/2025/2025-04-30_AV233002_Moonen_2421469034/Samples/Moonen/C4-3_gRNA/C4-3_gRNA_R1.fastq.gz
C4_3	/g/steinmetz/STOCKS/Data/Assay/sequencing/2025/2025-04-30_AV233002_Moonen_2421469034/Samples/Moonen/C4-3_gRNA/C4-3_gRNA_R2.fastq.gz
C4_3	/g/steinmetz/STOCKS/Data/Assay/sequencing/2025/2025-04-30_AV233002_Moonen_2421469034/Samples/Moonen/C4-3_WTX/C4-3_WTX_R1.fastq.gz
C4_3	/g/steinmetz/STOCKS/Data/Assay/sequencing/2025/2025-04-30_AV233002_Moonen_2421469034/Samples/Moonen/C4-3_WTX/C4-3_WTX_R2.fastq.gz
C4_3	/g/steinmetz/STOCKS/Data/Assay/sequencing/2025/2025-05-01_AV233002_Moonen_2433552326/Samples/Moonen/C4-3_gRNA/C4-3_gRNA_R1.fastq.gz
C4_3	/g/steinmetz/STOCKS/Data/Assay/sequencing/2025/2025-05-01_AV233002_Moonen_2433552326/Samples/Moonen/C4-3_gRNA/C4-3_gRNA_R2.fastq.gz
C4_3	/g/steinmetz/STOCKS/Data/Assay/sequencing/2025/2025-05-01_AV233002_Moonen_2433552326/Samples/Moonen/C4-3_WTX/C4-3_WTX_R1.fastq.gz
C4_3	/g/steinmetz/STOCKS/Data/Assay/sequencing/2025/2025-05-01_AV233002_Moonen_2433552326/Samples/Moonen/C4-3_WTX/C4-3_WTX_R2.fastq.gz
C4_3	/g/steinmetz/STOCKS/Data/Assay/sequencing/2025/2025-05-01_AV233002_Moonen_2433632529/Samples/Moonen/C4-3_gRNA/C4-3_gRNA_R1.fastq.gz
C4_3	/g/steinmetz/STOCKS/Data/Assay/sequencing/2025/2025-05-01_AV233002_Moonen_2433632529/Samples/Moonen/C4-3_gRNA/C4-3_gRNA_R2.fastq.gz
C4_3	/g/steinmetz/STOCKS/Data/Assay/sequencing/2025/2025-05-01_AV233002_Moonen_2433632529/Samples/Moonen/C4-3_WTX/C4-3_WTX_R1.fastq.gz
C4_3	/g/steinmetz/STOCKS/Data/Assay/sequencing/2025/2025-05-01_AV233002_Moonen_2433632529/Samples/Moonen/C4-3_WTX/C4-3_WTX_R2.fastq.gz
C4_3	/g/steinmetz/STOCKS/Data/Assay/sequencing/2025/2025-05-02_AV233002_Moonen_2438441980/Samples/Moonen/C4-3_gRNA/C4-3_gRNA_R1.fastq.gz
C4_3	/g/steinmetz/STOCKS/Data/Assay/sequencing/2025/2025-05-02_AV233002_Moonen_2438441980/Samples/Moonen/C4-3_gRNA/C4-3_gRNA_R2.fastq.gz
C4_3	/g/steinmetz/STOCKS/Data/Assay/sequencing/2025/2025-05-02_AV233002_Moonen_2438441980/Samples/Moonen/C4-3_WTX/C4-3_WTX_R1.fastq.gz
C4_3	/g/steinmetz/STOCKS/Data/Assay/sequencing/2025/2025-05-02_AV233002_Moonen_2438441980/Samples/Moonen/C4-3_WTX/C4-3_WTX_R2.fastq.gz
C4_3	/g/steinmetz/STOCKS/Data/Assay/sequencing/2025/2025-05-02_AV233002_Moonen_2438524498/Samples/Moonen/C4-3_gRNA/C4-3_gRNA_R1.fastq.gz
C4_3	/g/steinmetz/STOCKS/Data/Assay/sequencing/2025/2025-05-02_AV233002_Moonen_2438524498/Samples/Moonen/C4-3_gRNA/C4-3_gRNA_R2.fastq.gz
C4_3	/g/steinmetz/STOCKS/Data/Assay/sequencing/2025/2025-05-02_AV233002_Moonen_2438524498/Samples/Moonen/C4-3_WTX/C4-3_WTX_R1.fastq.gz
C4_3	/g/steinmetz/STOCKS/Data/Assay/sequencing/2025/2025-05-02_AV233002_Moonen_2438524498/Samples/Moonen/C4-3_WTX/C4-3_WTX_R2.fastq.gz
C4_3	/g/steinmetz/STOCKS/Data/Assay/sequencing/2025/2025-05-03_AV233002_Moonen_2438546303/Samples/Moonen/C4-3_gRNA/C4-3_gRNA_R1.fastq.gz
C4_3	/g/steinmetz/STOCKS/Data/Assay/sequencing/2025/2025-05-03_AV233002_Moonen_2438546303/Samples/Moonen/C4-3_gRNA/C4-3_gRNA_R2.fastq.gz
C4_3	/g/steinmetz/STOCKS/Data/Assay/sequencing/2025/2025-05-03_AV233002_Moonen_2438546303/Samples/Moonen/C4-3_WTX/C4-3_WTX_R1.fastq.gz
C4_3	/g/steinmetz/STOCKS/Data/Assay/sequencing/2025/2025-05-03_AV233002_Moonen_2438546303/Samples/Moonen/C4-3_WTX/C4-3_WTX_R2.fastq.gz
C4_3	/g/steinmetz/STOCKS/Data/Assay/sequencing/2025/2025-05-03_AV233002_Moonen_2438691905/Samples/Moonen/C4-3_gRNA/C4-3_gRNA_R1.fastq.gz
C4_3	/g/steinmetz/STOCKS/Data/Assay/sequencing/2025/2025-05-03_AV233002_Moonen_2438691905/Samples/Moonen/C4-3_gRNA/C4-3_gRNA_R2.fastq.gz
C4_3	/g/steinmetz/STOCKS/Data/Assay/sequencing/2025/2025-05-03_AV233002_Moonen_2438691905/Samples/Moonen/C4-3_WTX/C4-3_WTX_R1.fastq.gz
C4_3	/g/steinmetz/STOCKS/Data/Assay/sequencing/2025/2025-05-03_AV233002_Moonen_2438691905/Samples/Moonen/C4-3_WTX/C4-3_WTX_R2.fastq.gz
C4_3	/g/steinmetz/STOCKS/Data/Assay/sequencing/2025/2025-05-04_AV233002_Moonen_2438574330/Samples/Moonen/C4-3_gRNA/C4-3_gRNA_R1.fastq.gz
C4_3	/g/steinmetz/STOCKS/Data/Assay/sequencing/2025/2025-05-04_AV233002_Moonen_2438574330/Samples/Moonen/C4-3_gRNA/C4-3_gRNA_R2.fastq.gz
C4_3	/g/steinmetz/STOCKS/Data/Assay/sequencing/2025/2025-05-04_AV233002_Moonen_2438574330/Samples/Moonen/C4-3_WTX/C4-3_WTX_R1.fastq.gz
C4_3	/g/steinmetz/STOCKS/Data/Assay/sequencing/2025/2025-05-04_AV233002_Moonen_2438574330/Samples/Moonen/C4-3_WTX/C4-3_WTX_R2.fastq.gz
C4_4	/g/steinmetz/STOCKS/Data/Assay/sequencing/2025/2025-04-26_AV233002_Moonen_2433542752/Samples/Moonen/C4-4_gRNA/C4-4_gRNA_R1.fastq.gz
C4_4	/g/steinmetz/STOCKS/Data/Assay/sequencing/2025/2025-04-26_AV233002_Moonen_2433542752/Samples/Moonen/C4-4_gRNA/C4-4_gRNA_R2.fastq.gz
C4_4	/g/steinmetz/STOCKS/Data/Assay/sequencing/2025/2025-04-26_AV233002_Moonen_2433542752/Samples/Moonen/C4-4_WTX/C4-4_WTX_R1.fastq.gz
C4_4	/g/steinmetz/STOCKS/Data/Assay/sequencing/2025/2025-04-26_AV233002_Moonen_2433542752/Samples/Moonen/C4-4_WTX/C4-4_WTX_R2.fastq.gz
C4_4	/g/steinmetz/STOCKS/Data/Assay/sequencing/2025/2025-04-27_AV233002_Moonen_2424595520/Samples/Moonen/C4-4_gRNA/C4-4_gRNA_R1.fastq.gz
C4_4	/g/steinmetz/STOCKS/Data/Assay/sequencing/2025/2025-04-27_AV233002_Moonen_2424595520/Samples/Moonen/C4-4_gRNA/C4-4_gRNA_R2.fastq.gz
C4_4	/g/steinmetz/STOCKS/Data/Assay/sequencing/2025/2025-04-27_AV233002_Moonen_2424595520/Samples/Moonen/C4-4_WTX/C4-4_WTX_R1.fastq.gz
C4_4	/g/steinmetz/STOCKS/Data/Assay/sequencing/2025/2025-04-27_AV233002_Moonen_2424595520/Samples/Moonen/C4-4_WTX/C4-4_WTX_R2.fastq.gz
C4_4	/g/steinmetz/STOCKS/Data/Assay/sequencing/2025/2025-04-27_AV233002_Moonen_2433447919/Samples/Moonen/C4-4_gRNA/C4-4_gRNA_R1.fastq.gz
C4_4	/g/steinmetz/STOCKS/Data/Assay/sequencing/2025/2025-04-27_AV233002_Moonen_2433447919/Samples/Moonen/C4-4_gRNA/C4-4_gRNA_R2.fastq.gz
C4_4	/g/steinmetz/STOCKS/Data/Assay/sequencing/2025/2025-04-27_AV233002_Moonen_2433447919/Samples/Moonen/C4-4_WTX/C4-4_WTX_R1.fastq.gz
C4_4	/g/steinmetz/STOCKS/Data/Assay/sequencing/2025/2025-04-27_AV233002_Moonen_2433447919/Samples/Moonen/C4-4_WTX/C4-4_WTX_R2.fastq.gz
C4_4	/g/steinmetz/STOCKS/Data/Assay/sequencing/2025/2025-04-29_AV233002_Moonen_2433400102/Samples/Moonen/C4-4_gRNA/C4-4_gRNA_R1.fastq.gz
C4_4	/g/steinmetz/STOCKS/Data/Assay/sequencing/2025/2025-04-29_AV233002_Moonen_2433400102/Samples/Moonen/C4-4_gRNA/C4-4_gRNA_R2.fastq.gz
C4_4	/g/steinmetz/STOCKS/Data/Assay/sequencing/2025/2025-04-29_AV233002_Moonen_2433400102/Samples/Moonen/C4-4_WTX/C4-4_WTX_R1.fastq.gz
C4_4	/g/steinmetz/STOCKS/Data/Assay/sequencing/2025/2025-04-29_AV233002_Moonen_2433400102/Samples/Moonen/C4-4_WTX/C4-4_WTX_R2.fastq.gz
C4_4	/g/steinmetz/STOCKS/Data/Assay/sequencing/2025/2025-04-29_AV233002_Moonen_2433511166/Samples/Moonen/C4-4_gRNA/C4-4_gRNA_R1.fastq.gz
C4_4	/g/steinmetz/STOCKS/Data/Assay/sequencing/2025/2025-04-29_AV233002_Moonen_2433511166/Samples/Moonen/C4-4_gRNA/C4-4_gRNA_R2.fastq.gz
C4_4	/g/steinmetz/STOCKS/Data/Assay/sequencing/2025/2025-04-29_AV233002_Moonen_2433511166/Samples/Moonen/C4-4_WTX/C4-4_WTX_R1.fastq.gz
C4_4	/g/steinmetz/STOCKS/Data/Assay/sequencing/2025/2025-04-29_AV233002_Moonen_2433511166/Samples/Moonen/C4-4_WTX/C4-4_WTX_R2.fastq.gz
C4_4	/g/steinmetz/STOCKS/Data/Assay/sequencing/2025/2025-04-30_AV233002_Moonen_2421469034/Samples/Moonen/C4-4_gRNA/C4-4_gRNA_R1.fastq.gz
C4_4	/g/steinmetz/STOCKS/Data/Assay/sequencing/2025/2025-04-30_AV233002_Moonen_2421469034/Samples/Moonen/C4-4_gRNA/C4-4_gRNA_R2.fastq.gz
C4_4	/g/steinmetz/STOCKS/Data/Assay/sequencing/2025/2025-04-30_AV233002_Moonen_2421469034/Samples/Moonen/C4-4_WTX/C4-4_WTX_R1.fastq.gz
C4_4	/g/steinmetz/STOCKS/Data/Assay/sequencing/2025/2025-04-30_AV233002_Moonen_2421469034/Samples/Moonen/C4-4_WTX/C4-4_WTX_R2.fastq.gz
C4_4	/g/steinmetz/STOCKS/Data/Assay/sequencing/2025/2025-05-01_AV233002_Moonen_2433552326/Samples/Moonen/C4-4_gRNA/C4-4_gRNA_R1.fastq.gz
C4_4	/g/steinmetz/STOCKS/Data/Assay/sequencing/2025/2025-05-01_AV233002_Moonen_2433552326/Samples/Moonen/C4-4_gRNA/C4-4_gRNA_R2.fastq.gz
C4_4	/g/steinmetz/STOCKS/Data/Assay/sequencing/2025/2025-05-01_AV233002_Moonen_2433552326/Samples/Moonen/C4-4_WTX/C4-4_WTX_R1.fastq.gz
C4_4	/g/steinmetz/STOCKS/Data/Assay/sequencing/2025/2025-05-01_AV233002_Moonen_2433552326/Samples/Moonen/C4-4_WTX/C4-4_WTX_R2.fastq.gz
C4_4	/g/steinmetz/STOCKS/Data/Assay/sequencing/2025/2025-05-01_AV233002_Moonen_2433632529/Samples/Moonen/C4-4_gRNA/C4-4_gRNA_R1.fastq.gz
C4_4	/g/steinmetz/STOCKS/Data/Assay/sequencing/2025/2025-05-01_AV233002_Moonen_2433632529/Samples/Moonen/C4-4_gRNA/C4-4_gRNA_R2.fastq.gz
C4_4	/g/steinmetz/STOCKS/Data/Assay/sequencing/2025/2025-05-01_AV233002_Moonen_2433632529/Samples/Moonen/C4-4_WTX/C4-4_WTX_R1.fastq.gz
C4_4	/g/steinmetz/STOCKS/Data/Assay/sequencing/2025/2025-05-01_AV233002_Moonen_2433632529/Samples/Moonen/C4-4_WTX/C4-4_WTX_R2.fastq.gz
C4_4	/g/steinmetz/STOCKS/Data/Assay/sequencing/2025/2025-05-02_AV233002_Moonen_2438441980/Samples/Moonen/C4-4_gRNA/C4-4_gRNA_R1.fastq.gz
C4_4	/g/steinmetz/STOCKS/Data/Assay/sequencing/2025/2025-05-02_AV233002_Moonen_2438441980/Samples/Moonen/C4-4_gRNA/C4-4_gRNA_R2.fastq.gz
C4_4	/g/steinmetz/STOCKS/Data/Assay/sequencing/2025/2025-05-02_AV233002_Moonen_2438441980/Samples/Moonen/C4-4_WTX/C4-4_WTX_R1.fastq.gz
C4_4	/g/steinmetz/STOCKS/Data/Assay/sequencing/2025/2025-05-02_AV233002_Moonen_2438441980/Samples/Moonen/C4-4_WTX/C4-4_WTX_R2.fastq.gz
C4_4	/g/steinmetz/STOCKS/Data/Assay/sequencing/2025/2025-05-02_AV233002_Moonen_2438524498/Samples/Moonen/C4-4_gRNA/C4-4_gRNA_R1.fastq.gz
C4_4	/g/steinmetz/STOCKS/Data/Assay/sequencing/2025/2025-05-02_AV233002_Moonen_2438524498/Samples/Moonen/C4-4_gRNA/C4-4_gRNA_R2.fastq.gz
C4_4	/g/steinmetz/STOCKS/Data/Assay/sequencing/2025/2025-05-02_AV233002_Moonen_2438524498/Samples/Moonen/C4-4_WTX/C4-4_WTX_R1.fastq.gz
C4_4	/g/steinmetz/STOCKS/Data/Assay/sequencing/2025/2025-05-02_AV233002_Moonen_2438524498/Samples/Moonen/C4-4_WTX/C4-4_WTX_R2.fastq.gz
C4_4	/g/steinmetz/STOCKS/Data/Assay/sequencing/2025/2025-05-03_AV233002_Moonen_2438546303/Samples/Moonen/C4-4_gRNA/C4-4_gRNA_R1.fastq.gz
C4_4	/g/steinmetz/STOCKS/Data/Assay/sequencing/2025/2025-05-03_AV233002_Moonen_2438546303/Samples/Moonen/C4-4_gRNA/C4-4_gRNA_R2.fastq.gz
C4_4	/g/steinmetz/STOCKS/Data/Assay/sequencing/2025/2025-05-03_AV233002_Moonen_2438546303/Samples/Moonen/C4-4_WTX/C4-4_WTX_R1.fastq.gz
C4_4	/g/steinmetz/STOCKS/Data/Assay/sequencing/2025/2025-05-03_AV233002_Moonen_2438546303/Samples/Moonen/C4-4_WTX/C4-4_WTX_R2.fastq.gz
C4_4	/g/steinmetz/STOCKS/Data/Assay/sequencing/2025/2025-05-03_AV233002_Moonen_2438691905/Samples/Moonen/C4-4_gRNA/C4-4_gRNA_R1.fastq.gz
C4_4	/g/steinmetz/STOCKS/Data/Assay/sequencing/2025/2025-05-03_AV233002_Moonen_2438691905/Samples/Moonen/C4-4_gRNA/C4-4_gRNA_R2.fastq.gz
C4_4	/g/steinmetz/STOCKS/Data/Assay/sequencing/2025/2025-05-03_AV233002_Moonen_2438691905/Samples/Moonen/C4-4_WTX/C4-4_WTX_R1.fastq.gz
C4_4	/g/steinmetz/STOCKS/Data/Assay/sequencing/2025/2025-05-03_AV233002_Moonen_2438691905/Samples/Moonen/C4-4_WTX/C4-4_WTX_R2.fastq.gz
C4_4	/g/steinmetz/STOCKS/Data/Assay/sequencing/2025/2025-05-04_AV233002_Moonen_2438574330/Samples/Moonen/C4-4_gRNA/C4-4_gRNA_R1.fastq.gz
C4_4	/g/steinmetz/STOCKS/Data/Assay/sequencing/2025/2025-05-04_AV233002_Moonen_2438574330/Samples/Moonen/C4-4_gRNA/C4-4_gRNA_R2.fastq.gz
C4_4	/g/steinmetz/STOCKS/Data/Assay/sequencing/2025/2025-05-04_AV233002_Moonen_2438574330/Samples/Moonen/C4-4_WTX/C4-4_WTX_R1.fastq.gz
C4_4	/g/steinmetz/STOCKS/Data/Assay/sequencing/2025/2025-05-04_AV233002_Moonen_2438574330/Samples/Moonen/C4-4_WTX/C4-4_WTX_R2.fastq.gz
C4_5	/g/steinmetz/STOCKS/Data/Assay/sequencing/2025/2025-04-26_AV233002_Moonen_2433542752/Samples/Moonen/C4-5_gRNA/C4-5_gRNA_R1.fastq.gz
C4_5	/g/steinmetz/STOCKS/Data/Assay/sequencing/2025/2025-04-26_AV233002_Moonen_2433542752/Samples/Moonen/C4-5_gRNA/C4-5_gRNA_R2.fastq.gz
C4_5	/g/steinmetz/STOCKS/Data/Assay/sequencing/2025/2025-04-26_AV233002_Moonen_2433542752/Samples/Moonen/C4-5_WTX/C4-5_WTX_R1.fastq.gz
C4_5	/g/steinmetz/STOCKS/Data/Assay/sequencing/2025/2025-04-26_AV233002_Moonen_2433542752/Samples/Moonen/C4-5_WTX/C4-5_WTX_R2.fastq.gz
C4_5	/g/steinmetz/STOCKS/Data/Assay/sequencing/2025/2025-04-27_AV233002_Moonen_2424595520/Samples/Moonen/C4-5_gRNA/C4-5_gRNA_R1.fastq.gz
C4_5	/g/steinmetz/STOCKS/Data/Assay/sequencing/2025/2025-04-27_AV233002_Moonen_2424595520/Samples/Moonen/C4-5_gRNA/C4-5_gRNA_R2.fastq.gz
C4_5	/g/steinmetz/STOCKS/Data/Assay/sequencing/2025/2025-04-27_AV233002_Moonen_2424595520/Samples/Moonen/C4-5_WTX/C4-5_WTX_R1.fastq.gz
C4_5	/g/steinmetz/STOCKS/Data/Assay/sequencing/2025/2025-04-27_AV233002_Moonen_2424595520/Samples/Moonen/C4-5_WTX/C4-5_WTX_R2.fastq.gz
C4_5	/g/steinmetz/STOCKS/Data/Assay/sequencing/2025/2025-04-27_AV233002_Moonen_2433447919/Samples/Moonen/C4-5_gRNA/C4-5_gRNA_R1.fastq.gz
C4_5	/g/steinmetz/STOCKS/Data/Assay/sequencing/2025/2025-04-27_AV233002_Moonen_2433447919/Samples/Moonen/C4-5_gRNA/C4-5_gRNA_R2.fastq.gz
C4_5	/g/steinmetz/STOCKS/Data/Assay/sequencing/2025/2025-04-27_AV233002_Moonen_2433447919/Samples/Moonen/C4-5_WTX/C4-5_WTX_R1.fastq.gz
C4_5	/g/steinmetz/STOCKS/Data/Assay/sequencing/2025/2025-04-27_AV233002_Moonen_2433447919/Samples/Moonen/C4-5_WTX/C4-5_WTX_R2.fastq.gz
C4_5	/g/steinmetz/STOCKS/Data/Assay/sequencing/2025/2025-04-29_AV233002_Moonen_2433400102/Samples/Moonen/C4-5_gRNA/C4-5_gRNA_R1.fastq.gz
C4_5	/g/steinmetz/STOCKS/Data/Assay/sequencing/2025/2025-04-29_AV233002_Moonen_2433400102/Samples/Moonen/C4-5_gRNA/C4-5_gRNA_R2.fastq.gz
C4_5	/g/steinmetz/STOCKS/Data/Assay/sequencing/2025/2025-04-29_AV233002_Moonen_2433400102/Samples/Moonen/C4-5_WTX/C4-5_WTX_R1.fastq.gz
C4_5	/g/steinmetz/STOCKS/Data/Assay/sequencing/2025/2025-04-29_AV233002_Moonen_2433400102/Samples/Moonen/C4-5_WTX/C4-5_WTX_R2.fastq.gz
C4_5	/g/steinmetz/STOCKS/Data/Assay/sequencing/2025/2025-04-29_AV233002_Moonen_2433511166/Samples/Moonen/C4-5_gRNA/C4-5_gRNA_R1.fastq.gz
C4_5	/g/steinmetz/STOCKS/Data/Assay/sequencing/2025/2025-04-29_AV233002_Moonen_2433511166/Samples/Moonen/C4-5_gRNA/C4-5_gRNA_R2.fastq.gz
C4_5	/g/steinmetz/STOCKS/Data/Assay/sequencing/2025/2025-04-29_AV233002_Moonen_2433511166/Samples/Moonen/C4-5_WTX/C4-5_WTX_R1.fastq.gz
C4_5	/g/steinmetz/STOCKS/Data/Assay/sequencing/2025/2025-04-29_AV233002_Moonen_2433511166/Samples/Moonen/C4-5_WTX/C4-5_WTX_R2.fastq.gz
C4_5	/g/steinmetz/STOCKS/Data/Assay/sequencing/2025/2025-04-30_AV233002_Moonen_2421469034/Samples/Moonen/C4-5_gRNA/C4-5_gRNA_R1.fastq.gz
C4_5	/g/steinmetz/STOCKS/Data/Assay/sequencing/2025/2025-04-30_AV233002_Moonen_2421469034/Samples/Moonen/C4-5_gRNA/C4-5_gRNA_R2.fastq.gz
C4_5	/g/steinmetz/STOCKS/Data/Assay/sequencing/2025/2025-04-30_AV233002_Moonen_2421469034/Samples/Moonen/C4-5_WTX/C4-5_WTX_R1.fastq.gz
C4_5	/g/steinmetz/STOCKS/Data/Assay/sequencing/2025/2025-04-30_AV233002_Moonen_2421469034/Samples/Moonen/C4-5_WTX/C4-5_WTX_R2.fastq.gz
C4_5	/g/steinmetz/STOCKS/Data/Assay/sequencing/2025/2025-05-01_AV233002_Moonen_2433552326/Samples/Moonen/C4-5_gRNA/C4-5_gRNA_R1.fastq.gz
C4_5	/g/steinmetz/STOCKS/Data/Assay/sequencing/2025/2025-05-01_AV233002_Moonen_2433552326/Samples/Moonen/C4-5_gRNA/C4-5_gRNA_R2.fastq.gz
C4_5	/g/steinmetz/STOCKS/Data/Assay/sequencing/2025/2025-05-01_AV233002_Moonen_2433552326/Samples/Moonen/C4-5_WTX/C4-5_WTX_R1.fastq.gz
C4_5	/g/steinmetz/STOCKS/Data/Assay/sequencing/2025/2025-05-01_AV233002_Moonen_2433552326/Samples/Moonen/C4-5_WTX/C4-5_WTX_R2.fastq.gz
C4_5	/g/steinmetz/STOCKS/Data/Assay/sequencing/2025/2025-05-01_AV233002_Moonen_2433632529/Samples/Moonen/C4-5_gRNA/C4-5_gRNA_R1.fastq.gz
C4_5	/g/steinmetz/STOCKS/Data/Assay/sequencing/2025/2025-05-01_AV233002_Moonen_2433632529/Samples/Moonen/C4-5_gRNA/C4-5_gRNA_R2.fastq.gz
C4_5	/g/steinmetz/STOCKS/Data/Assay/sequencing/2025/2025-05-01_AV233002_Moonen_2433632529/Samples/Moonen/C4-5_WTX/C4-5_WTX_R1.fastq.gz
C4_5	/g/steinmetz/STOCKS/Data/Assay/sequencing/2025/2025-05-01_AV233002_Moonen_2433632529/Samples/Moonen/C4-5_WTX/C4-5_WTX_R2.fastq.gz
C4_5	/g/steinmetz/STOCKS/Data/Assay/sequencing/2025/2025-05-02_AV233002_Moonen_2438441980/Samples/Moonen/C4-5_gRNA/C4-5_gRNA_R1.fastq.gz
C4_5	/g/steinmetz/STOCKS/Data/Assay/sequencing/2025/2025-05-02_AV233002_Moonen_2438441980/Samples/Moonen/C4-5_gRNA/C4-5_gRNA_R2.fastq.gz
C4_5	/g/steinmetz/STOCKS/Data/Assay/sequencing/2025/2025-05-02_AV233002_Moonen_2438441980/Samples/Moonen/C4-5_WTX/C4-5_WTX_R1.fastq.gz
C4_5	/g/steinmetz/STOCKS/Data/Assay/sequencing/2025/2025-05-02_AV233002_Moonen_2438441980/Samples/Moonen/C4-5_WTX/C4-5_WTX_R2.fastq.gz
C4_5	/g/steinmetz/STOCKS/Data/Assay/sequencing/2025/2025-05-02_AV233002_Moonen_2438524498/Samples/Moonen/C4-5_gRNA/C4-5_gRNA_R1.fastq.gz
C4_5	/g/steinmetz/STOCKS/Data/Assay/sequencing/2025/2025-05-02_AV233002_Moonen_2438524498/Samples/Moonen/C4-5_gRNA/C4-5_gRNA_R2.fastq.gz
C4_5	/g/steinmetz/STOCKS/Data/Assay/sequencing/2025/2025-05-02_AV233002_Moonen_2438524498/Samples/Moonen/C4-5_WTX/C4-5_WTX_R1.fastq.gz
C4_5	/g/steinmetz/STOCKS/Data/Assay/sequencing/2025/2025-05-02_AV233002_Moonen_2438524498/Samples/Moonen/C4-5_WTX/C4-5_WTX_R2.fastq.gz
C4_5	/g/steinmetz/STOCKS/Data/Assay/sequencing/2025/2025-05-03_AV233002_Moonen_2438546303/Samples/Moonen/C4-5_gRNA/C4-5_gRNA_R1.fastq.gz
C4_5	/g/steinmetz/STOCKS/Data/Assay/sequencing/2025/2025-05-03_AV233002_Moonen_2438546303/Samples/Moonen/C4-5_gRNA/C4-5_gRNA_R2.fastq.gz
C4_5	/g/steinmetz/STOCKS/Data/Assay/sequencing/2025/2025-05-03_AV233002_Moonen_2438546303/Samples/Moonen/C4-5_WTX/C4-5_WTX_R1.fastq.gz
C4_5	/g/steinmetz/STOCKS/Data/Assay/sequencing/2025/2025-05-03_AV233002_Moonen_2438546303/Samples/Moonen/C4-5_WTX/C4-5_WTX_R2.fastq.gz
C4_5	/g/steinmetz/STOCKS/Data/Assay/sequencing/2025/2025-05-03_AV233002_Moonen_2438691905/Samples/Moonen/C4-5_gRNA/C4-5_gRNA_R1.fastq.gz
C4_5	/g/steinmetz/STOCKS/Data/Assay/sequencing/2025/2025-05-03_AV233002_Moonen_2438691905/Samples/Moonen/C4-5_gRNA/C4-5_gRNA_R2.fastq.gz
C4_5	/g/steinmetz/STOCKS/Data/Assay/sequencing/2025/2025-05-03_AV233002_Moonen_2438691905/Samples/Moonen/C4-5_WTX/C4-5_WTX_R1.fastq.gz
C4_5	/g/steinmetz/STOCKS/Data/Assay/sequencing/2025/2025-05-03_AV233002_Moonen_2438691905/Samples/Moonen/C4-5_WTX/C4-5_WTX_R2.fastq.gz
C4_5	/g/steinmetz/STOCKS/Data/Assay/sequencing/2025/2025-05-04_AV233002_Moonen_2438574330/Samples/Moonen/C4-5_gRNA/C4-5_gRNA_R1.fastq.gz
C4_5	/g/steinmetz/STOCKS/Data/Assay/sequencing/2025/2025-05-04_AV233002_Moonen_2438574330/Samples/Moonen/C4-5_gRNA/C4-5_gRNA_R2.fastq.gz
C4_5	/g/steinmetz/STOCKS/Data/Assay/sequencing/2025/2025-05-04_AV233002_Moonen_2438574330/Samples/Moonen/C4-5_WTX/C4-5_WTX_R1.fastq.gz
C4_5	/g/steinmetz/STOCKS/Data/Assay/sequencing/2025/2025-05-04_AV233002_Moonen_2438574330/Samples/Moonen/C4-5_WTX/C4-5_WTX_R2.fastq.gz
C4_6	/g/steinmetz/STOCKS/Data/Assay/sequencing/2025/2025-04-26_AV233002_Moonen_2433542752/Samples/Moonen/C4-6_gRNA/C4-6_gRNA_R1.fastq.gz
C4_6	/g/steinmetz/STOCKS/Data/Assay/sequencing/2025/2025-04-26_AV233002_Moonen_2433542752/Samples/Moonen/C4-6_gRNA/C4-6_gRNA_R2.fastq.gz
C4_6	/g/steinmetz/STOCKS/Data/Assay/sequencing/2025/2025-04-26_AV233002_Moonen_2433542752/Samples/Moonen/C4-6_WTX/C4-6_WTX_R1.fastq.gz
C4_6	/g/steinmetz/STOCKS/Data/Assay/sequencing/2025/2025-04-26_AV233002_Moonen_2433542752/Samples/Moonen/C4-6_WTX/C4-6_WTX_R2.fastq.gz
C4_6	/g/steinmetz/STOCKS/Data/Assay/sequencing/2025/2025-04-27_AV233002_Moonen_2424595520/Samples/Moonen/C4-6_gRNA/C4-6_gRNA_R1.fastq.gz
C4_6	/g/steinmetz/STOCKS/Data/Assay/sequencing/2025/2025-04-27_AV233002_Moonen_2424595520/Samples/Moonen/C4-6_gRNA/C4-6_gRNA_R2.fastq.gz
C4_6	/g/steinmetz/STOCKS/Data/Assay/sequencing/2025/2025-04-27_AV233002_Moonen_2424595520/Samples/Moonen/C4-6_WTX/C4-6_WTX_R1.fastq.gz
C4_6	/g/steinmetz/STOCKS/Data/Assay/sequencing/2025/2025-04-27_AV233002_Moonen_2424595520/Samples/Moonen/C4-6_WTX/C4-6_WTX_R2.fastq.gz
C4_6	/g/steinmetz/STOCKS/Data/Assay/sequencing/2025/2025-04-27_AV233002_Moonen_2433447919/Samples/Moonen/C4-6_gRNA/C4-6_gRNA_R1.fastq.gz
C4_6	/g/steinmetz/STOCKS/Data/Assay/sequencing/2025/2025-04-27_AV233002_Moonen_2433447919/Samples/Moonen/C4-6_gRNA/C4-6_gRNA_R2.fastq.gz
C4_6	/g/steinmetz/STOCKS/Data/Assay/sequencing/2025/2025-04-27_AV233002_Moonen_2433447919/Samples/Moonen/C4-6_WTX/C4-6_WTX_R1.fastq.gz
C4_6	/g/steinmetz/STOCKS/Data/Assay/sequencing/2025/2025-04-27_AV233002_Moonen_2433447919/Samples/Moonen/C4-6_WTX/C4-6_WTX_R2.fastq.gz
C4_6	/g/steinmetz/STOCKS/Data/Assay/sequencing/2025/2025-04-29_AV233002_Moonen_2433400102/Samples/Moonen/C4-6_gRNA/C4-6_gRNA_R1.fastq.gz
C4_6	/g/steinmetz/STOCKS/Data/Assay/sequencing/2025/2025-04-29_AV233002_Moonen_2433400102/Samples/Moonen/C4-6_gRNA/C4-6_gRNA_R2.fastq.gz
C4_6	/g/steinmetz/STOCKS/Data/Assay/sequencing/2025/2025-04-29_AV233002_Moonen_2433400102/Samples/Moonen/C4-6_WTX/C4-6_WTX_R1.fastq.gz
C4_6	/g/steinmetz/STOCKS/Data/Assay/sequencing/2025/2025-04-29_AV233002_Moonen_2433400102/Samples/Moonen/C4-6_WTX/C4-6_WTX_R2.fastq.gz
C4_6	/g/steinmetz/STOCKS/Data/Assay/sequencing/2025/2025-04-29_AV233002_Moonen_2433511166/Samples/Moonen/C4-6_gRNA/C4-6_gRNA_R1.fastq.gz
C4_6	/g/steinmetz/STOCKS/Data/Assay/sequencing/2025/2025-04-29_AV233002_Moonen_2433511166/Samples/Moonen/C4-6_gRNA/C4-6_gRNA_R2.fastq.gz
C4_6	/g/steinmetz/STOCKS/Data/Assay/sequencing/2025/2025-04-29_AV233002_Moonen_2433511166/Samples/Moonen/C4-6_WTX/C4-6_WTX_R1.fastq.gz
C4_6	/g/steinmetz/STOCKS/Data/Assay/sequencing/2025/2025-04-29_AV233002_Moonen_2433511166/Samples/Moonen/C4-6_WTX/C4-6_WTX_R2.fastq.gz
C4_6	/g/steinmetz/STOCKS/Data/Assay/sequencing/2025/2025-04-30_AV233002_Moonen_2421469034/Samples/Moonen/C4-6_gRNA/C4-6_gRNA_R1.fastq.gz
C4_6	/g/steinmetz/STOCKS/Data/Assay/sequencing/2025/2025-04-30_AV233002_Moonen_2421469034/Samples/Moonen/C4-6_gRNA/C4-6_gRNA_R2.fastq.gz
C4_6	/g/steinmetz/STOCKS/Data/Assay/sequencing/2025/2025-04-30_AV233002_Moonen_2421469034/Samples/Moonen/C4-6_WTX/C4-6_WTX_R1.fastq.gz
C4_6	/g/steinmetz/STOCKS/Data/Assay/sequencing/2025/2025-04-30_AV233002_Moonen_2421469034/Samples/Moonen/C4-6_WTX/C4-6_WTX_R2.fastq.gz
C4_6	/g/steinmetz/STOCKS/Data/Assay/sequencing/2025/2025-05-01_AV233002_Moonen_2433552326/Samples/Moonen/C4-6_gRNA/C4-6_gRNA_R1.fastq.gz
C4_6	/g/steinmetz/STOCKS/Data/Assay/sequencing/2025/2025-05-01_AV233002_Moonen_2433552326/Samples/Moonen/C4-6_gRNA/C4-6_gRNA_R2.fastq.gz
C4_6	/g/steinmetz/STOCKS/Data/Assay/sequencing/2025/2025-05-01_AV233002_Moonen_2433552326/Samples/Moonen/C4-6_WTX/C4-6_WTX_R1.fastq.gz
C4_6	/g/steinmetz/STOCKS/Data/Assay/sequencing/2025/2025-05-01_AV233002_Moonen_2433552326/Samples/Moonen/C4-6_WTX/C4-6_WTX_R2.fastq.gz
C4_6	/g/steinmetz/STOCKS/Data/Assay/sequencing/2025/2025-05-01_AV233002_Moonen_2433632529/Samples/Moonen/C4-6_gRNA/C4-6_gRNA_R1.fastq.gz
C4_6	/g/steinmetz/STOCKS/Data/Assay/sequencing/2025/2025-05-01_AV233002_Moonen_2433632529/Samples/Moonen/C4-6_gRNA/C4-6_gRNA_R2.fastq.gz
C4_6	/g/steinmetz/STOCKS/Data/Assay/sequencing/2025/2025-05-01_AV233002_Moonen_2433632529/Samples/Moonen/C4-6_WTX/C4-6_WTX_R1.fastq.gz
C4_6	/g/steinmetz/STOCKS/Data/Assay/sequencing/2025/2025-05-01_AV233002_Moonen_2433632529/Samples/Moonen/C4-6_WTX/C4-6_WTX_R2.fastq.gz
C4_6	/g/steinmetz/STOCKS/Data/Assay/sequencing/2025/2025-05-02_AV233002_Moonen_2438441980/Samples/Moonen/C4-6_gRNA/C4-6_gRNA_R1.fastq.gz
C4_6	/g/steinmetz/STOCKS/Data/Assay/sequencing/2025/2025-05-02_AV233002_Moonen_2438441980/Samples/Moonen/C4-6_gRNA/C4-6_gRNA_R2.fastq.gz
C4_6	/g/steinmetz/STOCKS/Data/Assay/sequencing/2025/2025-05-02_AV233002_Moonen_2438441980/Samples/Moonen/C4-6_WTX/C4-6_WTX_R1.fastq.gz
C4_6	/g/steinmetz/STOCKS/Data/Assay/sequencing/2025/2025-05-02_AV233002_Moonen_2438441980/Samples/Moonen/C4-6_WTX/C4-6_WTX_R2.fastq.gz
C4_6	/g/steinmetz/STOCKS/Data/Assay/sequencing/2025/2025-05-02_AV233002_Moonen_2438524498/Samples/Moonen/C4-6_gRNA/C4-6_gRNA_R1.fastq.gz
C4_6	/g/steinmetz/STOCKS/Data/Assay/sequencing/2025/2025-05-02_AV233002_Moonen_2438524498/Samples/Moonen/C4-6_gRNA/C4-6_gRNA_R2.fastq.gz
C4_6	/g/steinmetz/STOCKS/Data/Assay/sequencing/2025/2025-05-02_AV233002_Moonen_2438524498/Samples/Moonen/C4-6_WTX/C4-6_WTX_R1.fastq.gz
C4_6	/g/steinmetz/STOCKS/Data/Assay/sequencing/2025/2025-05-02_AV233002_Moonen_2438524498/Samples/Moonen/C4-6_WTX/C4-6_WTX_R2.fastq.gz
C4_6	/g/steinmetz/STOCKS/Data/Assay/sequencing/2025/2025-05-03_AV233002_Moonen_2438546303/Samples/Moonen/C4-6_gRNA/C4-6_gRNA_R1.fastq.gz
C4_6	/g/steinmetz/STOCKS/Data/Assay/sequencing/2025/2025-05-03_AV233002_Moonen_2438546303/Samples/Moonen/C4-6_gRNA/C4-6_gRNA_R2.fastq.gz
C4_6	/g/steinmetz/STOCKS/Data/Assay/sequencing/2025/2025-05-03_AV233002_Moonen_2438546303/Samples/Moonen/C4-6_WTX/C4-6_WTX_R1.fastq.gz
C4_6	/g/steinmetz/STOCKS/Data/Assay/sequencing/2025/2025-05-03_AV233002_Moonen_2438546303/Samples/Moonen/C4-6_WTX/C4-6_WTX_R2.fastq.gz
C4_6	/g/steinmetz/STOCKS/Data/Assay/sequencing/2025/2025-05-03_AV233002_Moonen_2438691905/Samples/Moonen/C4-6_gRNA/C4-6_gRNA_R1.fastq.gz
C4_6	/g/steinmetz/STOCKS/Data/Assay/sequencing/2025/2025-05-03_AV233002_Moonen_2438691905/Samples/Moonen/C4-6_gRNA/C4-6_gRNA_R2.fastq.gz
C4_6	/g/steinmetz/STOCKS/Data/Assay/sequencing/2025/2025-05-03_AV233002_Moonen_2438691905/Samples/Moonen/C4-6_WTX/C4-6_WTX_R1.fastq.gz
C4_6	/g/steinmetz/STOCKS/Data/Assay/sequencing/2025/2025-05-03_AV233002_Moonen_2438691905/Samples/Moonen/C4-6_WTX/C4-6_WTX_R2.fastq.gz
C4_6	/g/steinmetz/STOCKS/Data/Assay/sequencing/2025/2025-05-04_AV233002_Moonen_2438574330/Samples/Moonen/C4-6_gRNA/C4-6_gRNA_R1.fastq.gz
C4_6	/g/steinmetz/STOCKS/Data/Assay/sequencing/2025/2025-05-04_AV233002_Moonen_2438574330/Samples/Moonen/C4-6_gRNA/C4-6_gRNA_R2.fastq.gz
C4_6	/g/steinmetz/STOCKS/Data/Assay/sequencing/2025/2025-05-04_AV233002_Moonen_2438574330/Samples/Moonen/C4-6_WTX/C4-6_WTX_R1.fastq.gz
C4_6	/g/steinmetz/STOCKS/Data/Assay/sequencing/2025/2025-05-04_AV233002_Moonen_2438574330/Samples/Moonen/C4-6_WTX/C4-6_WTX_R2.fastq.gz
C4_7	/g/steinmetz/STOCKS/Data/Assay/sequencing/2025/2025-04-26_AV233002_Moonen_2433542752/Samples/Moonen/C4-7_gRNA/C4-7_gRNA_R1.fastq.gz
C4_7	/g/steinmetz/STOCKS/Data/Assay/sequencing/2025/2025-04-26_AV233002_Moonen_2433542752/Samples/Moonen/C4-7_gRNA/C4-7_gRNA_R2.fastq.gz
C4_7	/g/steinmetz/STOCKS/Data/Assay/sequencing/2025/2025-04-26_AV233002_Moonen_2433542752/Samples/Moonen/C4-7_WTX/C4-7_WTX_R1.fastq.gz
C4_7	/g/steinmetz/STOCKS/Data/Assay/sequencing/2025/2025-04-26_AV233002_Moonen_2433542752/Samples/Moonen/C4-7_WTX/C4-7_WTX_R2.fastq.gz
C4_7	/g/steinmetz/STOCKS/Data/Assay/sequencing/2025/2025-04-27_AV233002_Moonen_2424595520/Samples/Moonen/C4-7_gRNA/C4-7_gRNA_R1.fastq.gz
C4_7	/g/steinmetz/STOCKS/Data/Assay/sequencing/2025/2025-04-27_AV233002_Moonen_2424595520/Samples/Moonen/C4-7_gRNA/C4-7_gRNA_R2.fastq.gz
C4_7	/g/steinmetz/STOCKS/Data/Assay/sequencing/2025/2025-04-27_AV233002_Moonen_2424595520/Samples/Moonen/C4-7_WTX/C4-7_WTX_R1.fastq.gz
C4_7	/g/steinmetz/STOCKS/Data/Assay/sequencing/2025/2025-04-27_AV233002_Moonen_2424595520/Samples/Moonen/C4-7_WTX/C4-7_WTX_R2.fastq.gz
C4_7	/g/steinmetz/STOCKS/Data/Assay/sequencing/2025/2025-04-27_AV233002_Moonen_2433447919/Samples/Moonen/C4-7_gRNA/C4-7_gRNA_R1.fastq.gz
C4_7	/g/steinmetz/STOCKS/Data/Assay/sequencing/2025/2025-04-27_AV233002_Moonen_2433447919/Samples/Moonen/C4-7_gRNA/C4-7_gRNA_R2.fastq.gz
C4_7	/g/steinmetz/STOCKS/Data/Assay/sequencing/2025/2025-04-27_AV233002_Moonen_2433447919/Samples/Moonen/C4-7_WTX/C4-7_WTX_R1.fastq.gz
C4_7	/g/steinmetz/STOCKS/Data/Assay/sequencing/2025/2025-04-27_AV233002_Moonen_2433447919/Samples/Moonen/C4-7_WTX/C4-7_WTX_R2.fastq.gz
C4_7	/g/steinmetz/STOCKS/Data/Assay/sequencing/2025/2025-04-29_AV233002_Moonen_2433400102/Samples/Moonen/C4-7_gRNA/C4-7_gRNA_R1.fastq.gz
C4_7	/g/steinmetz/STOCKS/Data/Assay/sequencing/2025/2025-04-29_AV233002_Moonen_2433400102/Samples/Moonen/C4-7_gRNA/C4-7_gRNA_R2.fastq.gz
C4_7	/g/steinmetz/STOCKS/Data/Assay/sequencing/2025/2025-04-29_AV233002_Moonen_2433400102/Samples/Moonen/C4-7_WTX/C4-7_WTX_R1.fastq.gz
C4_7	/g/steinmetz/STOCKS/Data/Assay/sequencing/2025/2025-04-29_AV233002_Moonen_2433400102/Samples/Moonen/C4-7_WTX/C4-7_WTX_R2.fastq.gz
C4_7	/g/steinmetz/STOCKS/Data/Assay/sequencing/2025/2025-04-29_AV233002_Moonen_2433511166/Samples/Moonen/C4-7_gRNA/C4-7_gRNA_R1.fastq.gz
C4_7	/g/steinmetz/STOCKS/Data/Assay/sequencing/2025/2025-04-29_AV233002_Moonen_2433511166/Samples/Moonen/C4-7_gRNA/C4-7_gRNA_R2.fastq.gz
C4_7	/g/steinmetz/STOCKS/Data/Assay/sequencing/2025/2025-04-29_AV233002_Moonen_2433511166/Samples/Moonen/C4-7_WTX/C4-7_WTX_R1.fastq.gz
C4_7	/g/steinmetz/STOCKS/Data/Assay/sequencing/2025/2025-04-29_AV233002_Moonen_2433511166/Samples/Moonen/C4-7_WTX/C4-7_WTX_R2.fastq.gz
C4_7	/g/steinmetz/STOCKS/Data/Assay/sequencing/2025/2025-04-30_AV233002_Moonen_2421469034/Samples/Moonen/C4-7_gRNA/C4-7_gRNA_R1.fastq.gz
C4_7	/g/steinmetz/STOCKS/Data/Assay/sequencing/2025/2025-04-30_AV233002_Moonen_2421469034/Samples/Moonen/C4-7_gRNA/C4-7_gRNA_R2.fastq.gz
C4_7	/g/steinmetz/STOCKS/Data/Assay/sequencing/2025/2025-04-30_AV233002_Moonen_2421469034/Samples/Moonen/C4-7_WTX/C4-7_WTX_R1.fastq.gz
C4_7	/g/steinmetz/STOCKS/Data/Assay/sequencing/2025/2025-04-30_AV233002_Moonen_2421469034/Samples/Moonen/C4-7_WTX/C4-7_WTX_R2.fastq.gz
C4_7	/g/steinmetz/STOCKS/Data/Assay/sequencing/2025/2025-05-01_AV233002_Moonen_2433552326/Samples/Moonen/C4-7_gRNA/C4-7_gRNA_R1.fastq.gz
C4_7	/g/steinmetz/STOCKS/Data/Assay/sequencing/2025/2025-05-01_AV233002_Moonen_2433552326/Samples/Moonen/C4-7_gRNA/C4-7_gRNA_R2.fastq.gz
C4_7	/g/steinmetz/STOCKS/Data/Assay/sequencing/2025/2025-05-01_AV233002_Moonen_2433552326/Samples/Moonen/C4-7_WTX/C4-7_WTX_R1.fastq.gz
C4_7	/g/steinmetz/STOCKS/Data/Assay/sequencing/2025/2025-05-01_AV233002_Moonen_2433552326/Samples/Moonen/C4-7_WTX/C4-7_WTX_R2.fastq.gz
C4_7	/g/steinmetz/STOCKS/Data/Assay/sequencing/2025/2025-05-01_AV233002_Moonen_2433632529/Samples/Moonen/C4-7_gRNA/C4-7_gRNA_R1.fastq.gz
C4_7	/g/steinmetz/STOCKS/Data/Assay/sequencing/2025/2025-05-01_AV233002_Moonen_2433632529/Samples/Moonen/C4-7_gRNA/C4-7_gRNA_R2.fastq.gz
C4_7	/g/steinmetz/STOCKS/Data/Assay/sequencing/2025/2025-05-01_AV233002_Moonen_2433632529/Samples/Moonen/C4-7_WTX/C4-7_WTX_R1.fastq.gz
C4_7	/g/steinmetz/STOCKS/Data/Assay/sequencing/2025/2025-05-01_AV233002_Moonen_2433632529/Samples/Moonen/C4-7_WTX/C4-7_WTX_R2.fastq.gz
C4_7	/g/steinmetz/STOCKS/Data/Assay/sequencing/2025/2025-05-02_AV233002_Moonen_2438441980/Samples/Moonen/C4-7_gRNA/C4-7_gRNA_R1.fastq.gz
C4_7	/g/steinmetz/STOCKS/Data/Assay/sequencing/2025/2025-05-02_AV233002_Moonen_2438441980/Samples/Moonen/C4-7_gRNA/C4-7_gRNA_R2.fastq.gz
C4_7	/g/steinmetz/STOCKS/Data/Assay/sequencing/2025/2025-05-02_AV233002_Moonen_2438441980/Samples/Moonen/C4-7_WTX/C4-7_WTX_R1.fastq.gz
C4_7	/g/steinmetz/STOCKS/Data/Assay/sequencing/2025/2025-05-02_AV233002_Moonen_2438441980/Samples/Moonen/C4-7_WTX/C4-7_WTX_R2.fastq.gz
C4_7	/g/steinmetz/STOCKS/Data/Assay/sequencing/2025/2025-05-02_AV233002_Moonen_2438524498/Samples/Moonen/C4-7_gRNA/C4-7_gRNA_R1.fastq.gz
C4_7	/g/steinmetz/STOCKS/Data/Assay/sequencing/2025/2025-05-02_AV233002_Moonen_2438524498/Samples/Moonen/C4-7_gRNA/C4-7_gRNA_R2.fastq.gz
C4_7	/g/steinmetz/STOCKS/Data/Assay/sequencing/2025/2025-05-02_AV233002_Moonen_2438524498/Samples/Moonen/C4-7_WTX/C4-7_WTX_R1.fastq.gz
C4_7	/g/steinmetz/STOCKS/Data/Assay/sequencing/2025/2025-05-02_AV233002_Moonen_2438524498/Samples/Moonen/C4-7_WTX/C4-7_WTX_R2.fastq.gz
C4_7	/g/steinmetz/STOCKS/Data/Assay/sequencing/2025/2025-05-03_AV233002_Moonen_2438546303/Samples/Moonen/C4-7_gRNA/C4-7_gRNA_R1.fastq.gz
C4_7	/g/steinmetz/STOCKS/Data/Assay/sequencing/2025/2025-05-03_AV233002_Moonen_2438546303/Samples/Moonen/C4-7_gRNA/C4-7_gRNA_R2.fastq.gz
C4_7	/g/steinmetz/STOCKS/Data/Assay/sequencing/2025/2025-05-03_AV233002_Moonen_2438546303/Samples/Moonen/C4-7_WTX/C4-7_WTX_R1.fastq.gz
C4_7	/g/steinmetz/STOCKS/Data/Assay/sequencing/2025/2025-05-03_AV233002_Moonen_2438546303/Samples/Moonen/C4-7_WTX/C4-7_WTX_R2.fastq.gz
C4_7	/g/steinmetz/STOCKS/Data/Assay/sequencing/2025/2025-05-03_AV233002_Moonen_2438691905/Samples/Moonen/C4-7_gRNA/C4-7_gRNA_R1.fastq.gz
C4_7	/g/steinmetz/STOCKS/Data/Assay/sequencing/2025/2025-05-03_AV233002_Moonen_2438691905/Samples/Moonen/C4-7_gRNA/C4-7_gRNA_R2.fastq.gz
C4_7	/g/steinmetz/STOCKS/Data/Assay/sequencing/2025/2025-05-03_AV233002_Moonen_2438691905/Samples/Moonen/C4-7_WTX/C4-7_WTX_R1.fastq.gz
C4_7	/g/steinmetz/STOCKS/Data/Assay/sequencing/2025/2025-05-03_AV233002_Moonen_2438691905/Samples/Moonen/C4-7_WTX/C4-7_WTX_R2.fastq.gz
C4_7	/g/steinmetz/STOCKS/Data/Assay/sequencing/2025/2025-05-04_AV233002_Moonen_2438574330/Samples/Moonen/C4-7_gRNA/C4-7_gRNA_R1.fastq.gz
C4_7	/g/steinmetz/STOCKS/Data/Assay/sequencing/2025/2025-05-04_AV233002_Moonen_2438574330/Samples/Moonen/C4-7_gRNA/C4-7_gRNA_R2.fastq.gz
C4_7	/g/steinmetz/STOCKS/Data/Assay/sequencing/2025/2025-05-04_AV233002_Moonen_2438574330/Samples/Moonen/C4-7_WTX/C4-7_WTX_R1.fastq.gz
C4_7	/g/steinmetz/STOCKS/Data/Assay/sequencing/2025/2025-05-04_AV233002_Moonen_2438574330/Samples/Moonen/C4-7_WTX/C4-7_WTX_R2.fastq.gz
C4_8	/g/steinmetz/STOCKS/Data/Assay/sequencing/2025/2025-04-26_AV233002_Moonen_2433542752/Samples/Moonen/C4-8_gRNA/C4-8_gRNA_R1.fastq.gz
C4_8	/g/steinmetz/STOCKS/Data/Assay/sequencing/2025/2025-04-26_AV233002_Moonen_2433542752/Samples/Moonen/C4-8_gRNA/C4-8_gRNA_R2.fastq.gz
C4_8	/g/steinmetz/STOCKS/Data/Assay/sequencing/2025/2025-04-26_AV233002_Moonen_2433542752/Samples/Moonen/C4-8_WTX/C4-8_WTX_R1.fastq.gz
C4_8	/g/steinmetz/STOCKS/Data/Assay/sequencing/2025/2025-04-26_AV233002_Moonen_2433542752/Samples/Moonen/C4-8_WTX/C4-8_WTX_R2.fastq.gz
C4_8	/g/steinmetz/STOCKS/Data/Assay/sequencing/2025/2025-04-27_AV233002_Moonen_2424595520/Samples/Moonen/C4-8_gRNA/C4-8_gRNA_R1.fastq.gz
C4_8	/g/steinmetz/STOCKS/Data/Assay/sequencing/2025/2025-04-27_AV233002_Moonen_2424595520/Samples/Moonen/C4-8_gRNA/C4-8_gRNA_R2.fastq.gz
C4_8	/g/steinmetz/STOCKS/Data/Assay/sequencing/2025/2025-04-27_AV233002_Moonen_2424595520/Samples/Moonen/C4-8_WTX/C4-8_WTX_R1.fastq.gz
C4_8	/g/steinmetz/STOCKS/Data/Assay/sequencing/2025/2025-04-27_AV233002_Moonen_2424595520/Samples/Moonen/C4-8_WTX/C4-8_WTX_R2.fastq.gz
C4_8	/g/steinmetz/STOCKS/Data/Assay/sequencing/2025/2025-04-27_AV233002_Moonen_2433447919/Samples/Moonen/C4-8_gRNA/C4-8_gRNA_R1.fastq.gz
C4_8	/g/steinmetz/STOCKS/Data/Assay/sequencing/2025/2025-04-27_AV233002_Moonen_2433447919/Samples/Moonen/C4-8_gRNA/C4-8_gRNA_R2.fastq.gz
C4_8	/g/steinmetz/STOCKS/Data/Assay/sequencing/2025/2025-04-27_AV233002_Moonen_2433447919/Samples/Moonen/C4-8_WTX/C4-8_WTX_R1.fastq.gz
C4_8	/g/steinmetz/STOCKS/Data/Assay/sequencing/2025/2025-04-27_AV233002_Moonen_2433447919/Samples/Moonen/C4-8_WTX/C4-8_WTX_R2.fastq.gz
C4_8	/g/steinmetz/STOCKS/Data/Assay/sequencing/2025/2025-04-29_AV233002_Moonen_2433400102/Samples/Moonen/C4-8_gRNA/C4-8_gRNA_R1.fastq.gz
C4_8	/g/steinmetz/STOCKS/Data/Assay/sequencing/2025/2025-04-29_AV233002_Moonen_2433400102/Samples/Moonen/C4-8_gRNA/C4-8_gRNA_R2.fastq.gz
C4_8	/g/steinmetz/STOCKS/Data/Assay/sequencing/2025/2025-04-29_AV233002_Moonen_2433400102/Samples/Moonen/C4-8_WTX/C4-8_WTX_R1.fastq.gz
C4_8	/g/steinmetz/STOCKS/Data/Assay/sequencing/2025/2025-04-29_AV233002_Moonen_2433400102/Samples/Moonen/C4-8_WTX/C4-8_WTX_R2.fastq.gz
C4_8	/g/steinmetz/STOCKS/Data/Assay/sequencing/2025/2025-04-29_AV233002_Moonen_2433511166/Samples/Moonen/C4-8_gRNA/C4-8_gRNA_R1.fastq.gz
C4_8	/g/steinmetz/STOCKS/Data/Assay/sequencing/2025/2025-04-29_AV233002_Moonen_2433511166/Samples/Moonen/C4-8_gRNA/C4-8_gRNA_R2.fastq.gz
C4_8	/g/steinmetz/STOCKS/Data/Assay/sequencing/2025/2025-04-29_AV233002_Moonen_2433511166/Samples/Moonen/C4-8_WTX/C4-8_WTX_R1.fastq.gz
C4_8	/g/steinmetz/STOCKS/Data/Assay/sequencing/2025/2025-04-29_AV233002_Moonen_2433511166/Samples/Moonen/C4-8_WTX/C4-8_WTX_R2.fastq.gz
C4_8	/g/steinmetz/STOCKS/Data/Assay/sequencing/2025/2025-04-30_AV233002_Moonen_2421469034/Samples/Moonen/C4-8_gRNA/C4-8_gRNA_R1.fastq.gz
C4_8	/g/steinmetz/STOCKS/Data/Assay/sequencing/2025/2025-04-30_AV233002_Moonen_2421469034/Samples/Moonen/C4-8_gRNA/C4-8_gRNA_R2.fastq.gz
C4_8	/g/steinmetz/STOCKS/Data/Assay/sequencing/2025/2025-04-30_AV233002_Moonen_2421469034/Samples/Moonen/C4-8_WTX/C4-8_WTX_R1.fastq.gz
C4_8	/g/steinmetz/STOCKS/Data/Assay/sequencing/2025/2025-04-30_AV233002_Moonen_2421469034/Samples/Moonen/C4-8_WTX/C4-8_WTX_R2.fastq.gz
C4_8	/g/steinmetz/STOCKS/Data/Assay/sequencing/2025/2025-05-01_AV233002_Moonen_2433552326/Samples/Moonen/C4-8_gRNA/C4-8_gRNA_R1.fastq.gz
C4_8	/g/steinmetz/STOCKS/Data/Assay/sequencing/2025/2025-05-01_AV233002_Moonen_2433552326/Samples/Moonen/C4-8_gRNA/C4-8_gRNA_R2.fastq.gz
C4_8	/g/steinmetz/STOCKS/Data/Assay/sequencing/2025/2025-05-01_AV233002_Moonen_2433552326/Samples/Moonen/C4-8_WTX/C4-8_WTX_R1.fastq.gz
C4_8	/g/steinmetz/STOCKS/Data/Assay/sequencing/2025/2025-05-01_AV233002_Moonen_2433552326/Samples/Moonen/C4-8_WTX/C4-8_WTX_R2.fastq.gz
C4_8	/g/steinmetz/STOCKS/Data/Assay/sequencing/2025/2025-05-01_AV233002_Moonen_2433632529/Samples/Moonen/C4-8_gRNA/C4-8_gRNA_R1.fastq.gz
C4_8	/g/steinmetz/STOCKS/Data/Assay/sequencing/2025/2025-05-01_AV233002_Moonen_2433632529/Samples/Moonen/C4-8_gRNA/C4-8_gRNA_R2.fastq.gz
C4_8	/g/steinmetz/STOCKS/Data/Assay/sequencing/2025/2025-05-01_AV233002_Moonen_2433632529/Samples/Moonen/C4-8_WTX/C4-8_WTX_R1.fastq.gz
C4_8	/g/steinmetz/STOCKS/Data/Assay/sequencing/2025/2025-05-01_AV233002_Moonen_2433632529/Samples/Moonen/C4-8_WTX/C4-8_WTX_R2.fastq.gz
C4_8	/g/steinmetz/STOCKS/Data/Assay/sequencing/2025/2025-05-02_AV233002_Moonen_2438441980/Samples/Moonen/C4-8_gRNA/C4-8_gRNA_R1.fastq.gz
C4_8	/g/steinmetz/STOCKS/Data/Assay/sequencing/2025/2025-05-02_AV233002_Moonen_2438441980/Samples/Moonen/C4-8_gRNA/C4-8_gRNA_R2.fastq.gz
C4_8	/g/steinmetz/STOCKS/Data/Assay/sequencing/2025/2025-05-02_AV233002_Moonen_2438441980/Samples/Moonen/C4-8_WTX/C4-8_WTX_R1.fastq.gz
C4_8	/g/steinmetz/STOCKS/Data/Assay/sequencing/2025/2025-05-02_AV233002_Moonen_2438441980/Samples/Moonen/C4-8_WTX/C4-8_WTX_R2.fastq.gz
C4_8	/g/steinmetz/STOCKS/Data/Assay/sequencing/2025/2025-05-02_AV233002_Moonen_2438524498/Samples/Moonen/C4-8_gRNA/C4-8_gRNA_R1.fastq.gz
C4_8	/g/steinmetz/STOCKS/Data/Assay/sequencing/2025/2025-05-02_AV233002_Moonen_2438524498/Samples/Moonen/C4-8_gRNA/C4-8_gRNA_R2.fastq.gz
C4_8	/g/steinmetz/STOCKS/Data/Assay/sequencing/2025/2025-05-02_AV233002_Moonen_2438524498/Samples/Moonen/C4-8_WTX/C4-8_WTX_R1.fastq.gz
C4_8	/g/steinmetz/STOCKS/Data/Assay/sequencing/2025/2025-05-02_AV233002_Moonen_2438524498/Samples/Moonen/C4-8_WTX/C4-8_WTX_R2.fastq.gz
C4_8	/g/steinmetz/STOCKS/Data/Assay/sequencing/2025/2025-05-03_AV233002_Moonen_2438546303/Samples/Moonen/C4-8_gRNA/C4-8_gRNA_R1.fastq.gz
C4_8	/g/steinmetz/STOCKS/Data/Assay/sequencing/2025/2025-05-03_AV233002_Moonen_2438546303/Samples/Moonen/C4-8_gRNA/C4-8_gRNA_R2.fastq.gz
C4_8	/g/steinmetz/STOCKS/Data/Assay/sequencing/2025/2025-05-03_AV233002_Moonen_2438546303/Samples/Moonen/C4-8_WTX/C4-8_WTX_R1.fastq.gz
C4_8	/g/steinmetz/STOCKS/Data/Assay/sequencing/2025/2025-05-03_AV233002_Moonen_2438546303/Samples/Moonen/C4-8_WTX/C4-8_WTX_R2.fastq.gz
C4_8	/g/steinmetz/STOCKS/Data/Assay/sequencing/2025/2025-05-03_AV233002_Moonen_2438691905/Samples/Moonen/C4-8_gRNA/C4-8_gRNA_R1.fastq.gz
C4_8	/g/steinmetz/STOCKS/Data/Assay/sequencing/2025/2025-05-03_AV233002_Moonen_2438691905/Samples/Moonen/C4-8_gRNA/C4-8_gRNA_R2.fastq.gz
C4_8	/g/steinmetz/STOCKS/Data/Assay/sequencing/2025/2025-05-03_AV233002_Moonen_2438691905/Samples/Moonen/C4-8_WTX/C4-8_WTX_R1.fastq.gz
C4_8	/g/steinmetz/STOCKS/Data/Assay/sequencing/2025/2025-05-03_AV233002_Moonen_2438691905/Samples/Moonen/C4-8_WTX/C4-8_WTX_R2.fastq.gz
C4_8	/g/steinmetz/STOCKS/Data/Assay/sequencing/2025/2025-05-04_AV233002_Moonen_2438574330/Samples/Moonen/C4-8_gRNA/C4-8_gRNA_R1.fastq.gz
C4_8	/g/steinmetz/STOCKS/Data/Assay/sequencing/2025/2025-05-04_AV233002_Moonen_2438574330/Samples/Moonen/C4-8_gRNA/C4-8_gRNA_R2.fastq.gz
C4_8	/g/steinmetz/STOCKS/Data/Assay/sequencing/2025/2025-05-04_AV233002_Moonen_2438574330/Samples/Moonen/C4-8_WTX/C4-8_WTX_R1.fastq.gz
C4_8	/g/steinmetz/STOCKS/Data/Assay/sequencing/2025/2025-05-04_AV233002_Moonen_2438574330/Samples/Moonen/C4-8_WTX/C4-8_WTX_R2.fastq.gz
C7_1	/g/steinmetz/STOCKS/Data/Assay/sequencing/2025/2025-05-14_AV233002_Moonen_2438489511/Samples/Moonen/C7_1_gRNA/C7_1_gRNA_R1.fastq.gz
C7_1	/g/steinmetz/STOCKS/Data/Assay/sequencing/2025/2025-05-14_AV233002_Moonen_2438489511/Samples/Moonen/C7_1_gRNA/C7_1_gRNA_R2.fastq.gz
C7_1	/g/steinmetz/STOCKS/Data/Assay/sequencing/2025/2025-05-14_AV233002_Moonen_2438489511/Samples/Moonen/C7_1_WTX/C7_1_WTX_R1.fastq.gz
C7_1	/g/steinmetz/STOCKS/Data/Assay/sequencing/2025/2025-05-14_AV233002_Moonen_2438489511/Samples/Moonen/C7_1_WTX/C7_1_WTX_R2.fastq.gz
C7_1	/g/steinmetz/STOCKS/Data/Assay/sequencing/2025/2025-05-14_AV233002_Moonen_2438644260/Samples/Moonen/C7_1_gRNA/C7_1_gRNA_R1.fastq.gz
C7_1	/g/steinmetz/STOCKS/Data/Assay/sequencing/2025/2025-05-14_AV233002_Moonen_2438644260/Samples/Moonen/C7_1_gRNA/C7_1_gRNA_R2.fastq.gz
C7_1	/g/steinmetz/STOCKS/Data/Assay/sequencing/2025/2025-05-14_AV233002_Moonen_2438644260/Samples/Moonen/C7_1_WTX/C7_1_WTX_R1.fastq.gz
C7_1	/g/steinmetz/STOCKS/Data/Assay/sequencing/2025/2025-05-14_AV233002_Moonen_2438644260/Samples/Moonen/C7_1_WTX/C7_1_WTX_R2.fastq.gz
C7_1	/g/steinmetz/STOCKS/Data/Assay/sequencing/2025/2025-05-17_AV233002_Moonen_2438452623/Samples/Moonen/C7_1_gRNA/C7_1_gRNA_R1.fastq.gz
C7_1	/g/steinmetz/STOCKS/Data/Assay/sequencing/2025/2025-05-17_AV233002_Moonen_2438452623/Samples/Moonen/C7_1_gRNA/C7_1_gRNA_R2.fastq.gz
C7_1	/g/steinmetz/STOCKS/Data/Assay/sequencing/2025/2025-05-17_AV233002_Moonen_2438452623/Samples/Moonen/C7_1_WTX/C7_1_WTX_R1.fastq.gz
C7_1	/g/steinmetz/STOCKS/Data/Assay/sequencing/2025/2025-05-17_AV233002_Moonen_2438452623/Samples/Moonen/C7_1_WTX/C7_1_WTX_R2.fastq.gz
C7_1	/g/steinmetz/STOCKS/Data/Assay/sequencing/2025/2025-05-17_AV233002_Moonen_2438572935/Samples/Moonen/C7_1_gRNA/C7_1_gRNA_R1.fastq.gz
C7_1	/g/steinmetz/STOCKS/Data/Assay/sequencing/2025/2025-05-17_AV233002_Moonen_2438572935/Samples/Moonen/C7_1_gRNA/C7_1_gRNA_R2.fastq.gz
C7_1	/g/steinmetz/STOCKS/Data/Assay/sequencing/2025/2025-05-17_AV233002_Moonen_2438572935/Samples/Moonen/C7_1_WTX/C7_1_WTX_R1.fastq.gz
C7_1	/g/steinmetz/STOCKS/Data/Assay/sequencing/2025/2025-05-17_AV233002_Moonen_2438572935/Samples/Moonen/C7_1_WTX/C7_1_WTX_R2.fastq.gz
C7_1	/g/steinmetz/STOCKS/Data/Assay/sequencing/2025/2025-05-18_AV233002_Moonen_2438505999/Samples/Moonen/C7_1_gRNA/C7_1_gRNA_R1.fastq.gz
C7_1	/g/steinmetz/STOCKS/Data/Assay/sequencing/2025/2025-05-18_AV233002_Moonen_2438505999/Samples/Moonen/C7_1_gRNA/C7_1_gRNA_R2.fastq.gz
C7_1	/g/steinmetz/STOCKS/Data/Assay/sequencing/2025/2025-05-18_AV233002_Moonen_2438505999/Samples/Moonen/C7_1_WTX/C7_1_WTX_R1.fastq.gz
C7_1	/g/steinmetz/STOCKS/Data/Assay/sequencing/2025/2025-05-18_AV233002_Moonen_2438505999/Samples/Moonen/C7_1_WTX/C7_1_WTX_R2.fastq.gz
C7_1	/g/steinmetz/STOCKS/Data/Assay/sequencing/2025/2025-05-18_AV233002_Moonen_2438695442/Samples/Moonen/C7_1_gRNA/C7_1_gRNA_R1.fastq.gz
C7_1	/g/steinmetz/STOCKS/Data/Assay/sequencing/2025/2025-05-18_AV233002_Moonen_2438695442/Samples/Moonen/C7_1_gRNA/C7_1_gRNA_R2.fastq.gz
C7_1	/g/steinmetz/STOCKS/Data/Assay/sequencing/2025/2025-05-18_AV233002_Moonen_2438695442/Samples/Moonen/C7_1_WTX/C7_1_WTX_R1.fastq.gz
C7_1	/g/steinmetz/STOCKS/Data/Assay/sequencing/2025/2025-05-18_AV233002_Moonen_2438695442/Samples/Moonen/C7_1_WTX/C7_1_WTX_R2.fastq.gz
C7_1	/g/steinmetz/STOCKS/Data/Assay/sequencing/2025/2025-05-20_AV233002_Moonen_2437409943/Samples/Moonen/C7_1_gRNA/C7_1_gRNA_R1.fastq.gz
C7_1	/g/steinmetz/STOCKS/Data/Assay/sequencing/2025/2025-05-20_AV233002_Moonen_2437409943/Samples/Moonen/C7_1_gRNA/C7_1_gRNA_R2.fastq.gz
C7_1	/g/steinmetz/STOCKS/Data/Assay/sequencing/2025/2025-05-20_AV233002_Moonen_2437409943/Samples/Moonen/C7_1_WTX/C7_1_WTX_R1.fastq.gz
C7_1	/g/steinmetz/STOCKS/Data/Assay/sequencing/2025/2025-05-20_AV233002_Moonen_2437409943/Samples/Moonen/C7_1_WTX/C7_1_WTX_R2.fastq.gz
C7_1	/g/steinmetz/STOCKS/Data/Assay/sequencing/2025/2025-05-20_AV233002_Moonen_2438562601/Samples/Moonen/C7_1_gRNA/C7_1_gRNA_R1.fastq.gz
C7_1	/g/steinmetz/STOCKS/Data/Assay/sequencing/2025/2025-05-20_AV233002_Moonen_2438562601/Samples/Moonen/C7_1_gRNA/C7_1_gRNA_R2.fastq.gz
C7_1	/g/steinmetz/STOCKS/Data/Assay/sequencing/2025/2025-05-20_AV233002_Moonen_2438562601/Samples/Moonen/C7_1_WTX/C7_1_WTX_R1.fastq.gz
C7_1	/g/steinmetz/STOCKS/Data/Assay/sequencing/2025/2025-05-20_AV233002_Moonen_2438562601/Samples/Moonen/C7_1_WTX/C7_1_WTX_R2.fastq.gz
C7_1	/g/steinmetz/STOCKS/Data/Assay/sequencing/2025/2025-05-22_AV233002_Moonen_2435445173/Samples/Moonen/C7_1_gRNA/C7_1_gRNA_R1.fastq.gz
C7_1	/g/steinmetz/STOCKS/Data/Assay/sequencing/2025/2025-05-22_AV233002_Moonen_2435445173/Samples/Moonen/C7_1_gRNA/C7_1_gRNA_R2.fastq.gz
C7_1	/g/steinmetz/STOCKS/Data/Assay/sequencing/2025/2025-05-22_AV233002_Moonen_2435445173/Samples/Moonen/C7_1_WTX/C7_1_WTX_R1.fastq.gz
C7_1	/g/steinmetz/STOCKS/Data/Assay/sequencing/2025/2025-05-22_AV233002_Moonen_2435445173/Samples/Moonen/C7_1_WTX/C7_1_WTX_R2.fastq.gz
C7_1	/g/steinmetz/STOCKS/Data/Assay/sequencing/2025/2025-05-22_AV233002_Moonen_2438628708/Samples/Moonen/C7_1_gRNA/C7_1_gRNA_R1.fastq.gz
C7_1	/g/steinmetz/STOCKS/Data/Assay/sequencing/2025/2025-05-22_AV233002_Moonen_2438628708/Samples/Moonen/C7_1_gRNA/C7_1_gRNA_R2.fastq.gz
C7_1	/g/steinmetz/STOCKS/Data/Assay/sequencing/2025/2025-05-22_AV233002_Moonen_2438628708/Samples/Moonen/C7_1_WTX/C7_1_WTX_R1.fastq.gz
C7_1	/g/steinmetz/STOCKS/Data/Assay/sequencing/2025/2025-05-22_AV233002_Moonen_2438628708/Samples/Moonen/C7_1_WTX/C7_1_WTX_R2.fastq.gz
C7_1	/g/steinmetz/STOCKS/Data/Assay/sequencing/2025/2025-05-24_AV233002_Moonen_2435559889/Samples/Moonen/C7_1_gRNA/C7_1_gRNA_R1.fastq.gz
C7_1	/g/steinmetz/STOCKS/Data/Assay/sequencing/2025/2025-05-24_AV233002_Moonen_2435559889/Samples/Moonen/C7_1_gRNA/C7_1_gRNA_R2.fastq.gz
C7_1	/g/steinmetz/STOCKS/Data/Assay/sequencing/2025/2025-05-24_AV233002_Moonen_2435559889/Samples/Moonen/C7_1_WTX/C7_1_WTX_R1.fastq.gz
C7_1	/g/steinmetz/STOCKS/Data/Assay/sequencing/2025/2025-05-24_AV233002_Moonen_2435559889/Samples/Moonen/C7_1_WTX/C7_1_WTX_R2.fastq.gz
C7_1	/g/steinmetz/STOCKS/Data/Assay/sequencing/2025/2025-05-24_AV233002_Moonen_2435699680/Samples/Moonen/C7_1_gRNA/C7_1_gRNA_R1.fastq.gz
C7_1	/g/steinmetz/STOCKS/Data/Assay/sequencing/2025/2025-05-24_AV233002_Moonen_2435699680/Samples/Moonen/C7_1_gRNA/C7_1_gRNA_R2.fastq.gz
C7_1	/g/steinmetz/STOCKS/Data/Assay/sequencing/2025/2025-05-24_AV233002_Moonen_2435699680/Samples/Moonen/C7_1_WTX/C7_1_WTX_R1.fastq.gz
C7_1	/g/steinmetz/STOCKS/Data/Assay/sequencing/2025/2025-05-24_AV233002_Moonen_2435699680/Samples/Moonen/C7_1_WTX/C7_1_WTX_R2.fastq.gz
C7_1	/g/steinmetz/STOCKS/Data/Assay/sequencing/2025/2025-05-26_AV233002_Moonen_2435464495/Samples/Moonen/C7_1_gRNA/C7_1_gRNA_R1.fastq.gz
C7_1	/g/steinmetz/STOCKS/Data/Assay/sequencing/2025/2025-05-26_AV233002_Moonen_2435464495/Samples/Moonen/C7_1_gRNA/C7_1_gRNA_R2.fastq.gz
C7_1	/g/steinmetz/STOCKS/Data/Assay/sequencing/2025/2025-05-26_AV233002_Moonen_2435464495/Samples/Moonen/C7_1_WTX/C7_1_WTX_R1.fastq.gz
C7_1	/g/steinmetz/STOCKS/Data/Assay/sequencing/2025/2025-05-26_AV233002_Moonen_2435464495/Samples/Moonen/C7_1_WTX/C7_1_WTX_R2.fastq.gz
C7_2	/g/steinmetz/STOCKS/Data/Assay/sequencing/2025/2025-05-14_AV233002_Moonen_2438489511/Samples/Moonen/C7_2_gRNA/C7_2_gRNA_R1.fastq.gz
C7_2	/g/steinmetz/STOCKS/Data/Assay/sequencing/2025/2025-05-14_AV233002_Moonen_2438489511/Samples/Moonen/C7_2_gRNA/C7_2_gRNA_R2.fastq.gz
C7_2	/g/steinmetz/STOCKS/Data/Assay/sequencing/2025/2025-05-14_AV233002_Moonen_2438489511/Samples/Moonen/C7_2_WTX/C7_2_WTX_R1.fastq.gz
C7_2	/g/steinmetz/STOCKS/Data/Assay/sequencing/2025/2025-05-14_AV233002_Moonen_2438489511/Samples/Moonen/C7_2_WTX/C7_2_WTX_R2.fastq.gz
C7_2	/g/steinmetz/STOCKS/Data/Assay/sequencing/2025/2025-05-14_AV233002_Moonen_2438644260/Samples/Moonen/C7_2_gRNA/C7_2_gRNA_R1.fastq.gz
C7_2	/g/steinmetz/STOCKS/Data/Assay/sequencing/2025/2025-05-14_AV233002_Moonen_2438644260/Samples/Moonen/C7_2_gRNA/C7_2_gRNA_R2.fastq.gz
C7_2	/g/steinmetz/STOCKS/Data/Assay/sequencing/2025/2025-05-14_AV233002_Moonen_2438644260/Samples/Moonen/C7_2_WTX/C7_2_WTX_R1.fastq.gz
C7_2	/g/steinmetz/STOCKS/Data/Assay/sequencing/2025/2025-05-14_AV233002_Moonen_2438644260/Samples/Moonen/C7_2_WTX/C7_2_WTX_R2.fastq.gz
C7_2	/g/steinmetz/STOCKS/Data/Assay/sequencing/2025/2025-05-17_AV233002_Moonen_2438452623/Samples/Moonen/C7_2_gRNA/C7_2_gRNA_R1.fastq.gz
C7_2	/g/steinmetz/STOCKS/Data/Assay/sequencing/2025/2025-05-17_AV233002_Moonen_2438452623/Samples/Moonen/C7_2_gRNA/C7_2_gRNA_R2.fastq.gz
C7_2	/g/steinmetz/STOCKS/Data/Assay/sequencing/2025/2025-05-17_AV233002_Moonen_2438452623/Samples/Moonen/C7_2_WTX/C7_2_WTX_R1.fastq.gz
C7_2	/g/steinmetz/STOCKS/Data/Assay/sequencing/2025/2025-05-17_AV233002_Moonen_2438452623/Samples/Moonen/C7_2_WTX/C7_2_WTX_R2.fastq.gz
C7_2	/g/steinmetz/STOCKS/Data/Assay/sequencing/2025/2025-05-17_AV233002_Moonen_2438572935/Samples/Moonen/C7_2_gRNA/C7_2_gRNA_R1.fastq.gz
C7_2	/g/steinmetz/STOCKS/Data/Assay/sequencing/2025/2025-05-17_AV233002_Moonen_2438572935/Samples/Moonen/C7_2_gRNA/C7_2_gRNA_R2.fastq.gz
C7_2	/g/steinmetz/STOCKS/Data/Assay/sequencing/2025/2025-05-17_AV233002_Moonen_2438572935/Samples/Moonen/C7_2_WTX/C7_2_WTX_R1.fastq.gz
C7_2	/g/steinmetz/STOCKS/Data/Assay/sequencing/2025/2025-05-17_AV233002_Moonen_2438572935/Samples/Moonen/C7_2_WTX/C7_2_WTX_R2.fastq.gz
C7_2	/g/steinmetz/STOCKS/Data/Assay/sequencing/2025/2025-05-18_AV233002_Moonen_2438505999/Samples/Moonen/C7_2_gRNA/C7_2_gRNA_R1.fastq.gz
C7_2	/g/steinmetz/STOCKS/Data/Assay/sequencing/2025/2025-05-18_AV233002_Moonen_2438505999/Samples/Moonen/C7_2_gRNA/C7_2_gRNA_R2.fastq.gz
C7_2	/g/steinmetz/STOCKS/Data/Assay/sequencing/2025/2025-05-18_AV233002_Moonen_2438505999/Samples/Moonen/C7_2_WTX/C7_2_WTX_R1.fastq.gz
C7_2	/g/steinmetz/STOCKS/Data/Assay/sequencing/2025/2025-05-18_AV233002_Moonen_2438505999/Samples/Moonen/C7_2_WTX/C7_2_WTX_R2.fastq.gz
C7_2	/g/steinmetz/STOCKS/Data/Assay/sequencing/2025/2025-05-18_AV233002_Moonen_2438695442/Samples/Moonen/C7_2_gRNA/C7_2_gRNA_R1.fastq.gz
C7_2	/g/steinmetz/STOCKS/Data/Assay/sequencing/2025/2025-05-18_AV233002_Moonen_2438695442/Samples/Moonen/C7_2_gRNA/C7_2_gRNA_R2.fastq.gz
C7_2	/g/steinmetz/STOCKS/Data/Assay/sequencing/2025/2025-05-18_AV233002_Moonen_2438695442/Samples/Moonen/C7_2_WTX/C7_2_WTX_R1.fastq.gz
C7_2	/g/steinmetz/STOCKS/Data/Assay/sequencing/2025/2025-05-18_AV233002_Moonen_2438695442/Samples/Moonen/C7_2_WTX/C7_2_WTX_R2.fastq.gz
C7_2	/g/steinmetz/STOCKS/Data/Assay/sequencing/2025/2025-05-20_AV233002_Moonen_2437409943/Samples/Moonen/C7_2_gRNA/C7_2_gRNA_R1.fastq.gz
C7_2	/g/steinmetz/STOCKS/Data/Assay/sequencing/2025/2025-05-20_AV233002_Moonen_2437409943/Samples/Moonen/C7_2_gRNA/C7_2_gRNA_R2.fastq.gz
C7_2	/g/steinmetz/STOCKS/Data/Assay/sequencing/2025/2025-05-20_AV233002_Moonen_2437409943/Samples/Moonen/C7_2_WTX/C7_2_WTX_R1.fastq.gz
C7_2	/g/steinmetz/STOCKS/Data/Assay/sequencing/2025/2025-05-20_AV233002_Moonen_2437409943/Samples/Moonen/C7_2_WTX/C7_2_WTX_R2.fastq.gz
C7_2	/g/steinmetz/STOCKS/Data/Assay/sequencing/2025/2025-05-20_AV233002_Moonen_2438562601/Samples/Moonen/C7_2_gRNA/C7_2_gRNA_R1.fastq.gz
C7_2	/g/steinmetz/STOCKS/Data/Assay/sequencing/2025/2025-05-20_AV233002_Moonen_2438562601/Samples/Moonen/C7_2_gRNA/C7_2_gRNA_R2.fastq.gz
C7_2	/g/steinmetz/STOCKS/Data/Assay/sequencing/2025/2025-05-20_AV233002_Moonen_2438562601/Samples/Moonen/C7_2_WTX/C7_2_WTX_R1.fastq.gz
C7_2	/g/steinmetz/STOCKS/Data/Assay/sequencing/2025/2025-05-20_AV233002_Moonen_2438562601/Samples/Moonen/C7_2_WTX/C7_2_WTX_R2.fastq.gz
C7_2	/g/steinmetz/STOCKS/Data/Assay/sequencing/2025/2025-05-22_AV233002_Moonen_2435445173/Samples/Moonen/C7_2_gRNA/C7_2_gRNA_R1.fastq.gz
C7_2	/g/steinmetz/STOCKS/Data/Assay/sequencing/2025/2025-05-22_AV233002_Moonen_2435445173/Samples/Moonen/C7_2_gRNA/C7_2_gRNA_R2.fastq.gz
C7_2	/g/steinmetz/STOCKS/Data/Assay/sequencing/2025/2025-05-22_AV233002_Moonen_2435445173/Samples/Moonen/C7_2_WTX/C7_2_WTX_R1.fastq.gz
C7_2	/g/steinmetz/STOCKS/Data/Assay/sequencing/2025/2025-05-22_AV233002_Moonen_2435445173/Samples/Moonen/C7_2_WTX/C7_2_WTX_R2.fastq.gz
C7_2	/g/steinmetz/STOCKS/Data/Assay/sequencing/2025/2025-05-22_AV233002_Moonen_2438628708/Samples/Moonen/C7_2_gRNA/C7_2_gRNA_R1.fastq.gz
C7_2	/g/steinmetz/STOCKS/Data/Assay/sequencing/2025/2025-05-22_AV233002_Moonen_2438628708/Samples/Moonen/C7_2_gRNA/C7_2_gRNA_R2.fastq.gz
C7_2	/g/steinmetz/STOCKS/Data/Assay/sequencing/2025/2025-05-22_AV233002_Moonen_2438628708/Samples/Moonen/C7_2_WTX/C7_2_WTX_R1.fastq.gz
C7_2	/g/steinmetz/STOCKS/Data/Assay/sequencing/2025/2025-05-22_AV233002_Moonen_2438628708/Samples/Moonen/C7_2_WTX/C7_2_WTX_R2.fastq.gz
C7_2	/g/steinmetz/STOCKS/Data/Assay/sequencing/2025/2025-05-24_AV233002_Moonen_2435559889/Samples/Moonen/C7_2_gRNA/C7_2_gRNA_R1.fastq.gz
C7_2	/g/steinmetz/STOCKS/Data/Assay/sequencing/2025/2025-05-24_AV233002_Moonen_2435559889/Samples/Moonen/C7_2_gRNA/C7_2_gRNA_R2.fastq.gz
C7_2	/g/steinmetz/STOCKS/Data/Assay/sequencing/2025/2025-05-24_AV233002_Moonen_2435559889/Samples/Moonen/C7_2_WTX/C7_2_WTX_R1.fastq.gz
C7_2	/g/steinmetz/STOCKS/Data/Assay/sequencing/2025/2025-05-24_AV233002_Moonen_2435559889/Samples/Moonen/C7_2_WTX/C7_2_WTX_R2.fastq.gz
C7_2	/g/steinmetz/STOCKS/Data/Assay/sequencing/2025/2025-05-24_AV233002_Moonen_2435699680/Samples/Moonen/C7_2_gRNA/C7_2_gRNA_R1.fastq.gz
C7_2	/g/steinmetz/STOCKS/Data/Assay/sequencing/2025/2025-05-24_AV233002_Moonen_2435699680/Samples/Moonen/C7_2_gRNA/C7_2_gRNA_R2.fastq.gz
C7_2	/g/steinmetz/STOCKS/Data/Assay/sequencing/2025/2025-05-24_AV233002_Moonen_2435699680/Samples/Moonen/C7_2_WTX/C7_2_WTX_R1.fastq.gz
C7_2	/g/steinmetz/STOCKS/Data/Assay/sequencing/2025/2025-05-24_AV233002_Moonen_2435699680/Samples/Moonen/C7_2_WTX/C7_2_WTX_R2.fastq.gz
C7_2	/g/steinmetz/STOCKS/Data/Assay/sequencing/2025/2025-05-26_AV233002_Moonen_2435464495/Samples/Moonen/C7_2_gRNA/C7_2_gRNA_R1.fastq.gz
C7_2	/g/steinmetz/STOCKS/Data/Assay/sequencing/2025/2025-05-26_AV233002_Moonen_2435464495/Samples/Moonen/C7_2_gRNA/C7_2_gRNA_R2.fastq.gz
C7_2	/g/steinmetz/STOCKS/Data/Assay/sequencing/2025/2025-05-26_AV233002_Moonen_2435464495/Samples/Moonen/C7_2_WTX/C7_2_WTX_R1.fastq.gz
C7_2	/g/steinmetz/STOCKS/Data/Assay/sequencing/2025/2025-05-26_AV233002_Moonen_2435464495/Samples/Moonen/C7_2_WTX/C7_2_WTX_R2.fastq.gz
C7_3	/g/steinmetz/STOCKS/Data/Assay/sequencing/2025/2025-05-14_AV233002_Moonen_2438489511/Samples/Moonen/C7_3_gRNA/C7_3_gRNA_R1.fastq.gz
C7_3	/g/steinmetz/STOCKS/Data/Assay/sequencing/2025/2025-05-14_AV233002_Moonen_2438489511/Samples/Moonen/C7_3_gRNA/C7_3_gRNA_R2.fastq.gz
C7_3	/g/steinmetz/STOCKS/Data/Assay/sequencing/2025/2025-05-14_AV233002_Moonen_2438489511/Samples/Moonen/C7_3_WTX/C7_3_WTX_R1.fastq.gz
C7_3	/g/steinmetz/STOCKS/Data/Assay/sequencing/2025/2025-05-14_AV233002_Moonen_2438489511/Samples/Moonen/C7_3_WTX/C7_3_WTX_R2.fastq.gz
C7_3	/g/steinmetz/STOCKS/Data/Assay/sequencing/2025/2025-05-14_AV233002_Moonen_2438644260/Samples/Moonen/C7_3_gRNA/C7_3_gRNA_R1.fastq.gz
C7_3	/g/steinmetz/STOCKS/Data/Assay/sequencing/2025/2025-05-14_AV233002_Moonen_2438644260/Samples/Moonen/C7_3_gRNA/C7_3_gRNA_R2.fastq.gz
C7_3	/g/steinmetz/STOCKS/Data/Assay/sequencing/2025/2025-05-14_AV233002_Moonen_2438644260/Samples/Moonen/C7_3_WTX/C7_3_WTX_R1.fastq.gz
C7_3	/g/steinmetz/STOCKS/Data/Assay/sequencing/2025/2025-05-14_AV233002_Moonen_2438644260/Samples/Moonen/C7_3_WTX/C7_3_WTX_R2.fastq.gz
C7_3	/g/steinmetz/STOCKS/Data/Assay/sequencing/2025/2025-05-17_AV233002_Moonen_2438452623/Samples/Moonen/C7_3_gRNA/C7_3_gRNA_R1.fastq.gz
C7_3	/g/steinmetz/STOCKS/Data/Assay/sequencing/2025/2025-05-17_AV233002_Moonen_2438452623/Samples/Moonen/C7_3_gRNA/C7_3_gRNA_R2.fastq.gz
C7_3	/g/steinmetz/STOCKS/Data/Assay/sequencing/2025/2025-05-17_AV233002_Moonen_2438452623/Samples/Moonen/C7_3_WTX/C7_3_WTX_R1.fastq.gz
C7_3	/g/steinmetz/STOCKS/Data/Assay/sequencing/2025/2025-05-17_AV233002_Moonen_2438452623/Samples/Moonen/C7_3_WTX/C7_3_WTX_R2.fastq.gz
C7_3	/g/steinmetz/STOCKS/Data/Assay/sequencing/2025/2025-05-17_AV233002_Moonen_2438572935/Samples/Moonen/C7_3_gRNA/C7_3_gRNA_R1.fastq.gz
C7_3	/g/steinmetz/STOCKS/Data/Assay/sequencing/2025/2025-05-17_AV233002_Moonen_2438572935/Samples/Moonen/C7_3_gRNA/C7_3_gRNA_R2.fastq.gz
C7_3	/g/steinmetz/STOCKS/Data/Assay/sequencing/2025/2025-05-17_AV233002_Moonen_2438572935/Samples/Moonen/C7_3_WTX/C7_3_WTX_R1.fastq.gz
C7_3	/g/steinmetz/STOCKS/Data/Assay/sequencing/2025/2025-05-17_AV233002_Moonen_2438572935/Samples/Moonen/C7_3_WTX/C7_3_WTX_R2.fastq.gz
C7_3	/g/steinmetz/STOCKS/Data/Assay/sequencing/2025/2025-05-18_AV233002_Moonen_2438505999/Samples/Moonen/C7_3_gRNA/C7_3_gRNA_R1.fastq.gz
C7_3	/g/steinmetz/STOCKS/Data/Assay/sequencing/2025/2025-05-18_AV233002_Moonen_2438505999/Samples/Moonen/C7_3_gRNA/C7_3_gRNA_R2.fastq.gz
C7_3	/g/steinmetz/STOCKS/Data/Assay/sequencing/2025/2025-05-18_AV233002_Moonen_2438505999/Samples/Moonen/C7_3_WTX/C7_3_WTX_R1.fastq.gz
C7_3	/g/steinmetz/STOCKS/Data/Assay/sequencing/2025/2025-05-18_AV233002_Moonen_2438505999/Samples/Moonen/C7_3_WTX/C7_3_WTX_R2.fastq.gz
C7_3	/g/steinmetz/STOCKS/Data/Assay/sequencing/2025/2025-05-18_AV233002_Moonen_2438695442/Samples/Moonen/C7_3_gRNA/C7_3_gRNA_R1.fastq.gz
C7_3	/g/steinmetz/STOCKS/Data/Assay/sequencing/2025/2025-05-18_AV233002_Moonen_2438695442/Samples/Moonen/C7_3_gRNA/C7_3_gRNA_R2.fastq.gz
C7_3	/g/steinmetz/STOCKS/Data/Assay/sequencing/2025/2025-05-18_AV233002_Moonen_2438695442/Samples/Moonen/C7_3_WTX/C7_3_WTX_R1.fastq.gz
C7_3	/g/steinmetz/STOCKS/Data/Assay/sequencing/2025/2025-05-18_AV233002_Moonen_2438695442/Samples/Moonen/C7_3_WTX/C7_3_WTX_R2.fastq.gz
C7_3	/g/steinmetz/STOCKS/Data/Assay/sequencing/2025/2025-05-20_AV233002_Moonen_2437409943/Samples/Moonen/C7_3_gRNA/C7_3_gRNA_R1.fastq.gz
C7_3	/g/steinmetz/STOCKS/Data/Assay/sequencing/2025/2025-05-20_AV233002_Moonen_2437409943/Samples/Moonen/C7_3_gRNA/C7_3_gRNA_R2.fastq.gz
C7_3	/g/steinmetz/STOCKS/Data/Assay/sequencing/2025/2025-05-20_AV233002_Moonen_2437409943/Samples/Moonen/C7_3_WTX/C7_3_WTX_R1.fastq.gz
C7_3	/g/steinmetz/STOCKS/Data/Assay/sequencing/2025/2025-05-20_AV233002_Moonen_2437409943/Samples/Moonen/C7_3_WTX/C7_3_WTX_R2.fastq.gz
C7_3	/g/steinmetz/STOCKS/Data/Assay/sequencing/2025/2025-05-20_AV233002_Moonen_2438562601/Samples/Moonen/C7_3_gRNA/C7_3_gRNA_R1.fastq.gz
C7_3	/g/steinmetz/STOCKS/Data/Assay/sequencing/2025/2025-05-20_AV233002_Moonen_2438562601/Samples/Moonen/C7_3_gRNA/C7_3_gRNA_R2.fastq.gz
C7_3	/g/steinmetz/STOCKS/Data/Assay/sequencing/2025/2025-05-20_AV233002_Moonen_2438562601/Samples/Moonen/C7_3_WTX/C7_3_WTX_R1.fastq.gz
C7_3	/g/steinmetz/STOCKS/Data/Assay/sequencing/2025/2025-05-20_AV233002_Moonen_2438562601/Samples/Moonen/C7_3_WTX/C7_3_WTX_R2.fastq.gz
C7_3	/g/steinmetz/STOCKS/Data/Assay/sequencing/2025/2025-05-22_AV233002_Moonen_2435445173/Samples/Moonen/C7_3_gRNA/C7_3_gRNA_R1.fastq.gz
C7_3	/g/steinmetz/STOCKS/Data/Assay/sequencing/2025/2025-05-22_AV233002_Moonen_2435445173/Samples/Moonen/C7_3_gRNA/C7_3_gRNA_R2.fastq.gz
C7_3	/g/steinmetz/STOCKS/Data/Assay/sequencing/2025/2025-05-22_AV233002_Moonen_2435445173/Samples/Moonen/C7_3_WTX/C7_3_WTX_R1.fastq.gz
C7_3	/g/steinmetz/STOCKS/Data/Assay/sequencing/2025/2025-05-22_AV233002_Moonen_2435445173/Samples/Moonen/C7_3_WTX/C7_3_WTX_R2.fastq.gz
C7_3	/g/steinmetz/STOCKS/Data/Assay/sequencing/2025/2025-05-22_AV233002_Moonen_2438628708/Samples/Moonen/C7_3_gRNA/C7_3_gRNA_R1.fastq.gz
C7_3	/g/steinmetz/STOCKS/Data/Assay/sequencing/2025/2025-05-22_AV233002_Moonen_2438628708/Samples/Moonen/C7_3_gRNA/C7_3_gRNA_R2.fastq.gz
C7_3	/g/steinmetz/STOCKS/Data/Assay/sequencing/2025/2025-05-22_AV233002_Moonen_2438628708/Samples/Moonen/C7_3_WTX/C7_3_WTX_R1.fastq.gz
C7_3	/g/steinmetz/STOCKS/Data/Assay/sequencing/2025/2025-05-22_AV233002_Moonen_2438628708/Samples/Moonen/C7_3_WTX/C7_3_WTX_R2.fastq.gz
C7_3	/g/steinmetz/STOCKS/Data/Assay/sequencing/2025/2025-05-24_AV233002_Moonen_2435559889/Samples/Moonen/C7_3_gRNA/C7_3_gRNA_R1.fastq.gz
C7_3	/g/steinmetz/STOCKS/Data/Assay/sequencing/2025/2025-05-24_AV233002_Moonen_2435559889/Samples/Moonen/C7_3_gRNA/C7_3_gRNA_R2.fastq.gz
C7_3	/g/steinmetz/STOCKS/Data/Assay/sequencing/2025/2025-05-24_AV233002_Moonen_2435559889/Samples/Moonen/C7_3_WTX/C7_3_WTX_R1.fastq.gz
C7_3	/g/steinmetz/STOCKS/Data/Assay/sequencing/2025/2025-05-24_AV233002_Moonen_2435559889/Samples/Moonen/C7_3_WTX/C7_3_WTX_R2.fastq.gz
C7_3	/g/steinmetz/STOCKS/Data/Assay/sequencing/2025/2025-05-24_AV233002_Moonen_2435699680/Samples/Moonen/C7_3_gRNA/C7_3_gRNA_R1.fastq.gz
C7_3	/g/steinmetz/STOCKS/Data/Assay/sequencing/2025/2025-05-24_AV233002_Moonen_2435699680/Samples/Moonen/C7_3_gRNA/C7_3_gRNA_R2.fastq.gz
C7_3	/g/steinmetz/STOCKS/Data/Assay/sequencing/2025/2025-05-24_AV233002_Moonen_2435699680/Samples/Moonen/C7_3_WTX/C7_3_WTX_R1.fastq.gz
C7_3	/g/steinmetz/STOCKS/Data/Assay/sequencing/2025/2025-05-24_AV233002_Moonen_2435699680/Samples/Moonen/C7_3_WTX/C7_3_WTX_R2.fastq.gz
C7_3	/g/steinmetz/STOCKS/Data/Assay/sequencing/2025/2025-05-26_AV233002_Moonen_2435464495/Samples/Moonen/C7_3_gRNA/C7_3_gRNA_R1.fastq.gz
C7_3	/g/steinmetz/STOCKS/Data/Assay/sequencing/2025/2025-05-26_AV233002_Moonen_2435464495/Samples/Moonen/C7_3_gRNA/C7_3_gRNA_R2.fastq.gz
C7_3	/g/steinmetz/STOCKS/Data/Assay/sequencing/2025/2025-05-26_AV233002_Moonen_2435464495/Samples/Moonen/C7_3_WTX/C7_3_WTX_R1.fastq.gz
C7_3	/g/steinmetz/STOCKS/Data/Assay/sequencing/2025/2025-05-26_AV233002_Moonen_2435464495/Samples/Moonen/C7_3_WTX/C7_3_WTX_R2.fastq.gz
C7_4	/g/steinmetz/STOCKS/Data/Assay/sequencing/2025/2025-05-14_AV233002_Moonen_2438489511/Samples/Moonen/C7_4_gRNA/C7_4_gRNA_R1.fastq.gz
C7_4	/g/steinmetz/STOCKS/Data/Assay/sequencing/2025/2025-05-14_AV233002_Moonen_2438489511/Samples/Moonen/C7_4_gRNA/C7_4_gRNA_R2.fastq.gz
C7_4	/g/steinmetz/STOCKS/Data/Assay/sequencing/2025/2025-05-14_AV233002_Moonen_2438489511/Samples/Moonen/C7_4_WTX/C7_4_WTX_R1.fastq.gz
C7_4	/g/steinmetz/STOCKS/Data/Assay/sequencing/2025/2025-05-14_AV233002_Moonen_2438489511/Samples/Moonen/C7_4_WTX/C7_4_WTX_R2.fastq.gz
C7_4	/g/steinmetz/STOCKS/Data/Assay/sequencing/2025/2025-05-14_AV233002_Moonen_2438644260/Samples/Moonen/C7_4_gRNA/C7_4_gRNA_R1.fastq.gz
C7_4	/g/steinmetz/STOCKS/Data/Assay/sequencing/2025/2025-05-14_AV233002_Moonen_2438644260/Samples/Moonen/C7_4_gRNA/C7_4_gRNA_R2.fastq.gz
C7_4	/g/steinmetz/STOCKS/Data/Assay/sequencing/2025/2025-05-14_AV233002_Moonen_2438644260/Samples/Moonen/C7_4_WTX/C7_4_WTX_R1.fastq.gz
C7_4	/g/steinmetz/STOCKS/Data/Assay/sequencing/2025/2025-05-14_AV233002_Moonen_2438644260/Samples/Moonen/C7_4_WTX/C7_4_WTX_R2.fastq.gz
C7_4	/g/steinmetz/STOCKS/Data/Assay/sequencing/2025/2025-05-17_AV233002_Moonen_2438452623/Samples/Moonen/C7_4_gRNA/C7_4_gRNA_R1.fastq.gz
C7_4	/g/steinmetz/STOCKS/Data/Assay/sequencing/2025/2025-05-17_AV233002_Moonen_2438452623/Samples/Moonen/C7_4_gRNA/C7_4_gRNA_R2.fastq.gz
C7_4	/g/steinmetz/STOCKS/Data/Assay/sequencing/2025/2025-05-17_AV233002_Moonen_2438452623/Samples/Moonen/C7_4_WTX/C7_4_WTX_R1.fastq.gz
C7_4	/g/steinmetz/STOCKS/Data/Assay/sequencing/2025/2025-05-17_AV233002_Moonen_2438452623/Samples/Moonen/C7_4_WTX/C7_4_WTX_R2.fastq.gz
C7_4	/g/steinmetz/STOCKS/Data/Assay/sequencing/2025/2025-05-17_AV233002_Moonen_2438572935/Samples/Moonen/C7_4_gRNA/C7_4_gRNA_R1.fastq.gz
C7_4	/g/steinmetz/STOCKS/Data/Assay/sequencing/2025/2025-05-17_AV233002_Moonen_2438572935/Samples/Moonen/C7_4_gRNA/C7_4_gRNA_R2.fastq.gz
C7_4	/g/steinmetz/STOCKS/Data/Assay/sequencing/2025/2025-05-17_AV233002_Moonen_2438572935/Samples/Moonen/C7_4_WTX/C7_4_WTX_R1.fastq.gz
C7_4	/g/steinmetz/STOCKS/Data/Assay/sequencing/2025/2025-05-17_AV233002_Moonen_2438572935/Samples/Moonen/C7_4_WTX/C7_4_WTX_R2.fastq.gz
C7_4	/g/steinmetz/STOCKS/Data/Assay/sequencing/2025/2025-05-18_AV233002_Moonen_2438505999/Samples/Moonen/C7_4_gRNA/C7_4_gRNA_R1.fastq.gz
C7_4	/g/steinmetz/STOCKS/Data/Assay/sequencing/2025/2025-05-18_AV233002_Moonen_2438505999/Samples/Moonen/C7_4_gRNA/C7_4_gRNA_R2.fastq.gz
C7_4	/g/steinmetz/STOCKS/Data/Assay/sequencing/2025/2025-05-18_AV233002_Moonen_2438505999/Samples/Moonen/C7_4_WTX/C7_4_WTX_R1.fastq.gz
C7_4	/g/steinmetz/STOCKS/Data/Assay/sequencing/2025/2025-05-18_AV233002_Moonen_2438505999/Samples/Moonen/C7_4_WTX/C7_4_WTX_R2.fastq.gz
C7_4	/g/steinmetz/STOCKS/Data/Assay/sequencing/2025/2025-05-18_AV233002_Moonen_2438695442/Samples/Moonen/C7_4_gRNA/C7_4_gRNA_R1.fastq.gz
C7_4	/g/steinmetz/STOCKS/Data/Assay/sequencing/2025/2025-05-18_AV233002_Moonen_2438695442/Samples/Moonen/C7_4_gRNA/C7_4_gRNA_R2.fastq.gz
C7_4	/g/steinmetz/STOCKS/Data/Assay/sequencing/2025/2025-05-18_AV233002_Moonen_2438695442/Samples/Moonen/C7_4_WTX/C7_4_WTX_R1.fastq.gz
C7_4	/g/steinmetz/STOCKS/Data/Assay/sequencing/2025/2025-05-18_AV233002_Moonen_2438695442/Samples/Moonen/C7_4_WTX/C7_4_WTX_R2.fastq.gz
C7_4	/g/steinmetz/STOCKS/Data/Assay/sequencing/2025/2025-05-20_AV233002_Moonen_2437409943/Samples/Moonen/C7_4_gRNA/C7_4_gRNA_R1.fastq.gz
C7_4	/g/steinmetz/STOCKS/Data/Assay/sequencing/2025/2025-05-20_AV233002_Moonen_2437409943/Samples/Moonen/C7_4_gRNA/C7_4_gRNA_R2.fastq.gz
C7_4	/g/steinmetz/STOCKS/Data/Assay/sequencing/2025/2025-05-20_AV233002_Moonen_2437409943/Samples/Moonen/C7_4_WTX/C7_4_WTX_R1.fastq.gz
C7_4	/g/steinmetz/STOCKS/Data/Assay/sequencing/2025/2025-05-20_AV233002_Moonen_2437409943/Samples/Moonen/C7_4_WTX/C7_4_WTX_R2.fastq.gz
C7_4	/g/steinmetz/STOCKS/Data/Assay/sequencing/2025/2025-05-20_AV233002_Moonen_2438562601/Samples/Moonen/C7_4_gRNA/C7_4_gRNA_R1.fastq.gz
C7_4	/g/steinmetz/STOCKS/Data/Assay/sequencing/2025/2025-05-20_AV233002_Moonen_2438562601/Samples/Moonen/C7_4_gRNA/C7_4_gRNA_R2.fastq.gz
C7_4	/g/steinmetz/STOCKS/Data/Assay/sequencing/2025/2025-05-20_AV233002_Moonen_2438562601/Samples/Moonen/C7_4_WTX/C7_4_WTX_R1.fastq.gz
C7_4	/g/steinmetz/STOCKS/Data/Assay/sequencing/2025/2025-05-20_AV233002_Moonen_2438562601/Samples/Moonen/C7_4_WTX/C7_4_WTX_R2.fastq.gz
C7_4	/g/steinmetz/STOCKS/Data/Assay/sequencing/2025/2025-05-22_AV233002_Moonen_2435445173/Samples/Moonen/C7_4_gRNA/C7_4_gRNA_R1.fastq.gz
C7_4	/g/steinmetz/STOCKS/Data/Assay/sequencing/2025/2025-05-22_AV233002_Moonen_2435445173/Samples/Moonen/C7_4_gRNA/C7_4_gRNA_R2.fastq.gz
C7_4	/g/steinmetz/STOCKS/Data/Assay/sequencing/2025/2025-05-22_AV233002_Moonen_2435445173/Samples/Moonen/C7_4_WTX/C7_4_WTX_R1.fastq.gz
C7_4	/g/steinmetz/STOCKS/Data/Assay/sequencing/2025/2025-05-22_AV233002_Moonen_2435445173/Samples/Moonen/C7_4_WTX/C7_4_WTX_R2.fastq.gz
C7_4	/g/steinmetz/STOCKS/Data/Assay/sequencing/2025/2025-05-22_AV233002_Moonen_2438628708/Samples/Moonen/C7_4_gRNA/C7_4_gRNA_R1.fastq.gz
C7_4	/g/steinmetz/STOCKS/Data/Assay/sequencing/2025/2025-05-22_AV233002_Moonen_2438628708/Samples/Moonen/C7_4_gRNA/C7_4_gRNA_R2.fastq.gz
C7_4	/g/steinmetz/STOCKS/Data/Assay/sequencing/2025/2025-05-22_AV233002_Moonen_2438628708/Samples/Moonen/C7_4_WTX/C7_4_WTX_R1.fastq.gz
C7_4	/g/steinmetz/STOCKS/Data/Assay/sequencing/2025/2025-05-22_AV233002_Moonen_2438628708/Samples/Moonen/C7_4_WTX/C7_4_WTX_R2.fastq.gz
C7_4	/g/steinmetz/STOCKS/Data/Assay/sequencing/2025/2025-05-24_AV233002_Moonen_2435559889/Samples/Moonen/C7_4_gRNA/C7_4_gRNA_R1.fastq.gz
C7_4	/g/steinmetz/STOCKS/Data/Assay/sequencing/2025/2025-05-24_AV233002_Moonen_2435559889/Samples/Moonen/C7_4_gRNA/C7_4_gRNA_R2.fastq.gz
C7_4	/g/steinmetz/STOCKS/Data/Assay/sequencing/2025/2025-05-24_AV233002_Moonen_2435559889/Samples/Moonen/C7_4_WTX/C7_4_WTX_R1.fastq.gz
C7_4	/g/steinmetz/STOCKS/Data/Assay/sequencing/2025/2025-05-24_AV233002_Moonen_2435559889/Samples/Moonen/C7_4_WTX/C7_4_WTX_R2.fastq.gz
C7_4	/g/steinmetz/STOCKS/Data/Assay/sequencing/2025/2025-05-24_AV233002_Moonen_2435699680/Samples/Moonen/C7_4_gRNA/C7_4_gRNA_R1.fastq.gz
C7_4	/g/steinmetz/STOCKS/Data/Assay/sequencing/2025/2025-05-24_AV233002_Moonen_2435699680/Samples/Moonen/C7_4_gRNA/C7_4_gRNA_R2.fastq.gz
C7_4	/g/steinmetz/STOCKS/Data/Assay/sequencing/2025/2025-05-24_AV233002_Moonen_2435699680/Samples/Moonen/C7_4_WTX/C7_4_WTX_R1.fastq.gz
C7_4	/g/steinmetz/STOCKS/Data/Assay/sequencing/2025/2025-05-24_AV233002_Moonen_2435699680/Samples/Moonen/C7_4_WTX/C7_4_WTX_R2.fastq.gz
C7_4	/g/steinmetz/STOCKS/Data/Assay/sequencing/2025/2025-05-26_AV233002_Moonen_2435464495/Samples/Moonen/C7_4_gRNA/C7_4_gRNA_R1.fastq.gz
C7_4	/g/steinmetz/STOCKS/Data/Assay/sequencing/2025/2025-05-26_AV233002_Moonen_2435464495/Samples/Moonen/C7_4_gRNA/C7_4_gRNA_R2.fastq.gz
C7_4	/g/steinmetz/STOCKS/Data/Assay/sequencing/2025/2025-05-26_AV233002_Moonen_2435464495/Samples/Moonen/C7_4_WTX/C7_4_WTX_R1.fastq.gz
C7_4	/g/steinmetz/STOCKS/Data/Assay/sequencing/2025/2025-05-26_AV233002_Moonen_2435464495/Samples/Moonen/C7_4_WTX/C7_4_WTX_R2.fastq.gz
C7_5	/g/steinmetz/STOCKS/Data/Assay/sequencing/2025/2025-05-14_AV233002_Moonen_2438489511/Samples/Moonen/C7_5_gRNA/C7_5_gRNA_R1.fastq.gz
C7_5	/g/steinmetz/STOCKS/Data/Assay/sequencing/2025/2025-05-14_AV233002_Moonen_2438489511/Samples/Moonen/C7_5_gRNA/C7_5_gRNA_R2.fastq.gz
C7_5	/g/steinmetz/STOCKS/Data/Assay/sequencing/2025/2025-05-14_AV233002_Moonen_2438489511/Samples/Moonen/C7_5_WTX/C7_5_WTX_R1.fastq.gz
C7_5	/g/steinmetz/STOCKS/Data/Assay/sequencing/2025/2025-05-14_AV233002_Moonen_2438489511/Samples/Moonen/C7_5_WTX/C7_5_WTX_R2.fastq.gz
C7_5	/g/steinmetz/STOCKS/Data/Assay/sequencing/2025/2025-05-14_AV233002_Moonen_2438644260/Samples/Moonen/C7_5_gRNA/C7_5_gRNA_R1.fastq.gz
C7_5	/g/steinmetz/STOCKS/Data/Assay/sequencing/2025/2025-05-14_AV233002_Moonen_2438644260/Samples/Moonen/C7_5_gRNA/C7_5_gRNA_R2.fastq.gz
C7_5	/g/steinmetz/STOCKS/Data/Assay/sequencing/2025/2025-05-14_AV233002_Moonen_2438644260/Samples/Moonen/C7_5_WTX/C7_5_WTX_R1.fastq.gz
C7_5	/g/steinmetz/STOCKS/Data/Assay/sequencing/2025/2025-05-14_AV233002_Moonen_2438644260/Samples/Moonen/C7_5_WTX/C7_5_WTX_R2.fastq.gz
C7_5	/g/steinmetz/STOCKS/Data/Assay/sequencing/2025/2025-05-17_AV233002_Moonen_2438452623/Samples/Moonen/C7_5_gRNA/C7_5_gRNA_R1.fastq.gz
C7_5	/g/steinmetz/STOCKS/Data/Assay/sequencing/2025/2025-05-17_AV233002_Moonen_2438452623/Samples/Moonen/C7_5_gRNA/C7_5_gRNA_R2.fastq.gz
C7_5	/g/steinmetz/STOCKS/Data/Assay/sequencing/2025/2025-05-17_AV233002_Moonen_2438452623/Samples/Moonen/C7_5_WTX/C7_5_WTX_R1.fastq.gz
C7_5	/g/steinmetz/STOCKS/Data/Assay/sequencing/2025/2025-05-17_AV233002_Moonen_2438452623/Samples/Moonen/C7_5_WTX/C7_5_WTX_R2.fastq.gz
C7_5	/g/steinmetz/STOCKS/Data/Assay/sequencing/2025/2025-05-17_AV233002_Moonen_2438572935/Samples/Moonen/C7_5_gRNA/C7_5_gRNA_R1.fastq.gz
C7_5	/g/steinmetz/STOCKS/Data/Assay/sequencing/2025/2025-05-17_AV233002_Moonen_2438572935/Samples/Moonen/C7_5_gRNA/C7_5_gRNA_R2.fastq.gz
C7_5	/g/steinmetz/STOCKS/Data/Assay/sequencing/2025/2025-05-17_AV233002_Moonen_2438572935/Samples/Moonen/C7_5_WTX/C7_5_WTX_R1.fastq.gz
C7_5	/g/steinmetz/STOCKS/Data/Assay/sequencing/2025/2025-05-17_AV233002_Moonen_2438572935/Samples/Moonen/C7_5_WTX/C7_5_WTX_R2.fastq.gz
C7_5	/g/steinmetz/STOCKS/Data/Assay/sequencing/2025/2025-05-18_AV233002_Moonen_2438505999/Samples/Moonen/C7_5_gRNA/C7_5_gRNA_R1.fastq.gz
C7_5	/g/steinmetz/STOCKS/Data/Assay/sequencing/2025/2025-05-18_AV233002_Moonen_2438505999/Samples/Moonen/C7_5_gRNA/C7_5_gRNA_R2.fastq.gz
C7_5	/g/steinmetz/STOCKS/Data/Assay/sequencing/2025/2025-05-18_AV233002_Moonen_2438505999/Samples/Moonen/C7_5_WTX/C7_5_WTX_R1.fastq.gz
C7_5	/g/steinmetz/STOCKS/Data/Assay/sequencing/2025/2025-05-18_AV233002_Moonen_2438505999/Samples/Moonen/C7_5_WTX/C7_5_WTX_R2.fastq.gz
C7_5	/g/steinmetz/STOCKS/Data/Assay/sequencing/2025/2025-05-18_AV233002_Moonen_2438695442/Samples/Moonen/C7_5_gRNA/C7_5_gRNA_R1.fastq.gz
C7_5	/g/steinmetz/STOCKS/Data/Assay/sequencing/2025/2025-05-18_AV233002_Moonen_2438695442/Samples/Moonen/C7_5_gRNA/C7_5_gRNA_R2.fastq.gz
C7_5	/g/steinmetz/STOCKS/Data/Assay/sequencing/2025/2025-05-18_AV233002_Moonen_2438695442/Samples/Moonen/C7_5_WTX/C7_5_WTX_R1.fastq.gz
C7_5	/g/steinmetz/STOCKS/Data/Assay/sequencing/2025/2025-05-18_AV233002_Moonen_2438695442/Samples/Moonen/C7_5_WTX/C7_5_WTX_R2.fastq.gz
C7_5	/g/steinmetz/STOCKS/Data/Assay/sequencing/2025/2025-05-20_AV233002_Moonen_2437409943/Samples/Moonen/C7_5_gRNA/C7_5_gRNA_R1.fastq.gz
C7_5	/g/steinmetz/STOCKS/Data/Assay/sequencing/2025/2025-05-20_AV233002_Moonen_2437409943/Samples/Moonen/C7_5_gRNA/C7_5_gRNA_R2.fastq.gz
C7_5	/g/steinmetz/STOCKS/Data/Assay/sequencing/2025/2025-05-20_AV233002_Moonen_2437409943/Samples/Moonen/C7_5_WTX/C7_5_WTX_R1.fastq.gz
C7_5	/g/steinmetz/STOCKS/Data/Assay/sequencing/2025/2025-05-20_AV233002_Moonen_2437409943/Samples/Moonen/C7_5_WTX/C7_5_WTX_R2.fastq.gz
C7_5	/g/steinmetz/STOCKS/Data/Assay/sequencing/2025/2025-05-20_AV233002_Moonen_2438562601/Samples/Moonen/C7_5_gRNA/C7_5_gRNA_R1.fastq.gz
C7_5	/g/steinmetz/STOCKS/Data/Assay/sequencing/2025/2025-05-20_AV233002_Moonen_2438562601/Samples/Moonen/C7_5_gRNA/C7_5_gRNA_R2.fastq.gz
C7_5	/g/steinmetz/STOCKS/Data/Assay/sequencing/2025/2025-05-20_AV233002_Moonen_2438562601/Samples/Moonen/C7_5_WTX/C7_5_WTX_R1.fastq.gz
C7_5	/g/steinmetz/STOCKS/Data/Assay/sequencing/2025/2025-05-20_AV233002_Moonen_2438562601/Samples/Moonen/C7_5_WTX/C7_5_WTX_R2.fastq.gz
C7_5	/g/steinmetz/STOCKS/Data/Assay/sequencing/2025/2025-05-22_AV233002_Moonen_2435445173/Samples/Moonen/C7_5_gRNA/C7_5_gRNA_R1.fastq.gz
C7_5	/g/steinmetz/STOCKS/Data/Assay/sequencing/2025/2025-05-22_AV233002_Moonen_2435445173/Samples/Moonen/C7_5_gRNA/C7_5_gRNA_R2.fastq.gz
C7_5	/g/steinmetz/STOCKS/Data/Assay/sequencing/2025/2025-05-22_AV233002_Moonen_2435445173/Samples/Moonen/C7_5_WTX/C7_5_WTX_R1.fastq.gz
C7_5	/g/steinmetz/STOCKS/Data/Assay/sequencing/2025/2025-05-22_AV233002_Moonen_2435445173/Samples/Moonen/C7_5_WTX/C7_5_WTX_R2.fastq.gz
C7_5	/g/steinmetz/STOCKS/Data/Assay/sequencing/2025/2025-05-22_AV233002_Moonen_2438628708/Samples/Moonen/C7_5_gRNA/C7_5_gRNA_R1.fastq.gz
C7_5	/g/steinmetz/STOCKS/Data/Assay/sequencing/2025/2025-05-22_AV233002_Moonen_2438628708/Samples/Moonen/C7_5_gRNA/C7_5_gRNA_R2.fastq.gz
C7_5	/g/steinmetz/STOCKS/Data/Assay/sequencing/2025/2025-05-22_AV233002_Moonen_2438628708/Samples/Moonen/C7_5_WTX/C7_5_WTX_R1.fastq.gz
C7_5	/g/steinmetz/STOCKS/Data/Assay/sequencing/2025/2025-05-22_AV233002_Moonen_2438628708/Samples/Moonen/C7_5_WTX/C7_5_WTX_R2.fastq.gz
C7_5	/g/steinmetz/STOCKS/Data/Assay/sequencing/2025/2025-05-24_AV233002_Moonen_2435559889/Samples/Moonen/C7_5_gRNA/C7_5_gRNA_R1.fastq.gz
C7_5	/g/steinmetz/STOCKS/Data/Assay/sequencing/2025/2025-05-24_AV233002_Moonen_2435559889/Samples/Moonen/C7_5_gRNA/C7_5_gRNA_R2.fastq.gz
C7_5	/g/steinmetz/STOCKS/Data/Assay/sequencing/2025/2025-05-24_AV233002_Moonen_2435559889/Samples/Moonen/C7_5_WTX/C7_5_WTX_R1.fastq.gz
C7_5	/g/steinmetz/STOCKS/Data/Assay/sequencing/2025/2025-05-24_AV233002_Moonen_2435559889/Samples/Moonen/C7_5_WTX/C7_5_WTX_R2.fastq.gz
C7_5	/g/steinmetz/STOCKS/Data/Assay/sequencing/2025/2025-05-24_AV233002_Moonen_2435699680/Samples/Moonen/C7_5_gRNA/C7_5_gRNA_R1.fastq.gz
C7_5	/g/steinmetz/STOCKS/Data/Assay/sequencing/2025/2025-05-24_AV233002_Moonen_2435699680/Samples/Moonen/C7_5_gRNA/C7_5_gRNA_R2.fastq.gz
C7_5	/g/steinmetz/STOCKS/Data/Assay/sequencing/2025/2025-05-24_AV233002_Moonen_2435699680/Samples/Moonen/C7_5_WTX/C7_5_WTX_R1.fastq.gz
C7_5	/g/steinmetz/STOCKS/Data/Assay/sequencing/2025/2025-05-24_AV233002_Moonen_2435699680/Samples/Moonen/C7_5_WTX/C7_5_WTX_R2.fastq.gz
C7_5	/g/steinmetz/STOCKS/Data/Assay/sequencing/2025/2025-05-26_AV233002_Moonen_2435464495/Samples/Moonen/C7_5_gRNA/C7_5_gRNA_R1.fastq.gz
C7_5	/g/steinmetz/STOCKS/Data/Assay/sequencing/2025/2025-05-26_AV233002_Moonen_2435464495/Samples/Moonen/C7_5_gRNA/C7_5_gRNA_R2.fastq.gz
C7_5	/g/steinmetz/STOCKS/Data/Assay/sequencing/2025/2025-05-26_AV233002_Moonen_2435464495/Samples/Moonen/C7_5_WTX/C7_5_WTX_R1.fastq.gz
C7_5	/g/steinmetz/STOCKS/Data/Assay/sequencing/2025/2025-05-26_AV233002_Moonen_2435464495/Samples/Moonen/C7_5_WTX/C7_5_WTX_R2.fastq.gz
C7_6	/g/steinmetz/STOCKS/Data/Assay/sequencing/2025/2025-05-14_AV233002_Moonen_2438489511/Samples/Moonen/C7_6_gRNA/C7_6_gRNA_R1.fastq.gz
C7_6	/g/steinmetz/STOCKS/Data/Assay/sequencing/2025/2025-05-14_AV233002_Moonen_2438489511/Samples/Moonen/C7_6_gRNA/C7_6_gRNA_R2.fastq.gz
C7_6	/g/steinmetz/STOCKS/Data/Assay/sequencing/2025/2025-05-14_AV233002_Moonen_2438489511/Samples/Moonen/C7_6_WTX/C7_6_WTX_R1.fastq.gz
C7_6	/g/steinmetz/STOCKS/Data/Assay/sequencing/2025/2025-05-14_AV233002_Moonen_2438489511/Samples/Moonen/C7_6_WTX/C7_6_WTX_R2.fastq.gz
C7_6	/g/steinmetz/STOCKS/Data/Assay/sequencing/2025/2025-05-14_AV233002_Moonen_2438644260/Samples/Moonen/C7_6_gRNA/C7_6_gRNA_R1.fastq.gz
C7_6	/g/steinmetz/STOCKS/Data/Assay/sequencing/2025/2025-05-14_AV233002_Moonen_2438644260/Samples/Moonen/C7_6_gRNA/C7_6_gRNA_R2.fastq.gz
C7_6	/g/steinmetz/STOCKS/Data/Assay/sequencing/2025/2025-05-14_AV233002_Moonen_2438644260/Samples/Moonen/C7_6_WTX/C7_6_WTX_R1.fastq.gz
C7_6	/g/steinmetz/STOCKS/Data/Assay/sequencing/2025/2025-05-14_AV233002_Moonen_2438644260/Samples/Moonen/C7_6_WTX/C7_6_WTX_R2.fastq.gz
C7_6	/g/steinmetz/STOCKS/Data/Assay/sequencing/2025/2025-05-17_AV233002_Moonen_2438452623/Samples/Moonen/C7_6_gRNA/C7_6_gRNA_R1.fastq.gz
C7_6	/g/steinmetz/STOCKS/Data/Assay/sequencing/2025/2025-05-17_AV233002_Moonen_2438452623/Samples/Moonen/C7_6_gRNA/C7_6_gRNA_R2.fastq.gz
C7_6	/g/steinmetz/STOCKS/Data/Assay/sequencing/2025/2025-05-17_AV233002_Moonen_2438452623/Samples/Moonen/C7_6_WTX/C7_6_WTX_R1.fastq.gz
C7_6	/g/steinmetz/STOCKS/Data/Assay/sequencing/2025/2025-05-17_AV233002_Moonen_2438452623/Samples/Moonen/C7_6_WTX/C7_6_WTX_R2.fastq.gz
C7_6	/g/steinmetz/STOCKS/Data/Assay/sequencing/2025/2025-05-17_AV233002_Moonen_2438572935/Samples/Moonen/C7_6_gRNA/C7_6_gRNA_R1.fastq.gz
C7_6	/g/steinmetz/STOCKS/Data/Assay/sequencing/2025/2025-05-17_AV233002_Moonen_2438572935/Samples/Moonen/C7_6_gRNA/C7_6_gRNA_R2.fastq.gz
C7_6	/g/steinmetz/STOCKS/Data/Assay/sequencing/2025/2025-05-17_AV233002_Moonen_2438572935/Samples/Moonen/C7_6_WTX/C7_6_WTX_R1.fastq.gz
C7_6	/g/steinmetz/STOCKS/Data/Assay/sequencing/2025/2025-05-17_AV233002_Moonen_2438572935/Samples/Moonen/C7_6_WTX/C7_6_WTX_R2.fastq.gz
C7_6	/g/steinmetz/STOCKS/Data/Assay/sequencing/2025/2025-05-18_AV233002_Moonen_2438505999/Samples/Moonen/C7_6_gRNA/C7_6_gRNA_R1.fastq.gz
C7_6	/g/steinmetz/STOCKS/Data/Assay/sequencing/2025/2025-05-18_AV233002_Moonen_2438505999/Samples/Moonen/C7_6_gRNA/C7_6_gRNA_R2.fastq.gz
C7_6	/g/steinmetz/STOCKS/Data/Assay/sequencing/2025/2025-05-18_AV233002_Moonen_2438505999/Samples/Moonen/C7_6_WTX/C7_6_WTX_R1.fastq.gz
C7_6	/g/steinmetz/STOCKS/Data/Assay/sequencing/2025/2025-05-18_AV233002_Moonen_2438505999/Samples/Moonen/C7_6_WTX/C7_6_WTX_R2.fastq.gz
C7_6	/g/steinmetz/STOCKS/Data/Assay/sequencing/2025/2025-05-18_AV233002_Moonen_2438695442/Samples/Moonen/C7_6_gRNA/C7_6_gRNA_R1.fastq.gz
C7_6	/g/steinmetz/STOCKS/Data/Assay/sequencing/2025/2025-05-18_AV233002_Moonen_2438695442/Samples/Moonen/C7_6_gRNA/C7_6_gRNA_R2.fastq.gz
C7_6	/g/steinmetz/STOCKS/Data/Assay/sequencing/2025/2025-05-18_AV233002_Moonen_2438695442/Samples/Moonen/C7_6_WTX/C7_6_WTX_R1.fastq.gz
C7_6	/g/steinmetz/STOCKS/Data/Assay/sequencing/2025/2025-05-18_AV233002_Moonen_2438695442/Samples/Moonen/C7_6_WTX/C7_6_WTX_R2.fastq.gz
C7_6	/g/steinmetz/STOCKS/Data/Assay/sequencing/2025/2025-05-20_AV233002_Moonen_2437409943/Samples/Moonen/C7_6_gRNA/C7_6_gRNA_R1.fastq.gz
C7_6	/g/steinmetz/STOCKS/Data/Assay/sequencing/2025/2025-05-20_AV233002_Moonen_2437409943/Samples/Moonen/C7_6_gRNA/C7_6_gRNA_R2.fastq.gz
C7_6	/g/steinmetz/STOCKS/Data/Assay/sequencing/2025/2025-05-20_AV233002_Moonen_2437409943/Samples/Moonen/C7_6_WTX/C7_6_WTX_R1.fastq.gz
C7_6	/g/steinmetz/STOCKS/Data/Assay/sequencing/2025/2025-05-20_AV233002_Moonen_2437409943/Samples/Moonen/C7_6_WTX/C7_6_WTX_R2.fastq.gz
C7_6	/g/steinmetz/STOCKS/Data/Assay/sequencing/2025/2025-05-20_AV233002_Moonen_2438562601/Samples/Moonen/C7_6_gRNA/C7_6_gRNA_R1.fastq.gz
C7_6	/g/steinmetz/STOCKS/Data/Assay/sequencing/2025/2025-05-20_AV233002_Moonen_2438562601/Samples/Moonen/C7_6_gRNA/C7_6_gRNA_R2.fastq.gz
C7_6	/g/steinmetz/STOCKS/Data/Assay/sequencing/2025/2025-05-20_AV233002_Moonen_2438562601/Samples/Moonen/C7_6_WTX/C7_6_WTX_R1.fastq.gz
C7_6	/g/steinmetz/STOCKS/Data/Assay/sequencing/2025/2025-05-20_AV233002_Moonen_2438562601/Samples/Moonen/C7_6_WTX/C7_6_WTX_R2.fastq.gz
C7_6	/g/steinmetz/STOCKS/Data/Assay/sequencing/2025/2025-05-22_AV233002_Moonen_2435445173/Samples/Moonen/C7_6_gRNA/C7_6_gRNA_R1.fastq.gz
C7_6	/g/steinmetz/STOCKS/Data/Assay/sequencing/2025/2025-05-22_AV233002_Moonen_2435445173/Samples/Moonen/C7_6_gRNA/C7_6_gRNA_R2.fastq.gz
C7_6	/g/steinmetz/STOCKS/Data/Assay/sequencing/2025/2025-05-22_AV233002_Moonen_2435445173/Samples/Moonen/C7_6_WTX/C7_6_WTX_R1.fastq.gz
C7_6	/g/steinmetz/STOCKS/Data/Assay/sequencing/2025/2025-05-22_AV233002_Moonen_2435445173/Samples/Moonen/C7_6_WTX/C7_6_WTX_R2.fastq.gz
C7_6	/g/steinmetz/STOCKS/Data/Assay/sequencing/2025/2025-05-22_AV233002_Moonen_2438628708/Samples/Moonen/C7_6_gRNA/C7_6_gRNA_R1.fastq.gz
C7_6	/g/steinmetz/STOCKS/Data/Assay/sequencing/2025/2025-05-22_AV233002_Moonen_2438628708/Samples/Moonen/C7_6_gRNA/C7_6_gRNA_R2.fastq.gz
C7_6	/g/steinmetz/STOCKS/Data/Assay/sequencing/2025/2025-05-22_AV233002_Moonen_2438628708/Samples/Moonen/C7_6_WTX/C7_6_WTX_R1.fastq.gz
C7_6	/g/steinmetz/STOCKS/Data/Assay/sequencing/2025/2025-05-22_AV233002_Moonen_2438628708/Samples/Moonen/C7_6_WTX/C7_6_WTX_R2.fastq.gz
C7_6	/g/steinmetz/STOCKS/Data/Assay/sequencing/2025/2025-05-24_AV233002_Moonen_2435559889/Samples/Moonen/C7_6_gRNA/C7_6_gRNA_R1.fastq.gz
C7_6	/g/steinmetz/STOCKS/Data/Assay/sequencing/2025/2025-05-24_AV233002_Moonen_2435559889/Samples/Moonen/C7_6_gRNA/C7_6_gRNA_R2.fastq.gz
C7_6	/g/steinmetz/STOCKS/Data/Assay/sequencing/2025/2025-05-24_AV233002_Moonen_2435559889/Samples/Moonen/C7_6_WTX/C7_6_WTX_R1.fastq.gz
C7_6	/g/steinmetz/STOCKS/Data/Assay/sequencing/2025/2025-05-24_AV233002_Moonen_2435559889/Samples/Moonen/C7_6_WTX/C7_6_WTX_R2.fastq.gz
C7_6	/g/steinmetz/STOCKS/Data/Assay/sequencing/2025/2025-05-24_AV233002_Moonen_2435699680/Samples/Moonen/C7_6_gRNA/C7_6_gRNA_R1.fastq.gz
C7_6	/g/steinmetz/STOCKS/Data/Assay/sequencing/2025/2025-05-24_AV233002_Moonen_2435699680/Samples/Moonen/C7_6_gRNA/C7_6_gRNA_R2.fastq.gz
C7_6	/g/steinmetz/STOCKS/Data/Assay/sequencing/2025/2025-05-24_AV233002_Moonen_2435699680/Samples/Moonen/C7_6_WTX/C7_6_WTX_R1.fastq.gz
C7_6	/g/steinmetz/STOCKS/Data/Assay/sequencing/2025/2025-05-24_AV233002_Moonen_2435699680/Samples/Moonen/C7_6_WTX/C7_6_WTX_R2.fastq.gz
C7_6	/g/steinmetz/STOCKS/Data/Assay/sequencing/2025/2025-05-26_AV233002_Moonen_2435464495/Samples/Moonen/C7_6_gRNA/C7_6_gRNA_R1.fastq.gz
C7_6	/g/steinmetz/STOCKS/Data/Assay/sequencing/2025/2025-05-26_AV233002_Moonen_2435464495/Samples/Moonen/C7_6_gRNA/C7_6_gRNA_R2.fastq.gz
C7_6	/g/steinmetz/STOCKS/Data/Assay/sequencing/2025/2025-05-26_AV233002_Moonen_2435464495/Samples/Moonen/C7_6_WTX/C7_6_WTX_R1.fastq.gz
C7_6	/g/steinmetz/STOCKS/Data/Assay/sequencing/2025/2025-05-26_AV233002_Moonen_2435464495/Samples/Moonen/C7_6_WTX/C7_6_WTX_R2.fastq.gz
C7_7	/g/steinmetz/STOCKS/Data/Assay/sequencing/2025/2025-05-14_AV233002_Moonen_2438489511/Samples/Moonen/C7_7_gRNA/C7_7_gRNA_R1.fastq.gz
C7_7	/g/steinmetz/STOCKS/Data/Assay/sequencing/2025/2025-05-14_AV233002_Moonen_2438489511/Samples/Moonen/C7_7_gRNA/C7_7_gRNA_R2.fastq.gz
C7_7	/g/steinmetz/STOCKS/Data/Assay/sequencing/2025/2025-05-14_AV233002_Moonen_2438489511/Samples/Moonen/C7_7_WTX/C7_7_WTX_R1.fastq.gz
C7_7	/g/steinmetz/STOCKS/Data/Assay/sequencing/2025/2025-05-14_AV233002_Moonen_2438489511/Samples/Moonen/C7_7_WTX/C7_7_WTX_R2.fastq.gz
C7_7	/g/steinmetz/STOCKS/Data/Assay/sequencing/2025/2025-05-14_AV233002_Moonen_2438644260/Samples/Moonen/C7_7_gRNA/C7_7_gRNA_R1.fastq.gz
C7_7	/g/steinmetz/STOCKS/Data/Assay/sequencing/2025/2025-05-14_AV233002_Moonen_2438644260/Samples/Moonen/C7_7_gRNA/C7_7_gRNA_R2.fastq.gz
C7_7	/g/steinmetz/STOCKS/Data/Assay/sequencing/2025/2025-05-14_AV233002_Moonen_2438644260/Samples/Moonen/C7_7_WTX/C7_7_WTX_R1.fastq.gz
C7_7	/g/steinmetz/STOCKS/Data/Assay/sequencing/2025/2025-05-14_AV233002_Moonen_2438644260/Samples/Moonen/C7_7_WTX/C7_7_WTX_R2.fastq.gz
C7_7	/g/steinmetz/STOCKS/Data/Assay/sequencing/2025/2025-05-17_AV233002_Moonen_2438452623/Samples/Moonen/C7_7_gRNA/C7_7_gRNA_R1.fastq.gz
C7_7	/g/steinmetz/STOCKS/Data/Assay/sequencing/2025/2025-05-17_AV233002_Moonen_2438452623/Samples/Moonen/C7_7_gRNA/C7_7_gRNA_R2.fastq.gz
C7_7	/g/steinmetz/STOCKS/Data/Assay/sequencing/2025/2025-05-17_AV233002_Moonen_2438452623/Samples/Moonen/C7_7_WTX/C7_7_WTX_R1.fastq.gz
C7_7	/g/steinmetz/STOCKS/Data/Assay/sequencing/2025/2025-05-17_AV233002_Moonen_2438452623/Samples/Moonen/C7_7_WTX/C7_7_WTX_R2.fastq.gz
C7_7	/g/steinmetz/STOCKS/Data/Assay/sequencing/2025/2025-05-17_AV233002_Moonen_2438572935/Samples/Moonen/C7_7_gRNA/C7_7_gRNA_R1.fastq.gz
C7_7	/g/steinmetz/STOCKS/Data/Assay/sequencing/2025/2025-05-17_AV233002_Moonen_2438572935/Samples/Moonen/C7_7_gRNA/C7_7_gRNA_R2.fastq.gz
C7_7	/g/steinmetz/STOCKS/Data/Assay/sequencing/2025/2025-05-17_AV233002_Moonen_2438572935/Samples/Moonen/C7_7_WTX/C7_7_WTX_R1.fastq.gz
C7_7	/g/steinmetz/STOCKS/Data/Assay/sequencing/2025/2025-05-17_AV233002_Moonen_2438572935/Samples/Moonen/C7_7_WTX/C7_7_WTX_R2.fastq.gz
C7_7	/g/steinmetz/STOCKS/Data/Assay/sequencing/2025/2025-05-18_AV233002_Moonen_2438505999/Samples/Moonen/C7_7_gRNA/C7_7_gRNA_R1.fastq.gz
C7_7	/g/steinmetz/STOCKS/Data/Assay/sequencing/2025/2025-05-18_AV233002_Moonen_2438505999/Samples/Moonen/C7_7_gRNA/C7_7_gRNA_R2.fastq.gz
C7_7	/g/steinmetz/STOCKS/Data/Assay/sequencing/2025/2025-05-18_AV233002_Moonen_2438505999/Samples/Moonen/C7_7_WTX/C7_7_WTX_R1.fastq.gz
C7_7	/g/steinmetz/STOCKS/Data/Assay/sequencing/2025/2025-05-18_AV233002_Moonen_2438505999/Samples/Moonen/C7_7_WTX/C7_7_WTX_R2.fastq.gz
C7_7	/g/steinmetz/STOCKS/Data/Assay/sequencing/2025/2025-05-18_AV233002_Moonen_2438695442/Samples/Moonen/C7_7_gRNA/C7_7_gRNA_R1.fastq.gz
C7_7	/g/steinmetz/STOCKS/Data/Assay/sequencing/2025/2025-05-18_AV233002_Moonen_2438695442/Samples/Moonen/C7_7_gRNA/C7_7_gRNA_R2.fastq.gz
C7_7	/g/steinmetz/STOCKS/Data/Assay/sequencing/2025/2025-05-18_AV233002_Moonen_2438695442/Samples/Moonen/C7_7_WTX/C7_7_WTX_R1.fastq.gz
C7_7	/g/steinmetz/STOCKS/Data/Assay/sequencing/2025/2025-05-18_AV233002_Moonen_2438695442/Samples/Moonen/C7_7_WTX/C7_7_WTX_R2.fastq.gz
C7_7	/g/steinmetz/STOCKS/Data/Assay/sequencing/2025/2025-05-20_AV233002_Moonen_2437409943/Samples/Moonen/C7_7_gRNA/C7_7_gRNA_R1.fastq.gz
C7_7	/g/steinmetz/STOCKS/Data/Assay/sequencing/2025/2025-05-20_AV233002_Moonen_2437409943/Samples/Moonen/C7_7_gRNA/C7_7_gRNA_R2.fastq.gz
C7_7	/g/steinmetz/STOCKS/Data/Assay/sequencing/2025/2025-05-20_AV233002_Moonen_2437409943/Samples/Moonen/C7_7_WTX/C7_7_WTX_R1.fastq.gz
C7_7	/g/steinmetz/STOCKS/Data/Assay/sequencing/2025/2025-05-20_AV233002_Moonen_2437409943/Samples/Moonen/C7_7_WTX/C7_7_WTX_R2.fastq.gz
C7_7	/g/steinmetz/STOCKS/Data/Assay/sequencing/2025/2025-05-20_AV233002_Moonen_2438562601/Samples/Moonen/C7_7_gRNA/C7_7_gRNA_R1.fastq.gz
C7_7	/g/steinmetz/STOCKS/Data/Assay/sequencing/2025/2025-05-20_AV233002_Moonen_2438562601/Samples/Moonen/C7_7_gRNA/C7_7_gRNA_R2.fastq.gz
C7_7	/g/steinmetz/STOCKS/Data/Assay/sequencing/2025/2025-05-20_AV233002_Moonen_2438562601/Samples/Moonen/C7_7_WTX/C7_7_WTX_R1.fastq.gz
C7_7	/g/steinmetz/STOCKS/Data/Assay/sequencing/2025/2025-05-20_AV233002_Moonen_2438562601/Samples/Moonen/C7_7_WTX/C7_7_WTX_R2.fastq.gz
C7_7	/g/steinmetz/STOCKS/Data/Assay/sequencing/2025/2025-05-22_AV233002_Moonen_2435445173/Samples/Moonen/C7_7_gRNA/C7_7_gRNA_R1.fastq.gz
C7_7	/g/steinmetz/STOCKS/Data/Assay/sequencing/2025/2025-05-22_AV233002_Moonen_2435445173/Samples/Moonen/C7_7_gRNA/C7_7_gRNA_R2.fastq.gz
C7_7	/g/steinmetz/STOCKS/Data/Assay/sequencing/2025/2025-05-22_AV233002_Moonen_2435445173/Samples/Moonen/C7_7_WTX/C7_7_WTX_R1.fastq.gz
C7_7	/g/steinmetz/STOCKS/Data/Assay/sequencing/2025/2025-05-22_AV233002_Moonen_2435445173/Samples/Moonen/C7_7_WTX/C7_7_WTX_R2.fastq.gz
C7_7	/g/steinmetz/STOCKS/Data/Assay/sequencing/2025/2025-05-22_AV233002_Moonen_2438628708/Samples/Moonen/C7_7_gRNA/C7_7_gRNA_R1.fastq.gz
C7_7	/g/steinmetz/STOCKS/Data/Assay/sequencing/2025/2025-05-22_AV233002_Moonen_2438628708/Samples/Moonen/C7_7_gRNA/C7_7_gRNA_R2.fastq.gz
C7_7	/g/steinmetz/STOCKS/Data/Assay/sequencing/2025/2025-05-22_AV233002_Moonen_2438628708/Samples/Moonen/C7_7_WTX/C7_7_WTX_R1.fastq.gz
C7_7	/g/steinmetz/STOCKS/Data/Assay/sequencing/2025/2025-05-22_AV233002_Moonen_2438628708/Samples/Moonen/C7_7_WTX/C7_7_WTX_R2.fastq.gz
C7_7	/g/steinmetz/STOCKS/Data/Assay/sequencing/2025/2025-05-24_AV233002_Moonen_2435559889/Samples/Moonen/C7_7_gRNA/C7_7_gRNA_R1.fastq.gz
C7_7	/g/steinmetz/STOCKS/Data/Assay/sequencing/2025/2025-05-24_AV233002_Moonen_2435559889/Samples/Moonen/C7_7_gRNA/C7_7_gRNA_R2.fastq.gz
C7_7	/g/steinmetz/STOCKS/Data/Assay/sequencing/2025/2025-05-24_AV233002_Moonen_2435559889/Samples/Moonen/C7_7_WTX/C7_7_WTX_R1.fastq.gz
C7_7	/g/steinmetz/STOCKS/Data/Assay/sequencing/2025/2025-05-24_AV233002_Moonen_2435559889/Samples/Moonen/C7_7_WTX/C7_7_WTX_R2.fastq.gz
C7_7	/g/steinmetz/STOCKS/Data/Assay/sequencing/2025/2025-05-24_AV233002_Moonen_2435699680/Samples/Moonen/C7_7_gRNA/C7_7_gRNA_R1.fastq.gz
C7_7	/g/steinmetz/STOCKS/Data/Assay/sequencing/2025/2025-05-24_AV233002_Moonen_2435699680/Samples/Moonen/C7_7_gRNA/C7_7_gRNA_R2.fastq.gz
C7_7	/g/steinmetz/STOCKS/Data/Assay/sequencing/2025/2025-05-24_AV233002_Moonen_2435699680/Samples/Moonen/C7_7_WTX/C7_7_WTX_R1.fastq.gz
C7_7	/g/steinmetz/STOCKS/Data/Assay/sequencing/2025/2025-05-24_AV233002_Moonen_2435699680/Samples/Moonen/C7_7_WTX/C7_7_WTX_R2.fastq.gz
C7_7	/g/steinmetz/STOCKS/Data/Assay/sequencing/2025/2025-05-26_AV233002_Moonen_2435464495/Samples/Moonen/C7_7_gRNA/C7_7_gRNA_R1.fastq.gz
C7_7	/g/steinmetz/STOCKS/Data/Assay/sequencing/2025/2025-05-26_AV233002_Moonen_2435464495/Samples/Moonen/C7_7_gRNA/C7_7_gRNA_R2.fastq.gz
C7_7	/g/steinmetz/STOCKS/Data/Assay/sequencing/2025/2025-05-26_AV233002_Moonen_2435464495/Samples/Moonen/C7_7_WTX/C7_7_WTX_R1.fastq.gz
C7_7	/g/steinmetz/STOCKS/Data/Assay/sequencing/2025/2025-05-26_AV233002_Moonen_2435464495/Samples/Moonen/C7_7_WTX/C7_7_WTX_R2.fastq.gz
C7_8	/g/steinmetz/STOCKS/Data/Assay/sequencing/2025/2025-05-14_AV233002_Moonen_2438489511/Samples/Moonen/C7_8_gRNA/C7_8_gRNA_R1.fastq.gz
C7_8	/g/steinmetz/STOCKS/Data/Assay/sequencing/2025/2025-05-14_AV233002_Moonen_2438489511/Samples/Moonen/C7_8_gRNA/C7_8_gRNA_R2.fastq.gz
C7_8	/g/steinmetz/STOCKS/Data/Assay/sequencing/2025/2025-05-14_AV233002_Moonen_2438489511/Samples/Moonen/C7_8_WTX/C7_8_WTX_R1.fastq.gz
C7_8	/g/steinmetz/STOCKS/Data/Assay/sequencing/2025/2025-05-14_AV233002_Moonen_2438489511/Samples/Moonen/C7_8_WTX/C7_8_WTX_R2.fastq.gz
C7_8	/g/steinmetz/STOCKS/Data/Assay/sequencing/2025/2025-05-14_AV233002_Moonen_2438644260/Samples/Moonen/C7_8_gRNA/C7_8_gRNA_R1.fastq.gz
C7_8	/g/steinmetz/STOCKS/Data/Assay/sequencing/2025/2025-05-14_AV233002_Moonen_2438644260/Samples/Moonen/C7_8_gRNA/C7_8_gRNA_R2.fastq.gz
C7_8	/g/steinmetz/STOCKS/Data/Assay/sequencing/2025/2025-05-14_AV233002_Moonen_2438644260/Samples/Moonen/C7_8_WTX/C7_8_WTX_R1.fastq.gz
C7_8	/g/steinmetz/STOCKS/Data/Assay/sequencing/2025/2025-05-14_AV233002_Moonen_2438644260/Samples/Moonen/C7_8_WTX/C7_8_WTX_R2.fastq.gz
C7_8	/g/steinmetz/STOCKS/Data/Assay/sequencing/2025/2025-05-17_AV233002_Moonen_2438452623/Samples/Moonen/C7_8_gRNA/C7_8_gRNA_R1.fastq.gz
C7_8	/g/steinmetz/STOCKS/Data/Assay/sequencing/2025/2025-05-17_AV233002_Moonen_2438452623/Samples/Moonen/C7_8_gRNA/C7_8_gRNA_R2.fastq.gz
C7_8	/g/steinmetz/STOCKS/Data/Assay/sequencing/2025/2025-05-17_AV233002_Moonen_2438452623/Samples/Moonen/C7_8_WTX/C7_8_WTX_R1.fastq.gz
C7_8	/g/steinmetz/STOCKS/Data/Assay/sequencing/2025/2025-05-17_AV233002_Moonen_2438452623/Samples/Moonen/C7_8_WTX/C7_8_WTX_R2.fastq.gz
C7_8	/g/steinmetz/STOCKS/Data/Assay/sequencing/2025/2025-05-17_AV233002_Moonen_2438572935/Samples/Moonen/C7_8_gRNA/C7_8_gRNA_R1.fastq.gz
C7_8	/g/steinmetz/STOCKS/Data/Assay/sequencing/2025/2025-05-17_AV233002_Moonen_2438572935/Samples/Moonen/C7_8_gRNA/C7_8_gRNA_R2.fastq.gz
C7_8	/g/steinmetz/STOCKS/Data/Assay/sequencing/2025/2025-05-17_AV233002_Moonen_2438572935/Samples/Moonen/C7_8_WTX/C7_8_WTX_R1.fastq.gz
C7_8	/g/steinmetz/STOCKS/Data/Assay/sequencing/2025/2025-05-17_AV233002_Moonen_2438572935/Samples/Moonen/C7_8_WTX/C7_8_WTX_R2.fastq.gz
C7_8	/g/steinmetz/STOCKS/Data/Assay/sequencing/2025/2025-05-18_AV233002_Moonen_2438505999/Samples/Moonen/C7_8_gRNA/C7_8_gRNA_R1.fastq.gz
C7_8	/g/steinmetz/STOCKS/Data/Assay/sequencing/2025/2025-05-18_AV233002_Moonen_2438505999/Samples/Moonen/C7_8_gRNA/C7_8_gRNA_R2.fastq.gz
C7_8	/g/steinmetz/STOCKS/Data/Assay/sequencing/2025/2025-05-18_AV233002_Moonen_2438505999/Samples/Moonen/C7_8_WTX/C7_8_WTX_R1.fastq.gz
C7_8	/g/steinmetz/STOCKS/Data/Assay/sequencing/2025/2025-05-18_AV233002_Moonen_2438505999/Samples/Moonen/C7_8_WTX/C7_8_WTX_R2.fastq.gz
C7_8	/g/steinmetz/STOCKS/Data/Assay/sequencing/2025/2025-05-18_AV233002_Moonen_2438695442/Samples/Moonen/C7_8_gRNA/C7_8_gRNA_R1.fastq.gz
C7_8	/g/steinmetz/STOCKS/Data/Assay/sequencing/2025/2025-05-18_AV233002_Moonen_2438695442/Samples/Moonen/C7_8_gRNA/C7_8_gRNA_R2.fastq.gz
C7_8	/g/steinmetz/STOCKS/Data/Assay/sequencing/2025/2025-05-18_AV233002_Moonen_2438695442/Samples/Moonen/C7_8_WTX/C7_8_WTX_R1.fastq.gz
C7_8	/g/steinmetz/STOCKS/Data/Assay/sequencing/2025/2025-05-18_AV233002_Moonen_2438695442/Samples/Moonen/C7_8_WTX/C7_8_WTX_R2.fastq.gz
C7_8	/g/steinmetz/STOCKS/Data/Assay/sequencing/2025/2025-05-20_AV233002_Moonen_2437409943/Samples/Moonen/C7_8_gRNA/C7_8_gRNA_R1.fastq.gz
C7_8	/g/steinmetz/STOCKS/Data/Assay/sequencing/2025/2025-05-20_AV233002_Moonen_2437409943/Samples/Moonen/C7_8_gRNA/C7_8_gRNA_R2.fastq.gz
C7_8	/g/steinmetz/STOCKS/Data/Assay/sequencing/2025/2025-05-20_AV233002_Moonen_2437409943/Samples/Moonen/C7_8_WTX/C7_8_WTX_R1.fastq.gz
C7_8	/g/steinmetz/STOCKS/Data/Assay/sequencing/2025/2025-05-20_AV233002_Moonen_2437409943/Samples/Moonen/C7_8_WTX/C7_8_WTX_R2.fastq.gz
C7_8	/g/steinmetz/STOCKS/Data/Assay/sequencing/2025/2025-05-20_AV233002_Moonen_2438562601/Samples/Moonen/C7_8_gRNA/C7_8_gRNA_R1.fastq.gz
C7_8	/g/steinmetz/STOCKS/Data/Assay/sequencing/2025/2025-05-20_AV233002_Moonen_2438562601/Samples/Moonen/C7_8_gRNA/C7_8_gRNA_R2.fastq.gz
C7_8	/g/steinmetz/STOCKS/Data/Assay/sequencing/2025/2025-05-20_AV233002_Moonen_2438562601/Samples/Moonen/C7_8_WTX/C7_8_WTX_R1.fastq.gz
C7_8	/g/steinmetz/STOCKS/Data/Assay/sequencing/2025/2025-05-20_AV233002_Moonen_2438562601/Samples/Moonen/C7_8_WTX/C7_8_WTX_R2.fastq.gz
C7_8	/g/steinmetz/STOCKS/Data/Assay/sequencing/2025/2025-05-22_AV233002_Moonen_2435445173/Samples/Moonen/C7_8_gRNA/C7_8_gRNA_R1.fastq.gz
C7_8	/g/steinmetz/STOCKS/Data/Assay/sequencing/2025/2025-05-22_AV233002_Moonen_2435445173/Samples/Moonen/C7_8_gRNA/C7_8_gRNA_R2.fastq.gz
C7_8	/g/steinmetz/STOCKS/Data/Assay/sequencing/2025/2025-05-22_AV233002_Moonen_2435445173/Samples/Moonen/C7_8_WTX/C7_8_WTX_R1.fastq.gz
C7_8	/g/steinmetz/STOCKS/Data/Assay/sequencing/2025/2025-05-22_AV233002_Moonen_2435445173/Samples/Moonen/C7_8_WTX/C7_8_WTX_R2.fastq.gz
C7_8	/g/steinmetz/STOCKS/Data/Assay/sequencing/2025/2025-05-22_AV233002_Moonen_2438628708/Samples/Moonen/C7_8_gRNA/C7_8_gRNA_R1.fastq.gz
C7_8	/g/steinmetz/STOCKS/Data/Assay/sequencing/2025/2025-05-22_AV233002_Moonen_2438628708/Samples/Moonen/C7_8_gRNA/C7_8_gRNA_R2.fastq.gz
C7_8	/g/steinmetz/STOCKS/Data/Assay/sequencing/2025/2025-05-22_AV233002_Moonen_2438628708/Samples/Moonen/C7_8_WTX/C7_8_WTX_R1.fastq.gz
C7_8	/g/steinmetz/STOCKS/Data/Assay/sequencing/2025/2025-05-22_AV233002_Moonen_2438628708/Samples/Moonen/C7_8_WTX/C7_8_WTX_R2.fastq.gz
C7_8	/g/steinmetz/STOCKS/Data/Assay/sequencing/2025/2025-05-24_AV233002_Moonen_2435559889/Samples/Moonen/C7_8_gRNA/C7_8_gRNA_R1.fastq.gz
C7_8	/g/steinmetz/STOCKS/Data/Assay/sequencing/2025/2025-05-24_AV233002_Moonen_2435559889/Samples/Moonen/C7_8_gRNA/C7_8_gRNA_R2.fastq.gz
C7_8	/g/steinmetz/STOCKS/Data/Assay/sequencing/2025/2025-05-24_AV233002_Moonen_2435559889/Samples/Moonen/C7_8_WTX/C7_8_WTX_R1.fastq.gz
C7_8	/g/steinmetz/STOCKS/Data/Assay/sequencing/2025/2025-05-24_AV233002_Moonen_2435559889/Samples/Moonen/C7_8_WTX/C7_8_WTX_R2.fastq.gz
C7_8	/g/steinmetz/STOCKS/Data/Assay/sequencing/2025/2025-05-24_AV233002_Moonen_2435699680/Samples/Moonen/C7_8_gRNA/C7_8_gRNA_R1.fastq.gz
C7_8	/g/steinmetz/STOCKS/Data/Assay/sequencing/2025/2025-05-24_AV233002_Moonen_2435699680/Samples/Moonen/C7_8_gRNA/C7_8_gRNA_R2.fastq.gz
C7_8	/g/steinmetz/STOCKS/Data/Assay/sequencing/2025/2025-05-24_AV233002_Moonen_2435699680/Samples/Moonen/C7_8_WTX/C7_8_WTX_R1.fastq.gz
C7_8	/g/steinmetz/STOCKS/Data/Assay/sequencing/2025/2025-05-24_AV233002_Moonen_2435699680/Samples/Moonen/C7_8_WTX/C7_8_WTX_R2.fastq.gz
C7_8	/g/steinmetz/STOCKS/Data/Assay/sequencing/2025/2025-05-26_AV233002_Moonen_2435464495/Samples/Moonen/C7_8_gRNA/C7_8_gRNA_R1.fastq.gz
C7_8	/g/steinmetz/STOCKS/Data/Assay/sequencing/2025/2025-05-26_AV233002_Moonen_2435464495/Samples/Moonen/C7_8_gRNA/C7_8_gRNA_R2.fastq.gz
C7_8	/g/steinmetz/STOCKS/Data/Assay/sequencing/2025/2025-05-26_AV233002_Moonen_2435464495/Samples/Moonen/C7_8_WTX/C7_8_WTX_R1.fastq.gz
C7_8	/g/steinmetz/STOCKS/Data/Assay/sequencing/2025/2025-05-26_AV233002_Moonen_2435464495/Samples/Moonen/C7_8_WTX/C7_8_WTX_R2.fastq.gz
B2_1	/g/steinmetz/project/otar_2063/promoter_screen/processing/trimmed_fastqs_pilot/PS_2_1_Cloudbreak/gRNA_Adept_R1_trimmed121.fastq.gz
B2_1	/g/steinmetz/project/otar_2063/promoter_screen/processing/trimmed_fastqs_pilot/PS_2_1_Cloudbreak/gRNA_Adept_R2_trimmed121.fastq.gz
B2_1	/g/steinmetz/project/otar_2063/promoter_screen/processing/trimmed_fastqs_pilot/PS_2_1_Cloudbreak/WTX_Adept_R1_trimmed121.fastq.gz
B2_1	/g/steinmetz/project/otar_2063/promoter_screen/processing/trimmed_fastqs_pilot/PS_2_1_Cloudbreak/WTX_Adept_R2_trimmed121.fastq.gz
B2_1	/g/steinmetz/project/otar_2063/promoter_screen/processing/trimmed_fastqs_pilot/PS_2_1_Freestyle/gRNA_FS_R1_trimmed121.fastq.gz
B2_1	/g/steinmetz/project/otar_2063/promoter_screen/processing/trimmed_fastqs_pilot/PS_2_1_Freestyle/gRNA_FS_R2_trimmed121.fastq.gz
B2_1	/g/steinmetz/project/otar_2063/promoter_screen/processing/trimmed_fastqs_pilot/PS_2_1_Freestyle/WTX_FS_R1_trimmed121.fastq.gz
B2_1	/g/steinmetz/project/otar_2063/promoter_screen/processing/trimmed_fastqs_pilot/PS_2_1_Freestyle/WTX_FS_R2_trimmed121.fastq.gz
B2_1	/g/steinmetz/project/otar_2063/promoter_screen/processing/trimmed_fastqs_pilot/PS_2_1_MitoXFreestyle/gRNA_R1_trimmed121.fastq.gz
B2_1	/g/steinmetz/project/otar_2063/promoter_screen/processing/trimmed_fastqs_pilot/PS_2_1_MitoXFreestyle/gRNA_R2_trimmed121.fastq.gz
B2_1	/g/steinmetz/project/otar_2063/promoter_screen/processing/trimmed_fastqs_pilot/PS_2_1_MitoXFreestyle/WTX_R1_trimmed121.fastq.gz
B2_1	/g/steinmetz/project/otar_2063/promoter_screen/processing/trimmed_fastqs_pilot/PS_2_1_MitoXFreestyle/WTX_R2_trimmed121.fastq.gz
